card_id,tx_count,total_amount,fraud_tx,velocity_hits,high_amount_hits,any_rule_hits,fraud_rate_card,rule_hit_rate,status,avg_fraud_score,max_fraud_score,tx_count_score,fraud_tx_score,any_rule_hits_score,combined_status
C000001,18,985.11,0,0,0,0,0.0,0.0,Low Risk,8.3121411479966e-05,0.0002460850386749,18,0,0,Low Risk
C000002,22,912.64,0,0,0,0,0.0,0.0,Low Risk,0.0010307823163105757,0.0034237244793558,22,0,0,Low Risk
C000003,17,682.78,0,0,0,0,0.0,0.0,Low Risk,6.912179759410626e-05,0.0003481584106047,17,0,0,Low Risk
C000004,29,1620.39,0,0,0,0,0.0,0.0,Low Risk,0.026704244979259543,0.0934413679642511,29,0,0,Low Risk
C000005,13,1129.93,0,0,0,0,0.0,0.0,Low Risk,1.3485389196124551e-05,4.939663946971097e-05,13,0,0,Low Risk
C000006,16,1437.85,0,0,0,0,0.0,0.0,Low Risk,5.1879360759431e-05,0.0001756539744954,16,0,0,Low Risk
C000007,18,2423.67,0,0,0,0,0.0,0.0,Low Risk,0.00011534438547245559,0.0004549500775982,18,0,0,Low Risk
C000008,27,1821.79,0,0,0,0,0.0,0.0,Low Risk,0.00934059004730723,0.055181916947845,27,0,0,Low Risk
C000009,16,1721.79,0,0,0,0,0.0,0.0,Low Risk,3.542295262227551e-05,0.0001931463650573,16,0,0,Low Risk
C000010,28,2055.17,0,0,0,0,0.0,0.0,Low Risk,0.014710649113834993,0.0568936423583177,28,0,0,Low Risk
C000011,26,2157.28,0,0,0,0,0.0,0.0,Low Risk,0.00628678740736593,0.0248569464231056,26,0,0,Low Risk
C000012,19,1498.15,0,0,0,0,0.0,0.0,Low Risk,0.00021343677160765346,0.0005958822894653,19,0,0,Low Risk
C000013,23,1955.34,0,0,0,0,0.0,0.0,Low Risk,0.002401381524085394,0.0069034028655469,23,0,0,Low Risk
C000014,23,1989.77,0,0,0,0,0.0,0.0,Low Risk,0.0008216982011632627,0.0054476186430817,23,0,0,Low Risk
C000015,29,1757.26,0,0,0,0,0.0,0.0,Low Risk,0.021357005262221136,0.0781806371896481,29,0,0,Low Risk
C000016,25,2251.74,0,0,0,0,0.0,0.0,Low Risk,0.004564380063655571,0.0153170150362044,25,0,0,Low Risk
C000017,21,2159.13,0,0,0,0,0.0,0.0,Low Risk,0.0004371577815954757,0.0014878954661658,21,0,0,Low Risk
C000018,14,1002.07,0,0,0,0,0.0,0.0,Low Risk,3.5579711492868236e-05,8.642371627581288e-05,14,0,0,Low Risk
C000019,20,2763.75,0,0,0,0,0.0,0.0,Low Risk,0.0004946695013684755,0.005103288786912,20,0,0,Low Risk
C000020,18,1665.74,0,0,0,0,0.0,0.0,Low Risk,0.00017513761348228837,0.0010117591593839,18,0,0,Low Risk
C000021,15,1119.16,0,0,0,0,0.0,0.0,Low Risk,3.06953035203735e-05,0.0001195715563389,15,0,0,Low Risk
C000022,15,1310.97,0,0,0,0,0.0,0.0,Low Risk,3.3283359436602836e-05,0.0001578304063546,15,0,0,Low Risk
C000023,25,1514.94,0,0,0,0,0.0,0.0,Low Risk,0.003506302431141821,0.0104276570942998,25,0,0,Low Risk
C000024,17,1870.35,0,0,0,0,0.0,0.0,Low Risk,7.420761579548903e-05,0.0002647310166976,17,0,0,Low Risk
C000025,21,1623.71,0,0,0,0,0.0,0.0,Low Risk,0.0005848046831459506,0.0020555915307715,21,0,0,Low Risk
C000026,22,1951.12,0,0,0,0,0.0,0.0,Low Risk,0.0009606104423932105,0.0049425668336057,22,0,0,Low Risk
C000027,21,2626.01,0,0,0,0,0.0,0.0,Low Risk,0.0009831483263469428,0.0071038941692746,21,0,0,Low Risk
C000028,28,2425.18,0,0,0,0,0.0,0.0,Low Risk,0.01202487088907202,0.0457618492227479,28,0,0,Low Risk
C000029,18,1321.16,0,0,0,0,0.0,0.0,Low Risk,0.00017226029228851507,0.0008059447301203,18,0,0,Low Risk
C000030,16,1705.5,0,0,0,0,0.0,0.0,Low Risk,2.8152800214496016e-05,0.0001057627813992,16,0,0,Low Risk
C000031,22,1839.53,0,0,0,0,0.0,0.0,Low Risk,0.0004323784172364205,0.0038075927347981,22,0,0,Low Risk
C000032,18,1608.16,0,0,0,0,0.0,0.0,Low Risk,0.00015388978605646026,0.0004800270212702,18,0,0,Low Risk
C000033,15,1255.5,0,0,0,0,0.0,0.0,Low Risk,5.299247962687474e-05,0.0001264636875248,15,0,0,Low Risk
C000034,17,5460.31,1,0,0,0,0.0588235294117647,0.0,Low Risk,0.05838192865818665,0.9921021098493924,17,1,0,"High Risk (Fraud, Rules & Model)"
C000035,21,1595.38,0,0,0,0,0.0,0.0,Low Risk,0.0006140444184795054,0.0022719417954688,21,0,0,Low Risk
C000036,23,1981.17,0,0,0,0,0.0,0.0,Low Risk,0.0016987418762259027,0.0063939817942785,23,0,0,Low Risk
C000037,27,2463.71,0,0,0,0,0.0,0.0,Low Risk,0.009949875067046624,0.0344660713434055,27,0,0,Low Risk
C000038,25,1735.09,0,0,0,0,0.0,0.0,Low Risk,0.002590979598638804,0.014114447964043,25,0,0,Low Risk
C000039,23,1459.34,0,0,0,0,0.0,0.0,Low Risk,0.0016820217178995518,0.0066110838965842,23,0,0,Low Risk
C000040,18,1528.59,0,0,0,0,0.0,0.0,Low Risk,0.00019154215893385165,0.000612443421584,18,0,0,Low Risk
C000041,22,1867.39,0,0,0,0,0.0,0.0,Low Risk,0.0011058070000953633,0.0048126860565753,22,0,0,Low Risk
C000042,21,934.24,0,0,0,0,0.0,0.0,Low Risk,0.000279174657808032,0.0014395011021698,21,0,0,Low Risk
C000043,17,1638.38,0,0,0,0,0.0,0.0,Low Risk,8.109853864284344e-05,0.0003888702915238,17,0,0,Low Risk
C000044,20,1361.19,0,0,0,0,0.0,0.0,Low Risk,0.0002961464805614712,0.0014259010207616,20,0,0,Low Risk
C000045,20,1397.39,0,0,0,0,0.0,0.0,Low Risk,0.0003644002006083129,0.0010046610631512,20,0,0,Low Risk
C000046,22,1941.25,0,0,0,0,0.0,0.0,Low Risk,0.0008344311089678245,0.0032720700736737,22,0,0,Low Risk
C000047,13,1211.3,0,0,0,0,0.0,0.0,Low Risk,1.4739469890376965e-05,8.192220487083244e-05,13,0,0,Low Risk
C000048,17,1206.45,0,0,0,0,0.0,0.0,Low Risk,6.62314357601856e-05,0.0003349125252777,17,0,0,Low Risk
C000049,17,2935.85,0,0,0,0,0.0,0.0,Low Risk,0.00026796396866368135,0.0038562867734643,17,0,0,Low Risk
C000050,15,789.98,0,0,0,0,0.0,0.0,Low Risk,1.8695686421322458e-05,0.0001219221297327,15,0,0,Low Risk
C000051,16,1098.01,0,0,0,0,0.0,0.0,Low Risk,8.758911274354012e-05,0.0002269754887366,16,0,0,Low Risk
C000052,23,2422.59,0,0,0,0,0.0,0.0,Low Risk,0.0018064151867576992,0.0064467809376641,23,0,0,Low Risk
C000053,23,2015.07,0,0,0,0,0.0,0.0,Low Risk,0.0011599146893272723,0.0043592191753396,23,0,0,Low Risk
C000054,18,1419.88,0,0,0,0,0.0,0.0,Low Risk,0.0001257439860016654,0.0004314261484138,18,0,0,Low Risk
C000055,20,1236.5,0,0,0,0,0.0,0.0,Low Risk,0.0004500128651797784,0.0015686055681672,20,0,0,Low Risk
C000056,21,2580.68,0,0,0,0,0.0,0.0,Low Risk,0.0008965814904629097,0.0024221978466654,21,0,0,Low Risk
C000057,23,1814.17,0,0,0,0,0.0,0.0,Low Risk,0.00188750581335601,0.0056233181807505,23,0,0,Low Risk
C000058,20,2212.66,0,0,0,0,0.0,0.0,Low Risk,0.0003739724765171351,0.0012227657070387,20,0,0,Low Risk
C000059,24,2927.94,0,0,0,0,0.0,0.0,Low Risk,0.0030894115719254794,0.0103613230425705,24,0,0,Low Risk
C000060,29,3921.2,0,0,0,0,0.0,0.0,Low Risk,0.051694951428611455,0.7741905339117647,29,0,0,Medium Risk
C000061,22,1217.28,0,0,0,0,0.0,0.0,Low Risk,0.0005710175171382641,0.0029907487483017,22,0,0,Low Risk
C000062,20,8245.34,1,0,1,1,0.05,0.05,High Risk (Fraud & Rules),0.050115258159885254,0.9999999289989024,20,1,1,"High Risk (Fraud, Rules & Model)"
C000063,15,905.55,0,0,0,0,0.0,0.0,Low Risk,3.5066692613668796e-05,0.0001464305081086,15,0,0,Low Risk
C000064,22,1472.03,0,0,0,0,0.0,0.0,Low Risk,0.0009811883224114812,0.0036476700742,22,0,0,Low Risk
C000065,18,1752.27,0,0,0,0,0.0,0.0,Low Risk,0.00022480332771017235,0.0005503797667245,18,0,0,Low Risk
C000066,21,2420.3,0,0,0,0,0.0,0.0,Low Risk,0.0003138895218218641,0.0011393199244969,21,0,0,Low Risk
C000067,19,1562.41,0,0,0,0,0.0,0.0,Low Risk,0.0002318016357085251,0.0009379160791871,19,0,0,Low Risk
C000068,41,3124.17,11,5,0,5,0.2682926829268293,0.1219512195121951,High Risk (Fraud & Rules),0.5678419083131055,0.999554423586169,41,11,5,"High Risk (Fraud, Rules & Model)"
C000069,12,934.57,0,0,0,0,0.0,0.0,Low Risk,9.672080751596219e-06,2.8232423918695628e-05,12,0,0,Low Risk
C000070,19,1104.49,0,0,0,0,0.0,0.0,Low Risk,0.00031127106895511496,0.000691065742907,19,0,0,Low Risk
C000071,16,1006.27,0,0,0,0,0.0,0.0,Low Risk,5.184744512234728e-05,0.0001326096602953,16,0,0,Low Risk
C000072,14,1694.26,0,0,0,0,0.0,0.0,Low Risk,3.234866435113507e-05,0.0002504256012169,14,0,0,Low Risk
C000073,21,2176.91,0,0,0,0,0.0,0.0,Low Risk,0.0006347044806235268,0.0026425014798499,21,0,0,Low Risk
C000074,16,882.22,0,0,0,0,0.0,0.0,Low Risk,8.244870576156984e-05,0.0002569960280462,16,0,0,Low Risk
C000075,26,2560.85,0,0,0,0,0.0,0.0,Low Risk,0.004433324547064528,0.0176966625894513,26,0,0,Low Risk
C000076,21,1771.26,0,0,0,0,0.0,0.0,Low Risk,0.0004677548238561107,0.0039016782063378,21,0,0,Low Risk
C000077,14,805.55,0,0,0,0,0.0,0.0,Low Risk,3.1389031639827484e-05,9.741750856904492e-05,14,0,0,Low Risk
C000078,27,1994.0,0,0,0,0,0.0,0.0,Low Risk,0.008662618117217639,0.0250808592968209,27,0,0,Low Risk
C000079,20,2741.78,0,0,0,0,0.0,0.0,Low Risk,0.00012515487359114613,0.000772386807627,20,0,0,Low Risk
C000080,23,1407.25,0,0,0,0,0.0,0.0,Low Risk,0.0009830398022533484,0.0043066957571691,23,0,0,Low Risk
C000081,20,1959.79,0,0,0,0,0.0,0.0,Low Risk,0.00038264949103296807,0.0015849807913928,20,0,0,Low Risk
C000082,9,574.32,0,0,0,0,0.0,0.0,Low Risk,1.0390073782233181e-06,5.2086960081857566e-06,9,0,0,Low Risk
C000083,18,1324.66,0,0,0,0,0.0,0.0,Low Risk,0.00012888360113881352,0.0005840043469244,18,0,0,Low Risk
C000084,19,1533.43,0,0,0,0,0.0,0.0,Low Risk,0.0003232353749302247,0.0011789871990157,19,0,0,Low Risk
C000085,17,779.86,0,0,0,0,0.0,0.0,Low Risk,0.00010845747816031676,0.0003370358849087,17,0,0,Low Risk
C000086,25,2638.19,0,0,0,0,0.0,0.0,Low Risk,0.0038439052343036055,0.0133488284203875,25,0,0,Low Risk
C000087,22,2764.61,0,0,0,0,0.0,0.0,Low Risk,0.0020375977957837344,0.0225028361473858,22,0,0,Low Risk
C000088,28,3292.05,0,0,0,0,0.0,0.0,Low Risk,0.014628269290597616,0.0521552944086133,28,0,0,Low Risk
C000089,25,2710.82,0,0,0,0,0.0,0.0,Low Risk,0.005631527404207455,0.0292955501914064,25,0,0,Low Risk
C000090,24,1978.1,0,0,0,0,0.0,0.0,Low Risk,0.0031754743334186934,0.0094096504826371,24,0,0,Low Risk
C000091,27,2129.83,0,0,0,0,0.0,0.0,Low Risk,0.009626830805673704,0.0373644027884513,27,0,0,Low Risk
C000092,23,2368.82,0,0,0,0,0.0,0.0,Low Risk,0.0028187426857551783,0.0088105630275901,23,0,0,Low Risk
C000093,25,1437.99,0,0,0,0,0.0,0.0,Low Risk,0.005112577628753882,0.0248409889477479,25,0,0,Low Risk
C000094,23,2261.9,0,0,0,0,0.0,0.0,Low Risk,0.0016469039549903035,0.0056974112011888,23,0,0,Low Risk
C000095,17,1128.74,0,0,0,0,0.0,0.0,Low Risk,0.00010969931634787686,0.0003785977918851,17,0,0,Low Risk
C000096,19,1852.31,0,0,0,0,0.0,0.0,Low Risk,0.00024514658138867566,0.0009364512964068,19,0,0,Low Risk
C000097,21,1868.88,0,0,0,0,0.0,0.0,Low Risk,0.0006694602619882779,0.0034942514227002,21,0,0,Low Risk
C000098,29,13130.65,1,0,1,1,0.0344827586206896,0.0344827586206896,High Risk (Fraud & Rules),0.06941294170250424,1.0,29,1,1,"High Risk (Fraud, Rules & Model)"
C000099,17,1341.38,0,0,0,0,0.0,0.0,Low Risk,8.576159323071341e-05,0.0003611433747863,17,0,0,Low Risk
C000100,20,1914.32,0,0,0,0,0.0,0.0,Low Risk,0.00043299838621112756,0.0052547941227601,20,0,0,Low Risk
C000101,21,1329.28,0,0,0,0,0.0,0.0,Low Risk,0.0005448779510214668,0.0015908496543147,21,0,0,Low Risk
C000102,26,3123.73,0,0,0,0,0.0,0.0,Low Risk,0.005085647959661015,0.0200682705966708,26,0,0,Low Risk
C000103,21,1576.61,0,0,0,0,0.0,0.0,Low Risk,0.000881156147101241,0.0037841933627103,21,0,0,Low Risk
C000104,13,5390.18,1,0,0,0,0.0769230769230769,0.0,Low Risk,0.07565569415826044,0.9834776081614928,13,1,0,"High Risk (Fraud, Rules & Model)"
C000105,13,1094.48,0,0,0,0,0.0,0.0,Low Risk,9.591215674514382e-06,3.2883063312812814e-05,13,0,0,Low Risk
C000106,22,1424.04,0,0,0,0,0.0,0.0,Low Risk,0.0002538301427896975,0.0027372937711758,22,0,0,Low Risk
C000107,21,1181.08,0,0,0,0,0.0,0.0,Low Risk,0.000721293656957137,0.0029659170353402,21,0,0,Low Risk
C000108,22,2109.85,0,0,0,0,0.0,0.0,Low Risk,0.0007247232999960408,0.003038501326074,22,0,0,Low Risk
C000109,19,2588.11,0,0,0,0,0.0,0.0,Low Risk,0.0002994923357340737,0.0013888021866013,19,0,0,Low Risk
C000110,25,11716.82,1,0,1,1,0.04,0.04,High Risk (Fraud & Rules),0.044655299194576,0.9999999999999634,25,1,1,"High Risk (Fraud, Rules & Model)"
C000111,23,1703.05,0,0,0,0,0.0,0.0,Low Risk,0.0021933645252268526,0.0068414948386516,23,0,0,Low Risk
C000112,24,2670.95,0,0,0,0,0.0,0.0,Low Risk,0.0026364721747985636,0.0220665449647129,24,0,0,Low Risk
C000113,22,1596.62,0,0,0,0,0.0,0.0,Low Risk,0.0007783604313097444,0.0049647060925006,22,0,0,Low Risk
C000114,22,1689.39,0,0,0,0,0.0,0.0,Low Risk,0.0010473981597788123,0.0059817731895511,22,0,0,Low Risk
C000115,18,1685.06,0,0,0,0,0.0,0.0,Low Risk,0.00019237039959173796,0.0010264558640155,18,0,0,Low Risk
C000116,11,805.54,0,0,0,0,0.0,0.0,Low Risk,3.5949308509609805e-06,1.1797547686559937e-05,11,0,0,Low Risk
C000117,26,3092.9,0,0,0,0,0.0,0.0,Low Risk,0.007749854762276314,0.0233150630735548,26,0,0,Low Risk
C000118,19,2212.35,0,0,0,0,0.0,0.0,Low Risk,0.00020850134047909765,0.0010877062474949,19,0,0,Low Risk
C000119,26,2019.47,0,0,0,0,0.0,0.0,Low Risk,0.0073847068337663,0.0226121467058548,26,0,0,Low Risk
C000120,10,1214.79,0,0,0,0,0.0,0.0,Low Risk,2.506961954734795e-06,1.4312813988193653e-05,10,0,0,Low Risk
C000121,15,1110.07,0,0,0,0,0.0,0.0,Low Risk,3.443622754366304e-05,0.0001077577951016,15,0,0,Low Risk
C000122,17,2206.36,0,0,0,0,0.0,0.0,Low Risk,9.798701559070471e-05,0.0005424597108912,17,0,0,Low Risk
C000123,23,1465.57,0,0,0,0,0.0,0.0,Low Risk,0.0014476568660728858,0.0051786764380917,23,0,0,Low Risk
C000124,15,1547.01,0,0,0,0,0.0,0.0,Low Risk,5.560409420469764e-05,0.0003656309588403,15,0,0,Low Risk
C000125,17,1222.38,0,0,0,0,0.0,0.0,Low Risk,0.00011444706146866799,0.0003137914023656,17,0,0,Low Risk
C000126,16,1651.09,0,0,0,0,0.0,0.0,Low Risk,7.326476368748926e-05,0.0002555070781521,16,0,0,Low Risk
C000127,22,1677.97,0,0,0,0,0.0,0.0,Low Risk,0.0009445066755313282,0.0033950247307477,22,0,0,Low Risk
C000128,20,2082.7,0,0,0,0,0.0,0.0,Low Risk,0.0010527446004310547,0.0119501587142508,20,0,0,Low Risk
C000129,22,1445.87,0,0,0,0,0.0,0.0,Low Risk,0.0009908186269419232,0.0033301991228783,22,0,0,Low Risk
C000130,28,9212.65,1,0,1,1,0.0357142857142857,0.0357142857142857,High Risk (Fraud & Rules),0.05929671989610591,0.9999999999591068,28,1,1,"High Risk (Fraud, Rules & Model)"
C000131,25,9278.37,1,0,1,1,0.04,0.04,High Risk (Fraud & Rules),0.04527514143295596,0.9999999923605896,25,1,1,"High Risk (Fraud, Rules & Model)"
C000132,15,896.3,0,0,0,0,0.0,0.0,Low Risk,1.9664138586725507e-05,9.73418737925726e-05,15,0,0,Low Risk
C000133,18,1599.92,0,0,0,0,0.0,0.0,Low Risk,0.00025925217531867165,0.0010077421295687,18,0,0,Low Risk
C000134,20,1488.83,0,0,0,0,0.0,0.0,Low Risk,0.0002732523036951517,0.0008845403705371,20,0,0,Low Risk
C000135,19,1256.63,0,0,0,0,0.0,0.0,Low Risk,0.00015679794667686114,0.0008784498872045,19,0,0,Low Risk
C000136,23,1668.47,0,0,0,0,0.0,0.0,Low Risk,0.001457917024011989,0.0067492546790252,23,0,0,Low Risk
C000137,25,1250.12,0,0,0,0,0.0,0.0,Low Risk,0.0015256004972715254,0.0063299272232453,25,0,0,Low Risk
C000138,17,1054.16,0,0,0,0,0.0,0.0,Low Risk,0.0001315871414614906,0.0005219626405935,17,0,0,Low Risk
C000139,29,2082.74,0,0,0,0,0.0,0.0,Low Risk,0.0182919429557653,0.0831902191244231,29,0,0,Low Risk
C000140,18,1311.85,0,0,0,0,0.0,0.0,Low Risk,6.429316083040721e-05,0.0004191111656297,18,0,0,Low Risk
C000141,22,1680.13,0,0,0,0,0.0,0.0,Low Risk,0.0010738157194798961,0.0031629517010386,22,0,0,Low Risk
C000142,16,1644.84,0,0,0,0,0.0,0.0,Low Risk,5.123461216974695e-05,0.0001633724143665,16,0,0,Low Risk
C000143,16,683.42,0,0,0,0,0.0,0.0,Low Risk,5.5564528806937304e-05,0.0001632610636979,16,0,0,Low Risk
C000144,26,1358.72,0,0,0,0,0.0,0.0,Low Risk,0.005188025940768334,0.0187398972433676,26,0,0,Low Risk
C000145,16,1616.74,0,0,0,0,0.0,0.0,Low Risk,4.159362001072612e-05,0.0001445366345805,16,0,0,Low Risk
C000146,20,2513.21,0,0,0,0,0.0,0.0,Low Risk,0.0006508962838044566,0.0028237280827107,20,0,0,Low Risk
C000147,23,1582.46,0,0,0,0,0.0,0.0,Low Risk,0.0011303696971854715,0.0042579446285432,23,0,0,Low Risk
C000148,18,1582.73,0,0,0,0,0.0,0.0,Low Risk,0.00018429597715763994,0.0006728299345749,18,0,0,Low Risk
C000149,26,2610.15,0,0,0,0,0.0,0.0,Low Risk,0.006296813609708411,0.0224515371720579,26,0,0,Low Risk
C000150,27,1963.91,0,0,0,0,0.0,0.0,Low Risk,0.007471945874518214,0.0279495089950269,27,0,0,Low Risk
C000151,12,1230.22,0,0,0,0,0.0,0.0,Low Risk,1.5788247621337865e-05,3.687114331105273e-05,12,0,0,Low Risk
C000152,36,2483.66,0,0,0,0,0.0,0.0,Low Risk,0.2372371938953629,0.6640040494646966,36,0,0,Medium Risk
C000153,17,1995.77,0,0,0,0,0.0,0.0,Low Risk,0.00013377545475801804,0.0003774958424025,17,0,0,Low Risk
C000154,21,1959.7,0,0,0,0,0.0,0.0,Low Risk,0.0015013756732252827,0.019597593075187,21,0,0,Low Risk
C000155,21,13340.22,1,0,1,1,0.0476190476190476,0.0476190476190476,High Risk (Fraud & Rules),0.04789712081161977,0.9999999999999996,21,1,1,"High Risk (Fraud, Rules & Model)"
C000156,14,1130.21,0,0,0,0,0.0,0.0,Low Risk,2.4492535930167105e-05,9.109528797180772e-05,14,0,0,Low Risk
C000157,19,1274.88,0,0,0,0,0.0,0.0,Low Risk,0.0002474732226381809,0.0007554336955082,19,0,0,Low Risk
C000158,15,1740.16,0,0,0,0,0.0,0.0,Low Risk,3.5286780960974546e-05,0.0001142737877667,15,0,0,Low Risk
C000159,19,1265.15,0,0,0,0,0.0,0.0,Low Risk,0.00012636477183613752,0.0006825644535165,19,0,0,Low Risk
C000160,21,1456.44,0,0,0,0,0.0,0.0,Low Risk,0.0007513692676014891,0.0023819601778106,21,0,0,Low Risk
C000161,16,1163.45,0,0,0,0,0.0,0.0,Low Risk,6.687969882370918e-05,0.0002449514353374,16,0,0,Low Risk
C000162,19,1394.95,0,0,0,0,0.0,0.0,Low Risk,0.00024153185027001094,0.0007672410002182,19,0,0,Low Risk
C000163,18,7282.43,1,0,1,1,0.0555555555555555,0.0555555555555555,High Risk (Fraud & Rules),0.055635715914743,0.9999992498913048,18,1,1,"High Risk (Fraud, Rules & Model)"
C000164,15,1262.27,0,0,0,0,0.0,0.0,Low Risk,3.0456434282709174e-05,9.050020124196124e-05,15,0,0,Low Risk
C000165,12,1708.97,0,0,0,0,0.0,0.0,Low Risk,7.445661561987351e-06,2.1283481678899304e-05,12,0,0,Low Risk
C000166,27,2399.8,0,0,0,0,0.0,0.0,Low Risk,0.010260916440429925,0.0312914398593357,27,0,0,Low Risk
C000167,22,2135.39,0,0,0,0,0.0,0.0,Low Risk,0.0005359925330517471,0.0027367136780529,22,0,0,Low Risk
C000168,20,2085.52,0,0,0,0,0.0,0.0,Low Risk,0.0003982976071048326,0.0010914588639199,20,0,0,Low Risk
C000169,20,1389.28,0,0,0,0,0.0,0.0,Low Risk,0.00018020159261447876,0.0008945337207039,20,0,0,Low Risk
C000170,16,1577.41,0,0,0,0,0.0,0.0,Low Risk,0.00010159329210468239,0.0007015438618145,16,0,0,Low Risk
C000171,19,1109.18,0,0,0,0,0.0,0.0,Low Risk,0.000344572471381849,0.0010005080074018,19,0,0,Low Risk
C000172,23,1936.65,0,0,0,0,0.0,0.0,Low Risk,0.0011032340352944427,0.0052263858727228,23,0,0,Low Risk
C000173,19,1374.0,0,0,0,0,0.0,0.0,Low Risk,0.0003473146814359622,0.0009124166423396,19,0,0,Low Risk
C000174,23,1282.11,0,0,0,0,0.0,0.0,Low Risk,0.000919816225173063,0.0035890892005167,23,0,0,Low Risk
C000175,20,1198.16,0,0,0,0,0.0,0.0,Low Risk,0.0003454103433996641,0.001227653713738,20,0,0,Low Risk
C000176,18,1529.86,0,0,0,0,0.0,0.0,Low Risk,0.0001798832418771443,0.0004572701518312,18,0,0,Low Risk
C000177,25,1814.0,0,0,0,0,0.0,0.0,Low Risk,0.00350250690319298,0.0156880868403027,25,0,0,Low Risk
C000178,21,1758.49,0,0,0,0,0.0,0.0,Low Risk,0.0006578341701486177,0.0027226023052613,21,0,0,Low Risk
C000179,18,1771.8,0,0,0,0,0.0,0.0,Low Risk,0.0001255864093763039,0.0003796542278134,18,0,0,Low Risk
C000180,25,1585.8,0,0,0,0,0.0,0.0,Low Risk,0.00399382840737542,0.0167880333181169,25,0,0,Low Risk
C000181,14,1107.85,0,0,0,0,0.0,0.0,Low Risk,1.896301792904342e-05,5.9775850456168247e-05,14,0,0,Low Risk
C000182,14,986.09,0,0,0,0,0.0,0.0,Low Risk,1.7489591474920055e-05,8.785955926633535e-05,14,0,0,Low Risk
C000183,18,1138.22,0,0,0,0,0.0,0.0,Low Risk,0.00017410378178054432,0.0006855494177176,18,0,0,Low Risk
C000184,22,1404.19,0,0,0,0,0.0,0.0,Low Risk,0.0006127445063675694,0.0031012261440654,22,0,0,Low Risk
C000185,19,1892.64,0,0,0,0,0.0,0.0,Low Risk,0.0001850747214914669,0.0005702854102834,19,0,0,Low Risk
C000186,24,1462.26,0,0,0,0,0.0,0.0,Low Risk,0.0022220023657036616,0.0077752060415163,24,0,0,Low Risk
C000187,17,1685.84,0,0,0,0,0.0,0.0,Low Risk,8.635156902636696e-05,0.0003260836472478,17,0,0,Low Risk
C000188,20,1794.69,0,0,0,0,0.0,0.0,Low Risk,0.00038932908486819944,0.0014429657126913,20,0,0,Low Risk
C000189,17,1340.11,0,0,0,0,0.0,0.0,Low Risk,5.199632477099403e-05,0.0002753389890022,17,0,0,Low Risk
C000190,21,1441.18,0,0,0,0,0.0,0.0,Low Risk,0.0003462878272150405,0.0014016373836885,21,0,0,Low Risk
C000191,15,1148.5,0,0,0,0,0.0,0.0,Low Risk,4.147645432099656e-05,0.0001482511272899,15,0,0,Low Risk
C000192,22,1371.02,0,0,0,0,0.0,0.0,Low Risk,0.0008840397894364916,0.0031372548746508,22,0,0,Low Risk
C000193,18,976.74,0,0,0,0,0.0,0.0,Low Risk,0.00010833907359833619,0.0003164650176882,18,0,0,Low Risk
C000194,23,1424.84,0,0,0,0,0.0,0.0,Low Risk,0.0014383921543737526,0.0063676683195119,23,0,0,Low Risk
C000195,12,1200.89,0,0,0,0,0.0,0.0,Low Risk,1.479151230700298e-05,3.624276110771202e-05,12,0,0,Low Risk
C000196,23,1761.64,0,0,0,0,0.0,0.0,Low Risk,0.0013962394340241288,0.006792400832511,23,0,0,Low Risk
C000197,17,10941.909999999998,1,0,1,1,0.0588235294117647,0.0588235294117647,High Risk (Fraud & Rules),0.05883285844135414,0.9999999999990734,17,1,1,"High Risk (Fraud, Rules & Model)"
C000198,24,1603.8100000000002,0,0,0,0,0.0,0.0,Low Risk,0.0022091843232808755,0.0085008171383634,24,0,0,Low Risk
C000199,16,1083.57,0,0,0,0,0.0,0.0,Low Risk,4.60788869568629e-05,0.0001599227383865,16,0,0,Low Risk
C000200,20,1604.39,0,0,0,0,0.0,0.0,Low Risk,0.0003312411672734063,0.0015788181120328,20,0,0,Low Risk
C000201,22,2423.01,0,0,0,0,0.0,0.0,Low Risk,0.0005098426661448796,0.0026542007236388,22,0,0,Low Risk
C000202,17,1339.93,0,0,0,0,0.0,0.0,Low Risk,7.856766098937109e-05,0.000685681748186,17,0,0,Low Risk
C000203,20,1213.46,0,0,0,0,0.0,0.0,Low Risk,0.0003811959315701601,0.0015555647478708,20,0,0,Low Risk
C000204,19,1798.22,0,0,0,0,0.0,0.0,Low Risk,0.00018261130750925328,0.0006618726533201,19,0,0,Low Risk
C000205,18,875.76,0,0,0,0,0.0,0.0,Low Risk,0.00010567559769556621,0.0004297480317039,18,0,0,Low Risk
C000206,15,1427.62,0,0,0,0,0.0,0.0,Low Risk,3.108764095326708e-05,9.660884755389054e-05,15,0,0,Low Risk
C000207,24,1197.64,0,0,0,0,0.0,0.0,Low Risk,0.0020604412823612304,0.0095739635962967,24,0,0,Low Risk
C000208,25,1692.27,0,0,0,0,0.0,0.0,Low Risk,0.003914635227627378,0.0166848764754267,25,0,0,Low Risk
C000209,18,1486.09,0,0,0,0,0.0,0.0,Low Risk,0.00023913052704978302,0.0018694339019462,18,0,0,Low Risk
C000210,20,1777.89,0,0,0,0,0.0,0.0,Low Risk,0.0003753456499079924,0.0014390468473142,20,0,0,Low Risk
C000211,15,925.2,0,0,0,0,0.0,0.0,Low Risk,4.576062061337169e-05,9.191403657408525e-05,15,0,0,Low Risk
C000212,16,1227.53,0,0,0,0,0.0,0.0,Low Risk,7.768255621400909e-05,0.0001817700226846,16,0,0,Low Risk
C000213,24,1744.32,0,0,0,0,0.0,0.0,Low Risk,0.003210512241436188,0.0104394616228939,24,0,0,Low Risk
C000214,13,1309.84,0,0,0,0,0.0,0.0,Low Risk,1.2390737781688309e-05,5.7693217010676544e-05,13,0,0,Low Risk
C000215,25,1793.96,0,0,0,0,0.0,0.0,Low Risk,0.00417248807203495,0.0146599338321686,25,0,0,Low Risk
C000216,17,1348.65,0,0,0,0,0.0,0.0,Low Risk,0.00010454780599184153,0.0002366754166824,17,0,0,Low Risk
C000217,21,1814.61,0,0,0,0,0.0,0.0,Low Risk,0.0009113187742216556,0.0049005258014903,21,0,0,Low Risk
C000218,17,721.2,0,0,0,0,0.0,0.0,Low Risk,7.911860716022617e-05,0.0002978754377714,17,0,0,Low Risk
C000219,17,811.89,0,0,0,0,0.0,0.0,Low Risk,0.00010243192716158763,0.0004016629864401,17,0,0,Low Risk
C000220,21,1454.56,0,0,0,0,0.0,0.0,Low Risk,0.0009143728805232885,0.0026848416543919,21,0,0,Low Risk
C000221,19,1343.27,0,0,0,0,0.0,0.0,Low Risk,0.00029284717845084725,0.0008954512809838,19,0,0,Low Risk
C000222,19,1827.97,0,0,0,0,0.0,0.0,Low Risk,0.0003814454041179886,0.0030695243009892,19,0,0,Low Risk
C000223,23,2099.76,0,0,0,0,0.0,0.0,Low Risk,0.0015932844969898446,0.0111037624007472,23,0,0,Low Risk
C000224,24,1496.55,0,0,0,0,0.0,0.0,Low Risk,0.0022225976852697092,0.006683607127944,24,0,0,Low Risk
C000225,19,2073.02,0,0,0,0,0.0,0.0,Low Risk,0.0002503909361684381,0.00161203291198,19,0,0,Low Risk
C000226,28,2083.42,0,0,0,0,0.0,0.0,Low Risk,0.0086500936908711,0.0570347106892432,28,0,0,Low Risk
C000227,19,2518.09,0,0,0,0,0.0,0.0,Low Risk,0.00033992848186508215,0.0013304532546024,19,0,0,Low Risk
C000228,13,1563.94,0,0,0,0,0.0,0.0,Low Risk,8.140546778486756e-05,0.0009873673032488,13,0,0,Low Risk
C000229,15,789.96,0,0,0,0,0.0,0.0,Low Risk,4.7139727063950485e-05,0.0001658916384596,15,0,0,Low Risk
C000230,17,1885.87,0,0,0,0,0.0,0.0,Low Risk,0.00019050684181228886,0.0013896834455576,17,0,0,Low Risk
C000231,14,1326.7099999999998,0,0,0,0,0.0,0.0,Low Risk,2.0110563589725757e-05,5.988782162114122e-05,14,0,0,Low Risk
C000232,21,1054.2,0,0,0,0,0.0,0.0,Low Risk,0.000495012525153742,0.0016698481168757,21,0,0,Low Risk
C000233,15,1099.52,0,0,0,0,0.0,0.0,Low Risk,2.8240607061247534e-05,0.0001493941199379,15,0,0,Low Risk
C000234,19,1714.6,0,0,0,0,0.0,0.0,Low Risk,0.0002940484625080729,0.001769232539992,19,0,0,Low Risk
C000235,15,1525.75,0,0,0,0,0.0,0.0,Low Risk,4.648527309683865e-05,0.0001427738959654,15,0,0,Low Risk
C000236,17,740.27,0,0,0,0,0.0,0.0,Low Risk,7.598601583248959e-05,0.0003591738105148,17,0,0,Low Risk
C000237,20,8032.54,1,0,1,1,0.05,0.05,High Risk (Fraud & Rules),0.0502084805345364,0.9999999783744448,20,1,1,"High Risk (Fraud, Rules & Model)"
C000238,27,1380.58,0,0,0,0,0.0,0.0,Low Risk,0.009610015639175103,0.0410224108275903,27,0,0,Low Risk
C000239,21,2312.48,0,0,0,0,0.0,0.0,Low Risk,0.0005986507108958261,0.0026071136518047,21,0,0,Low Risk
C000240,22,1757.56,0,0,0,0,0.0,0.0,Low Risk,0.0009879979152085264,0.0043847888131014,22,0,0,Low Risk
C000241,16,1523.5,0,0,0,0,0.0,0.0,Low Risk,6.565138069680264e-05,0.0001837168074466,16,0,0,Low Risk
C000242,22,1104.42,0,0,0,0,0.0,0.0,Low Risk,0.0011842483698520818,0.003284033801422,22,0,0,Low Risk
C000243,19,1292.2,0,0,0,0,0.0,0.0,Low Risk,0.00024782280067024384,0.0006818250776998,19,0,0,Low Risk
C000244,16,1024.2,0,0,0,0,0.0,0.0,Low Risk,7.341615833100779e-05,0.0002088993162967,16,0,0,Low Risk
C000245,17,1238.08,0,0,0,0,0.0,0.0,Low Risk,7.300833361836071e-05,0.0002370667292479,17,0,0,Low Risk
C000246,20,1240.54,0,0,0,0,0.0,0.0,Low Risk,0.00037197863825087367,0.0013058198513106,20,0,0,Low Risk
C000247,16,1478.6,0,0,0,0,0.0,0.0,Low Risk,5.885950112833084e-05,0.0003747992491222,16,0,0,Low Risk
C000248,21,1503.26,0,0,0,0,0.0,0.0,Low Risk,0.0005693593807676699,0.002603366420097,21,0,0,Low Risk
C000249,11,851.37,0,0,0,0,0.0,0.0,Low Risk,5.835080147516831e-06,1.876142675786205e-05,11,0,0,Low Risk
C000250,18,1491.52,0,0,0,0,0.0,0.0,Low Risk,0.00019341296772947504,0.0005821211605529,18,0,0,Low Risk
C000251,19,1513.5,0,0,0,0,0.0,0.0,Low Risk,0.00014299490414054856,0.0007310955615041,19,0,0,Low Risk
C000252,19,1287.01,0,0,0,0,0.0,0.0,Low Risk,0.0002581660686652365,0.0009951888569303,19,0,0,Low Risk
C000253,22,1758.54,0,0,0,0,0.0,0.0,Low Risk,0.0009018890932829843,0.0041987224218021,22,0,0,Low Risk
C000254,20,1298.99,0,0,0,0,0.0,0.0,Low Risk,0.00041840314611152975,0.0014645015868206,20,0,0,Low Risk
C000255,25,2082.56,0,0,0,0,0.0,0.0,Low Risk,0.003630743498926703,0.0118752837217979,25,0,0,Low Risk
C000256,23,1345.12,0,0,0,0,0.0,0.0,Low Risk,0.0006769328526166948,0.0043054931997934,23,0,0,Low Risk
C000257,19,1277.6799999999998,0,0,0,0,0.0,0.0,Low Risk,0.00022608713890499857,0.0007384315598139,19,0,0,Low Risk
C000258,32,3693.13,0,0,0,0,0.0,0.0,Low Risk,0.10405873670958612,0.4519248517870513,32,0,0,Low Risk
C000259,13,901.48,0,0,0,0,0.0,0.0,Low Risk,2.067042622655535e-05,4.174049031126355e-05,13,0,0,Low Risk
C000260,19,1592.86,0,0,0,0,0.0,0.0,Low Risk,0.00013152290525317257,0.0005574194520124,19,0,0,Low Risk
C000261,21,1997.85,0,0,0,0,0.0,0.0,Low Risk,0.000283917935843698,0.0015290232105925,21,0,0,Low Risk
C000262,21,2130.63,0,0,0,0,0.0,0.0,Low Risk,0.0005421898143536785,0.0021401139611452,21,0,0,Low Risk
C000263,15,1289.27,0,0,0,0,0.0,0.0,Low Risk,5.0021540542066566e-05,9.823461464858752e-05,15,0,0,Low Risk
C000264,26,1870.47,0,0,0,0,0.0,0.0,Low Risk,0.006859257526422546,0.023706273958987,26,0,0,Low Risk
C000265,24,2034.48,0,0,0,0,0.0,0.0,Low Risk,0.002440488851230465,0.0097216163840717,24,0,0,Low Risk
C000266,22,1202.99,0,0,0,0,0.0,0.0,Low Risk,0.0006810431286510798,0.0032034301775757,22,0,0,Low Risk
C000267,24,1201.5,0,0,0,0,0.0,0.0,Low Risk,0.0024407929874265565,0.0081403706889871,24,0,0,Low Risk
C000268,14,1381.66,0,0,0,0,0.0,0.0,Low Risk,3.14873025559021e-05,8.68329625503091e-05,14,0,0,Low Risk
C000269,26,1909.33,0,0,0,0,0.0,0.0,Low Risk,0.00433911208142737,0.025082281252644,26,0,0,Low Risk
C000270,24,1574.48,0,0,0,0,0.0,0.0,Low Risk,0.002807838446831124,0.0098159657452629,24,0,0,Low Risk
C000271,26,1522.45,0,0,0,0,0.0,0.0,Low Risk,0.006171327102759605,0.0226998792638967,26,0,0,Low Risk
C000272,22,1536.92,0,0,0,0,0.0,0.0,Low Risk,0.0008093584866215863,0.0032371538054434,22,0,0,Low Risk
C000273,25,2534.61,0,0,0,0,0.0,0.0,Low Risk,0.004293760297539916,0.0141480947191002,25,0,0,Low Risk
C000274,28,2241.48,0,0,0,0,0.0,0.0,Low Risk,0.014443696690702054,0.043130426781199,28,0,0,Low Risk
C000275,18,1065.38,0,0,0,0,0.0,0.0,Low Risk,0.00020845068237275585,0.0005806160893327,18,0,0,Low Risk
C000276,17,1519.26,0,0,0,0,0.0,0.0,Low Risk,0.00013296104729794558,0.000353740307188,17,0,0,Low Risk
C000277,24,1470.82,0,0,0,0,0.0,0.0,Low Risk,0.003018173505622408,0.0086120632046228,24,0,0,Low Risk
C000278,22,1484.72,0,0,0,0,0.0,0.0,Low Risk,0.0012003614966617775,0.0043234611094541,22,0,0,Low Risk
C000279,22,1558.92,0,0,0,0,0.0,0.0,Low Risk,0.001211595727934349,0.003676228605795,22,0,0,Low Risk
C000280,15,1124.36,0,0,0,0,0.0,0.0,Low Risk,3.4275452263194424e-05,0.0001263982267936,15,0,0,Low Risk
C000281,31,1586.52,0,0,0,0,0.0,0.0,Low Risk,0.053256545731717654,0.1990914785643349,31,0,0,Low Risk
C000282,14,1110.65,0,0,0,0,0.0,0.0,Low Risk,2.004854407650291e-05,6.334973961084066e-05,14,0,0,Low Risk
C000283,23,1662.94,0,0,0,0,0.0,0.0,Low Risk,0.002126063841738673,0.0070290639685148,23,0,0,Low Risk
C000284,20,1527.19,0,0,0,0,0.0,0.0,Low Risk,0.00034788095706879353,0.0011435081778624,20,0,0,Low Risk
C000285,21,967.2,0,0,0,0,0.0,0.0,Low Risk,0.0004143771095457805,0.0016954113745789,21,0,0,Low Risk
C000286,21,1439.96,0,0,0,0,0.0,0.0,Low Risk,0.000574505309651062,0.0019319187690766,21,0,0,Low Risk
C000287,20,1887.97,0,0,0,0,0.0,0.0,Low Risk,0.00031001647189550117,0.0010121579149498,20,0,0,Low Risk
C000288,18,1545.05,0,0,0,0,0.0,0.0,Low Risk,0.00012925895697282928,0.0004463170636325,18,0,0,Low Risk
C000289,16,1506.69,0,0,0,0,0.0,0.0,Low Risk,6.983708106587118e-05,0.0001894975260516,16,0,0,Low Risk
C000290,20,1047.99,0,0,0,0,0.0,0.0,Low Risk,0.0002636839371230913,0.0013942559771669,20,0,0,Low Risk
C000291,16,897.53,0,0,0,0,0.0,0.0,Low Risk,5.864343508457599e-05,0.0002196097352967,16,0,0,Low Risk
C000292,24,1572.23,0,0,0,0,0.0,0.0,Low Risk,0.002753168609482931,0.0153623471267616,24,0,0,Low Risk
C000293,19,2274.27,0,0,0,0,0.0,0.0,Low Risk,0.00020563333690050864,0.0010916990460169,19,0,0,Low Risk
C000294,18,1420.93,0,0,0,0,0.0,0.0,Low Risk,0.0001897736871861894,0.000426094226231,18,0,0,Low Risk
C000295,16,1285.04,0,0,0,0,0.0,0.0,Low Risk,6.00118767828039e-05,0.0001763742997186,16,0,0,Low Risk
C000296,25,1900.63,0,0,0,0,0.0,0.0,Low Risk,0.004606374644250992,0.0159787761820629,25,0,0,Low Risk
C000297,25,1965.8,0,0,0,0,0.0,0.0,Low Risk,0.003381765156298946,0.0147215614136176,25,0,0,Low Risk
C000298,30,3507.9,0,0,0,0,0.0,0.0,Low Risk,0.03515394760121037,0.112873655944626,30,0,0,Low Risk
C000299,21,1136.05,0,0,0,0,0.0,0.0,Low Risk,0.0003941851325403966,0.0020991466276919,21,0,0,Low Risk
C000300,14,1240.37,0,0,0,0,0.0,0.0,Low Risk,2.8071595624744363e-05,7.4465454537721e-05,14,0,0,Low Risk
C000301,18,1126.46,0,0,0,0,0.0,0.0,Low Risk,0.00010610983682632342,0.0004344493054636,18,0,0,Low Risk
C000302,18,1193.59,0,0,0,0,0.0,0.0,Low Risk,0.0001217182129488399,0.0004157716187102,18,0,0,Low Risk
C000303,21,980.93,0,0,0,0,0.0,0.0,Low Risk,0.0008168498033319905,0.002422211945671,21,0,0,Low Risk
C000304,10,565.46,0,0,0,0,0.0,0.0,Low Risk,1.9940183829096887e-06,1.1144889762108864e-05,10,0,0,Low Risk
C000305,19,1575.23,0,0,0,0,0.0,0.0,Low Risk,0.00022221528258631383,0.0010222121482351,19,0,0,Low Risk
C000306,10,1134.81,0,0,0,0,0.0,0.0,Low Risk,1.8855724895826787e-06,8.253967804159244e-06,10,0,0,Low Risk
C000307,13,1483.17,0,0,0,0,0.0,0.0,Low Risk,8.774826214624092e-06,4.014886512675381e-05,13,0,0,Low Risk
C000308,15,962.74,0,0,0,0,0.0,0.0,Low Risk,4.576234253349622e-05,0.0001514220705442,15,0,0,Low Risk
C000309,15,1194.37,0,0,0,0,0.0,0.0,Low Risk,5.611687385598156e-05,0.0001354796079658,15,0,0,Low Risk
C000310,27,2438.64,0,0,0,0,0.0,0.0,Low Risk,0.02149653638979392,0.2375963137188688,27,0,0,Low Risk
C000311,25,2505.79,0,0,0,0,0.0,0.0,Low Risk,0.004066411030799189,0.0261132001890991,25,0,0,Low Risk
C000312,17,2073.42,0,0,0,0,0.0,0.0,Low Risk,0.0001534621269580403,0.0008273358983222,17,0,0,Low Risk
C000313,23,1683.0,0,0,0,0,0.0,0.0,Low Risk,0.0022048471500820893,0.0098593326697137,23,0,0,Low Risk
C000314,13,760.75,0,0,0,0,0.0,0.0,Low Risk,1.0024753985196126e-05,4.4169615693675605e-05,13,0,0,Low Risk
C000315,24,1271.96,0,0,0,0,0.0,0.0,Low Risk,0.0028208102196628504,0.0093636414016839,24,0,0,Low Risk
C000316,18,800.43,0,0,0,0,0.0,0.0,Low Risk,8.12470688433304e-05,0.0005276091470524,18,0,0,Low Risk
C000317,23,1244.41,0,0,0,0,0.0,0.0,Low Risk,0.0015191924732420772,0.0049730064789836,23,0,0,Low Risk
C000318,27,2126.05,0,0,0,0,0.0,0.0,Low Risk,0.011657467247793978,0.0352837972520246,27,0,0,Low Risk
C000319,29,3741.63,0,0,0,0,0.0,0.0,Low Risk,0.02674516114838681,0.1756197464606539,29,0,0,Low Risk
C000320,21,2016.82,0,0,0,0,0.0,0.0,Low Risk,0.0013378459317584957,0.0201658681462424,21,0,0,Low Risk
C000321,31,2346.1,0,0,0,0,0.0,0.0,Low Risk,0.056917490685275914,0.2077908618014916,31,0,0,Low Risk
C000322,16,1153.13,0,0,0,0,0.0,0.0,Low Risk,5.6240795586896415e-05,0.0002694691387411,16,0,0,Low Risk
C000323,20,2585.83,0,0,0,0,0.0,0.0,Low Risk,0.0003091475315643653,0.0011304221177804,20,0,0,Low Risk
C000324,23,2110.06,0,0,0,0,0.0,0.0,Low Risk,0.0015851062481119958,0.0060595617299491,23,0,0,Low Risk
C000325,17,1306.41,0,0,0,0,0.0,0.0,Low Risk,7.794108217206641e-05,0.0003165641497757,17,0,0,Low Risk
C000326,14,7745.96,1,0,1,1,0.0714285714285714,0.0714285714285714,High Risk (Fraud & Rules),0.07143042339188839,0.9999995497580833,14,1,1,"High Risk (Fraud, Rules & Model)"
C000327,16,1430.3300000000002,0,0,0,0,0.0,0.0,Low Risk,4.045104434640797e-05,0.0002292428081398,16,0,0,Low Risk
C000328,27,2137.64,0,0,0,0,0.0,0.0,Low Risk,0.014766226698852815,0.0826637615522466,27,0,0,Low Risk
C000329,12,1032.46,0,0,0,0,0.0,0.0,Low Risk,9.59527777980903e-06,2.3192879539028493e-05,12,0,0,Low Risk
C000330,14,1148.02,0,0,0,0,0.0,0.0,Low Risk,2.620602435912955e-05,5.512170639714889e-05,14,0,0,Low Risk
C000331,24,1441.1,0,0,0,0,0.0,0.0,Low Risk,0.00190097638585078,0.0089409808411198,24,0,0,Low Risk
C000332,21,2340.93,0,0,0,0,0.0,0.0,Low Risk,0.0006687888806059287,0.0031090930636322,21,0,0,Low Risk
C000333,14,2248.38,0,0,0,0,0.0,0.0,Low Risk,1.949395437488717e-05,7.048451289278854e-05,14,0,0,Low Risk
C000334,15,1541.83,0,0,0,0,0.0,0.0,Low Risk,2.7341031376613904e-05,0.0001183037947395,15,0,0,Low Risk
C000335,18,1382.39,0,0,0,0,0.0,0.0,Low Risk,0.0001341379977499211,0.0003568837458437,18,0,0,Low Risk
C000336,20,2231.78,0,0,0,0,0.0,0.0,Low Risk,0.0002919176854936722,0.001181303727375,20,0,0,Low Risk
C000337,19,5630.22,1,0,0,0,0.0526315789473684,0.0,Low Risk,0.052467426035030185,0.9945932594226624,19,1,0,"High Risk (Fraud, Rules & Model)"
C000338,24,2402.08,0,0,0,0,0.0,0.0,Low Risk,0.0030889009816505828,0.0097927992241878,24,0,0,Low Risk
C000339,16,503.34,0,0,0,0,0.0,0.0,Low Risk,7.545738902276658e-05,0.0002209701336262,16,0,0,Low Risk
C000340,16,1843.71,0,0,0,0,0.0,0.0,Low Risk,7.729417610956855e-05,0.0003567882436823,16,0,0,Low Risk
C000341,15,1037.73,0,0,0,0,0.0,0.0,Low Risk,3.4466944396062476e-05,0.0001239708960677,15,0,0,Low Risk
C000342,26,2020.2,0,0,0,0,0.0,0.0,Low Risk,0.0067947858821933264,0.0316537297599657,26,0,0,Low Risk
C000343,26,1402.16,0,0,0,0,0.0,0.0,Low Risk,0.005934072948281225,0.0201847495336204,26,0,0,Low Risk
C000344,23,1821.37,0,0,0,0,0.0,0.0,Low Risk,0.0008456350833582045,0.0032765783437089,23,0,0,Low Risk
C000345,18,1534.09,0,0,0,0,0.0,0.0,Low Risk,0.00013032476610683313,0.0004237771512579,18,0,0,Low Risk
C000346,21,2052.27,0,0,0,0,0.0,0.0,Low Risk,0.0005382498773550783,0.0023487742458608,21,0,0,Low Risk
C000347,24,2860.8,0,0,0,0,0.0,0.0,Low Risk,0.007243278886651988,0.133082393872356,24,0,0,Low Risk
C000348,19,1333.8200000000002,0,0,0,0,0.0,0.0,Low Risk,0.00015195862553477675,0.0005610130031886,19,0,0,Low Risk
C000349,20,3194.12,0,0,0,0,0.0,0.0,Low Risk,0.0002897085547104853,0.0018417712103994,20,0,0,Low Risk
C000350,25,1989.87,0,0,0,0,0.0,0.0,Low Risk,0.004184245625134989,0.0124689861907206,25,0,0,Low Risk
C000351,30,7610.14,1,0,1,1,0.0333333333333333,0.0333333333333333,High Risk (Fraud & Rules),0.09206419502596219,0.9999999991205372,30,1,1,"High Risk (Fraud, Rules & Model)"
C000352,13,652.97,0,0,0,0,0.0,0.0,Low Risk,1.0714710749658743e-05,3.244447616577745e-05,13,0,0,Low Risk
C000353,26,13392.21,1,0,1,1,0.0384615384615384,0.0384615384615384,High Risk (Fraud & Rules),0.04488533155393157,1.0,26,1,1,"High Risk (Fraud, Rules & Model)"
C000354,27,9809.89,1,0,1,1,0.037037037037037,0.037037037037037,High Risk (Fraud & Rules),0.05149950137173595,0.9999999999972946,27,1,1,"High Risk (Fraud, Rules & Model)"
C000355,16,1666.24,0,0,0,0,0.0,0.0,Low Risk,2.7886344891059976e-05,0.0001092652082605,16,0,0,Low Risk
C000356,21,1440.76,0,0,0,0,0.0,0.0,Low Risk,0.0008534836405042019,0.0023757925166875,21,0,0,Low Risk
C000357,16,1566.98,0,0,0,0,0.0,0.0,Low Risk,3.389833811426526e-05,0.0001565070643134,16,0,0,Low Risk
C000358,24,1481.76,0,0,0,0,0.0,0.0,Low Risk,0.0020913084467941486,0.0080536242681198,24,0,0,Low Risk
C000359,25,2019.62,0,0,0,0,0.0,0.0,Low Risk,0.00531607444452393,0.0194344882714892,25,0,0,Low Risk
C000360,24,1468.25,0,0,0,0,0.0,0.0,Low Risk,0.0015418349067176191,0.0083465050491944,24,0,0,Low Risk
C000361,19,703.66,0,0,0,0,0.0,0.0,Low Risk,0.00024315710241092295,0.0010391241251512,19,0,0,Low Risk
C000362,17,1163.16,0,0,0,0,0.0,0.0,Low Risk,8.95984602597796e-05,0.0003080505940742,17,0,0,Low Risk
C000363,23,2634.38,0,0,0,0,0.0,0.0,Low Risk,0.0030175218303079856,0.0449449700002094,23,0,0,Low Risk
C000364,18,1765.59,0,0,0,0,0.0,0.0,Low Risk,8.324730153893878e-05,0.0004007601642866,18,0,0,Low Risk
C000365,23,2469.2,0,0,0,0,0.0,0.0,Low Risk,0.001739382423298562,0.0080047688546755,23,0,0,Low Risk
C000366,29,10726.95,1,0,1,1,0.0344827586206896,0.0344827586206896,High Risk (Fraud & Rules),0.07773978735963384,0.9999999999996544,29,1,1,"High Risk (Fraud, Rules & Model)"
C000367,22,2131.68,0,0,0,0,0.0,0.0,Low Risk,0.0011980971814768361,0.0043901915266067,22,0,0,Low Risk
C000368,17,1801.24,0,0,0,0,0.0,0.0,Low Risk,0.00010721114467642092,0.0004118102660961,17,0,0,Low Risk
C000369,15,1746.8,0,0,0,0,0.0,0.0,Low Risk,2.8183912953825854e-05,0.0001612674738245,15,0,0,Low Risk
C000370,26,1070.19,0,0,0,0,0.0,0.0,Low Risk,0.005445930117275879,0.0188671722063803,26,0,0,Low Risk
C000371,12,996.89,0,0,0,0,0.0,0.0,Low Risk,4.725803459835229e-06,1.7072419234982838e-05,12,0,0,Low Risk
C000372,19,1862.84,0,0,0,0,0.0,0.0,Low Risk,0.00024700419279675674,0.0026718619968903,19,0,0,Low Risk
C000373,11,1100.27,0,0,0,0,0.0,0.0,Low Risk,6.695157252645956e-06,1.8382244307625035e-05,11,0,0,Low Risk
C000374,24,1272.1,0,0,0,0,0.0,0.0,Low Risk,0.002103205280121933,0.006251691684728,24,0,0,Low Risk
C000375,22,1516.6,0,0,0,0,0.0,0.0,Low Risk,0.0008173995862350066,0.0032925028406584,22,0,0,Low Risk
C000376,15,1244.44,0,0,0,0,0.0,0.0,Low Risk,5.632905934137888e-05,0.0001519130564511,15,0,0,Low Risk
C000377,16,8599.35,1,0,1,1,0.0625,0.0625,High Risk (Fraud & Rules),0.0625071248453868,0.9999999862483566,16,1,1,"High Risk (Fraud, Rules & Model)"
C000378,14,2444.55,0,0,0,0,0.0,0.0,Low Risk,8.804683957283753e-05,0.0009702815441319,14,0,0,Low Risk
C000379,21,1902.63,0,0,0,0,0.0,0.0,Low Risk,0.0005580535071262522,0.0022844118518026,21,0,0,Low Risk
C000380,21,2146.23,0,0,0,0,0.0,0.0,Low Risk,0.000890002315705339,0.0030168138618482,21,0,0,Low Risk
C000381,20,1904.51,0,0,0,0,0.0,0.0,Low Risk,0.00041611301003525975,0.0015076374147545,20,0,0,Low Risk
C000382,23,2182.4,0,0,0,0,0.0,0.0,Low Risk,0.0012782147563687204,0.0043703920644934,23,0,0,Low Risk
C000383,32,11360.14,1,0,1,1,0.03125,0.03125,High Risk (Fraud & Rules),0.2122100589223421,0.999999999999968,32,1,1,"High Risk (Fraud, Rules & Model)"
C000384,29,2733.25,0,0,0,0,0.0,0.0,Low Risk,0.03557609755463495,0.1510695833631372,29,0,0,Low Risk
C000385,21,2630.83,0,0,0,0,0.0,0.0,Low Risk,0.0013476763448419826,0.0119212485231011,21,0,0,Low Risk
C000386,19,1540.77,0,0,0,0,0.0,0.0,Low Risk,0.0002468794808970249,0.0012981820036779,19,0,0,Low Risk
C000387,22,1245.29,0,0,0,0,0.0,0.0,Low Risk,0.0006907604080619666,0.0020295792377438,22,0,0,Low Risk
C000388,17,2184.61,0,0,0,0,0.0,0.0,Low Risk,0.00013156231034854198,0.0006257069428722,17,0,0,Low Risk
C000389,15,1202.73,0,0,0,0,0.0,0.0,Low Risk,4.4674108081947756e-05,0.0002008282570814,15,0,0,Low Risk
C000390,23,2191.62,0,0,0,0,0.0,0.0,Low Risk,0.0017121012231164732,0.0051473900288876,23,0,0,Low Risk
C000391,18,2472.84,0,0,0,0,0.0,0.0,Low Risk,0.0001699154488293738,0.0004549562021725,18,0,0,Low Risk
C000392,22,4021.72,0,0,0,0,0.0,0.0,Low Risk,0.0008723028748327852,0.0028488775961658,22,0,0,Low Risk
C000393,25,1602.16,0,0,0,0,0.0,0.0,Low Risk,0.0043195923939512645,0.017084710033966,25,0,0,Low Risk
C000394,22,1632.45,0,0,0,0,0.0,0.0,Low Risk,0.0008561529033023753,0.0035042707640943,22,0,0,Low Risk
C000395,20,1509.0,0,0,0,0,0.0,0.0,Low Risk,0.00035089180885590276,0.0008960686149776,20,0,0,Low Risk
C000396,19,10371.32,1,0,1,1,0.0526315789473684,0.0526315789473684,High Risk (Fraud & Rules),0.052669634878958135,0.9999999999971164,19,1,1,"High Risk (Fraud, Rules & Model)"
C000397,20,1148.96,0,0,0,0,0.0,0.0,Low Risk,0.00039917637936541533,0.001541664586831,20,0,0,Low Risk
C000398,24,1274.13,0,0,0,0,0.0,0.0,Low Risk,0.0022693505163227934,0.0086809142434497,24,0,0,Low Risk
C000399,13,6210.89,1,0,0,0,0.0769230769230769,0.0,Low Risk,0.07601378826904405,0.9881582058555188,13,1,0,"High Risk (Fraud, Rules & Model)"
C000400,21,1639.64,0,0,0,0,0.0,0.0,Low Risk,0.0004659865787411456,0.0016157398449801,21,0,0,Low Risk
C000401,31,2886.09,0,0,0,0,0.0,0.0,Low Risk,0.06703116908829715,0.2550915065942528,31,0,0,Low Risk
C000402,26,2589.92,0,0,0,0,0.0,0.0,Low Risk,0.006852869829505211,0.0393683779307259,26,0,0,Low Risk
C000403,19,1112.72,0,0,0,0,0.0,0.0,Low Risk,0.0002058050617524509,0.0008583858787318,19,0,0,Low Risk
C000404,20,1449.15,0,0,0,0,0.0,0.0,Low Risk,0.0006145716456547583,0.0016937703113211,20,0,0,Low Risk
C000405,18,963.43,0,0,0,0,0.0,0.0,Low Risk,0.0001268556302311974,0.000512849642271,18,0,0,Low Risk
C000406,24,1756.02,0,0,0,0,0.0,0.0,Low Risk,0.0032279663093888323,0.0073442833729354,24,0,0,Low Risk
C000407,19,1220.95,0,0,0,0,0.0,0.0,Low Risk,0.0001964826994429233,0.0008921830206023,19,0,0,Low Risk
C000408,26,1733.51,0,0,0,0,0.0,0.0,Low Risk,0.006530199526424437,0.0146274081394394,26,0,0,Low Risk
C000409,21,1897.73,0,0,0,0,0.0,0.0,Low Risk,0.0009362016146930021,0.0061088003654741,21,0,0,Low Risk
C000410,22,2150.15,0,0,0,0,0.0,0.0,Low Risk,0.0018748626454425292,0.021321988618317,22,0,0,Low Risk
C000411,15,1681.49,0,0,0,0,0.0,0.0,Low Risk,2.3299145619955993e-05,9.652879783396612e-05,15,0,0,Low Risk
C000412,19,1076.41,0,0,0,0,0.0,0.0,Low Risk,0.0001683202868814319,0.000565099094576,19,0,0,Low Risk
C000413,25,2244.36,0,0,0,0,0.0,0.0,Low Risk,0.004412277772436069,0.0122987575478602,25,0,0,Low Risk
C000414,45,2866.6,17,9,0,9,0.3777777777777777,0.2,High Risk (Fraud & Rules),0.8078386132366282,0.9999002504898058,45,17,9,"High Risk (Fraud, Rules & Model)"
C000415,17,771.52,0,0,0,0,0.0,0.0,Low Risk,6.171730275673634e-05,0.0002810481666512,17,0,0,Low Risk
C000416,20,1039.98,0,0,0,0,0.0,0.0,Low Risk,0.0003470387719556398,0.0013085606577849,20,0,0,Low Risk
C000417,20,848.46,0,0,0,0,0.0,0.0,Low Risk,0.0005173316391984719,0.0012560092049963,20,0,0,Low Risk
C000418,14,1736.23,0,0,0,0,0.0,0.0,Low Risk,8.728802788689446e-06,2.9999296600515255e-05,14,0,0,Low Risk
C000419,15,1669.81,0,0,0,0,0.0,0.0,Low Risk,2.1330544084850745e-05,7.353458036703055e-05,15,0,0,Low Risk
C000420,22,1076.18,0,0,0,0,0.0,0.0,Low Risk,0.001047541416535971,0.0042997023419403,22,0,0,Low Risk
C000421,15,1069.52,0,0,0,0,0.0,0.0,Low Risk,5.256355778838619e-05,0.0001168677417611,15,0,0,Low Risk
C000422,18,1093.98,0,0,0,0,0.0,0.0,Low Risk,0.00015929936535570642,0.0004372278969967,18,0,0,Low Risk
C000423,14,1340.37,0,0,0,0,0.0,0.0,Low Risk,2.9676650558836458e-05,7.917845396327522e-05,14,0,0,Low Risk
C000424,21,1212.11,0,0,0,0,0.0,0.0,Low Risk,0.0006824005530516953,0.0021843260183562,21,0,0,Low Risk
C000425,25,1648.53,0,0,0,0,0.0,0.0,Low Risk,0.0022218528089221123,0.0110325034499048,25,0,0,Low Risk
C000426,20,1006.81,0,0,0,0,0.0,0.0,Low Risk,0.0005939235512698369,0.0017536851770703,20,0,0,Low Risk
C000427,20,1950.74,0,0,0,0,0.0,0.0,Low Risk,0.0002616228138499165,0.0012075831652427,20,0,0,Low Risk
C000428,15,1496.76,0,0,0,0,0.0,0.0,Low Risk,4.1933570221856854e-05,0.0001186819171255,15,0,0,Low Risk
C000429,20,1516.12,0,0,0,0,0.0,0.0,Low Risk,0.0002907061203212019,0.0015119046017797,20,0,0,Low Risk
C000430,23,1446.18,0,0,0,0,0.0,0.0,Low Risk,0.0015009264810852945,0.0050866541646105,23,0,0,Low Risk
C000431,19,6175.740000000001,1,0,1,1,0.0526315789473684,0.0526315789473684,High Risk (Fraud & Rules),0.05274445609842433,0.9999815725533394,19,1,1,"High Risk (Fraud, Rules & Model)"
C000432,14,1065.56,0,0,0,0,0.0,0.0,Low Risk,2.2479810507650137e-05,6.203192977127086e-05,14,0,0,Low Risk
C000433,23,1755.11,0,0,0,0,0.0,0.0,Low Risk,0.0024356140741782157,0.0072668276222552,23,0,0,Low Risk
C000434,25,2548.33,0,0,0,0,0.0,0.0,Low Risk,0.005436441197725974,0.047921861194243,25,0,0,Low Risk
C000435,20,1274.81,0,0,0,0,0.0,0.0,Low Risk,0.0004802297686691658,0.0012188395222568,20,0,0,Low Risk
C000436,19,1619.54,0,0,0,0,0.0,0.0,Low Risk,0.0002250933636357299,0.0013024175624902,19,0,0,Low Risk
C000437,31,2247.13,0,0,0,0,0.0,0.0,Low Risk,0.0598583292746293,0.1792701830716579,31,0,0,Low Risk
C000438,26,2311.5,0,0,0,0,0.0,0.0,Low Risk,0.006034088678269981,0.0200521583816954,26,0,0,Low Risk
C000439,21,1597.91,0,0,0,0,0.0,0.0,Low Risk,0.0005149120162535476,0.0020041166909698,21,0,0,Low Risk
C000440,19,1341.23,0,0,0,0,0.0,0.0,Low Risk,0.00015572289992636814,0.0008715112520448,19,0,0,Low Risk
C000441,18,1162.29,0,0,0,0,0.0,0.0,Low Risk,8.653600054133525e-05,0.0003745354125892,18,0,0,Low Risk
C000442,22,2206.0,0,0,0,0,0.0,0.0,Low Risk,0.0006550379538296434,0.0025556364019473,22,0,0,Low Risk
C000443,17,1299.05,0,0,0,0,0.0,0.0,Low Risk,6.291301802952218e-05,0.0002226318811455,17,0,0,Low Risk
C000444,18,1553.15,0,0,0,0,0.0,0.0,Low Risk,0.00016408068508539284,0.0011272238280755,18,0,0,Low Risk
C000445,21,1386.45,0,0,0,0,0.0,0.0,Low Risk,0.0008177804221294659,0.0027334623096516,21,0,0,Low Risk
C000446,24,2150.06,0,0,0,0,0.0,0.0,Low Risk,0.002304088527354528,0.0075145643474265,24,0,0,Low Risk
C000447,18,1250.26,0,0,0,0,0.0,0.0,Low Risk,0.00015681902903373792,0.0004050571771679,18,0,0,Low Risk
C000448,17,1492.49,0,0,0,0,0.0,0.0,Low Risk,0.00010831983492681045,0.000307256336533,17,0,0,Low Risk
C000449,19,960.82,0,0,0,0,0.0,0.0,Low Risk,0.0001914297905926428,0.0008867010662634,19,0,0,Low Risk
C000450,20,4082.68,0,0,0,0,0.0,0.0,Low Risk,0.023202271769787026,0.4595075965061497,20,0,0,Low Risk
C000451,24,1534.83,0,0,0,0,0.0,0.0,Low Risk,0.0026918154629659388,0.0090791045873911,24,0,0,Low Risk
C000452,17,933.4,0,0,0,0,0.0,0.0,Low Risk,9.766580833209574e-05,0.0003432298204378,17,0,0,Low Risk
C000453,21,1751.03,0,0,0,0,0.0,0.0,Low Risk,0.00036741262436984024,0.0020768642843248,21,0,0,Low Risk
C000454,20,1111.67,0,0,0,0,0.0,0.0,Low Risk,0.00029447175760426386,0.0014512414098455,20,0,0,Low Risk
C000455,21,1834.32,0,0,0,0,0.0,0.0,Low Risk,0.0005848273986212911,0.0024210387458399,21,0,0,Low Risk
C000456,13,852.45,0,0,0,0,0.0,0.0,Low Risk,1.5754050648778478e-05,4.815771030201752e-05,13,0,0,Low Risk
C000457,13,726.78,0,0,0,0,0.0,0.0,Low Risk,2.0920659060610156e-05,6.473465750477e-05,13,0,0,Low Risk
C000458,21,1470.66,0,0,0,0,0.0,0.0,Low Risk,0.0006563978928366462,0.0016835384155212,21,0,0,Low Risk
C000459,22,1336.5,0,0,0,0,0.0,0.0,Low Risk,0.0010242943584349753,0.0060716863205803,22,0,0,Low Risk
C000460,13,592.88,0,0,0,0,0.0,0.0,Low Risk,1.6606968608022382e-05,4.786374505384471e-05,13,0,0,Low Risk
C000461,24,2435.4,0,0,0,0,0.0,0.0,Low Risk,0.001406552269329787,0.0050437891904407,24,0,0,Low Risk
C000462,14,1262.79,0,0,0,0,0.0,0.0,Low Risk,2.892196924115286e-05,0.000114840535069,14,0,0,Low Risk
C000463,38,10302.75,11,2,1,3,0.2894736842105263,0.0789473684210526,High Risk (Fraud & Rules),0.5149257408103658,0.9999999999999868,38,11,3,"High Risk (Fraud, Rules & Model)"
C000464,24,11040.29,1,0,1,1,0.0416666666666666,0.0416666666666666,High Risk (Fraud & Rules),0.044002909259624946,0.999999999999842,24,1,1,"High Risk (Fraud, Rules & Model)"
C000465,17,1360.89,0,0,0,0,0.0,0.0,Low Risk,6.179473504871775e-05,0.0003860058649969,17,0,0,Low Risk
C000466,12,779.18,0,0,0,0,0.0,0.0,Low Risk,7.90294595135574e-06,2.78600880801365e-05,12,0,0,Low Risk
C000467,20,1650.58,0,0,0,0,0.0,0.0,Low Risk,0.0002270401478515697,0.0012265320712895,20,0,0,Low Risk
C000468,7,1244.1799999999998,0,0,0,0,0.0,0.0,Low Risk,1.6231634838500138e-07,6.989745921247225e-07,7,0,0,Low Risk
C000469,52,3762.24,24,17,0,17,0.4615384615384615,0.3269230769230769,High Risk (Fraud & Rules),0.8303849411459384,0.9999977570617908,52,24,17,"High Risk (Fraud, Rules & Model)"
C000470,24,1211.38,0,0,0,0,0.0,0.0,Low Risk,0.002668890940415194,0.0093420867729451,24,0,0,Low Risk
C000471,20,2216.4500000000003,0,0,0,0,0.0,0.0,Low Risk,0.0004804924674264951,0.0023102176311987,20,0,0,Low Risk
C000472,18,2634.56,0,0,0,0,0.0,0.0,Low Risk,0.00012832577203089339,0.0008501490383825,18,0,0,Low Risk
C000473,20,1237.51,0,0,0,0,0.0,0.0,Low Risk,0.00027468069201762215,0.0009352335088692,20,0,0,Low Risk
C000474,22,1594.77,0,0,0,0,0.0,0.0,Low Risk,0.0007859850259703123,0.0021670444200911,22,0,0,Low Risk
C000475,21,1466.18,0,0,0,0,0.0,0.0,Low Risk,0.0008291959018698455,0.0019638655054615,21,0,0,Low Risk
C000476,24,2028.09,0,0,0,0,0.0,0.0,Low Risk,0.002473310138971383,0.0083698926777446,24,0,0,Low Risk
C000477,15,1045.96,0,0,0,0,0.0,0.0,Low Risk,2.9607331457658876e-05,0.0001005192117805,15,0,0,Low Risk
C000478,11,603.39,0,0,0,0,0.0,0.0,Low Risk,3.5029022319704436e-06,1.684819784807782e-05,11,0,0,Low Risk
C000479,15,1250.76,0,0,0,0,0.0,0.0,Low Risk,3.173372573433043e-05,0.0001249424554383,15,0,0,Low Risk
C000480,16,1048.96,0,0,0,0,0.0,0.0,Low Risk,5.49175586154599e-05,0.0002090061325791,16,0,0,Low Risk
C000481,22,1209.74,0,0,0,0,0.0,0.0,Low Risk,0.0006302355596151692,0.0028047524776161,22,0,0,Low Risk
C000482,21,1811.16,0,0,0,0,0.0,0.0,Low Risk,0.0005506087789370832,0.0019169400763995,21,0,0,Low Risk
C000483,19,1248.81,0,0,0,0,0.0,0.0,Low Risk,0.0003204675089231878,0.0010685244865888,19,0,0,Low Risk
C000484,14,536.64,0,0,0,0,0.0,0.0,Low Risk,3.503485573119569e-05,7.726677378730133e-05,14,0,0,Low Risk
C000485,17,1312.46,0,0,0,0,0.0,0.0,Low Risk,7.6852632165431e-05,0.0002167869730812,17,0,0,Low Risk
C000486,15,791.72,0,0,0,0,0.0,0.0,Low Risk,3.1007110973287156e-05,0.0001192018953555,15,0,0,Low Risk
C000487,22,1785.57,0,0,0,0,0.0,0.0,Low Risk,0.0015150834018112182,0.0079042542876493,22,0,0,Low Risk
C000488,26,1905.68,0,0,0,0,0.0,0.0,Low Risk,0.0052947674856343675,0.0258357463635642,26,0,0,Low Risk
C000489,27,3430.2,0,0,0,0,0.0,0.0,Low Risk,0.010651549482423842,0.0566555746644117,27,0,0,Low Risk
C000490,20,1546.23,0,0,0,0,0.0,0.0,Low Risk,0.00032498408714527126,0.0013054307077563,20,0,0,Low Risk
C000491,12,728.74,0,0,0,0,0.0,0.0,Low Risk,8.682781144381632e-06,3.3743983135247344e-05,12,0,0,Low Risk
C000492,21,3103.48,0,0,0,0,0.0,0.0,Low Risk,0.001059427063957093,0.0079906946656316,21,0,0,Low Risk
C000493,22,2125.56,0,0,0,0,0.0,0.0,Low Risk,0.0005804231096729406,0.0048682401886675,22,0,0,Low Risk
C000494,9,741.88,0,0,0,0,0.0,0.0,Low Risk,1.691451000413964e-06,4.148188217122894e-06,9,0,0,Low Risk
C000495,28,2051.6,0,0,0,0,0.0,0.0,Low Risk,0.01283224983310942,0.0432655691241564,28,0,0,Low Risk
C000496,22,2240.45,0,0,0,0,0.0,0.0,Low Risk,0.0007182552306146641,0.004021003987053,22,0,0,Low Risk
C000497,22,2035.54,0,0,0,0,0.0,0.0,Low Risk,0.0005888746066998585,0.0037567964859663,22,0,0,Low Risk
C000498,13,712.07,0,0,0,0,0.0,0.0,Low Risk,1.2304020574867716e-05,3.268410836409607e-05,13,0,0,Low Risk
C000499,24,1309.9,0,0,0,0,0.0,0.0,Low Risk,0.0028984401222024643,0.011213867114913,24,0,0,Low Risk
C000500,29,2131.49,0,0,0,0,0.0,0.0,Low Risk,0.017344363633388017,0.0742250531061138,29,0,0,Low Risk
C000501,22,1526.48,0,0,0,0,0.0,0.0,Low Risk,0.0011042406683759406,0.0032979714366497,22,0,0,Low Risk
C000502,19,11544.78,1,0,1,1,0.0526315789473684,0.0526315789473684,High Risk (Fraud & Rules),0.05271511085228921,0.999999999995734,19,1,1,"High Risk (Fraud, Rules & Model)"
C000503,21,1770.74,0,0,0,0,0.0,0.0,Low Risk,0.0006643648716207881,0.002660919431374,21,0,0,Low Risk
C000504,26,2048.3,0,0,0,0,0.0,0.0,Low Risk,0.005095495800276086,0.0306559799894753,26,0,0,Low Risk
C000505,23,1553.52,0,0,0,0,0.0,0.0,Low Risk,0.001039036576474911,0.0041630184072328,23,0,0,Low Risk
C000506,23,1884.24,0,0,0,0,0.0,0.0,Low Risk,0.0014255496706372178,0.0043841760068508,23,0,0,Low Risk
C000507,23,1437.12,0,0,0,0,0.0,0.0,Low Risk,0.001431599846134297,0.0047487572077662,23,0,0,Low Risk
C000508,18,1143.99,0,0,0,0,0.0,0.0,Low Risk,0.0001549961630603028,0.0005179705448425,18,0,0,Low Risk
C000509,17,1060.77,0,0,0,0,0.0,0.0,Low Risk,0.0001334905864107592,0.0004110808369207,17,0,0,Low Risk
C000510,17,1443.91,0,0,0,0,0.0,0.0,Low Risk,0.00011639983205854864,0.0004528505336614,17,0,0,Low Risk
C000511,25,1550.91,0,0,0,0,0.0,0.0,Low Risk,0.003591522190560898,0.0100223505667532,25,0,0,Low Risk
C000512,23,1768.71,0,0,0,0,0.0,0.0,Low Risk,0.0018258672451896998,0.0049446901807099,23,0,0,Low Risk
C000513,18,11605.01,1,0,1,1,0.0555555555555555,0.0555555555555555,High Risk (Fraud & Rules),0.055583569483867806,0.9999999999993034,18,1,1,"High Risk (Fraud, Rules & Model)"
C000514,17,1229.04,0,0,0,0,0.0,0.0,Low Risk,9.60027561392376e-05,0.0005050542659283,17,0,0,Low Risk
C000515,26,1652.03,0,0,0,0,0.0,0.0,Low Risk,0.006355600426826586,0.0285488987133756,26,0,0,Low Risk
C000516,16,1755.17,0,0,0,0,0.0,0.0,Low Risk,3.8240880780765386e-05,0.0001839509910996,16,0,0,Low Risk
C000517,15,1296.09,0,0,0,0,0.0,0.0,Low Risk,5.3376540285031604e-05,0.0002063561429568,15,0,0,Low Risk
C000518,19,1671.47,0,0,0,0,0.0,0.0,Low Risk,0.0003181451546528688,0.000894842803404,19,0,0,Low Risk
C000519,16,1214.34,0,0,0,0,0.0,0.0,Low Risk,5.2604499569736266e-05,0.0001559472883031,16,0,0,Low Risk
C000520,17,1091.84,0,0,0,0,0.0,0.0,Low Risk,7.124214823435961e-05,0.0002586506118164,17,0,0,Low Risk
C000521,20,1529.88,0,0,0,0,0.0,0.0,Low Risk,0.00033585808154568315,0.0009642960782774,20,0,0,Low Risk
C000522,17,1960.7,0,0,0,0,0.0,0.0,Low Risk,0.00010370253867197883,0.0003600199540327,17,0,0,Low Risk
C000523,20,854.53,0,0,0,0,0.0,0.0,Low Risk,0.00038685451655017796,0.001252320948453,20,0,0,Low Risk
C000524,22,2118.07,0,0,0,0,0.0,0.0,Low Risk,0.0010332688941456852,0.0083756967961998,22,0,0,Low Risk
C000525,27,2301.22,0,0,0,0,0.0,0.0,Low Risk,0.008602045387577405,0.0442232114850647,27,0,0,Low Risk
C000526,23,1638.98,0,0,0,0,0.0,0.0,Low Risk,0.001189793047121583,0.0070831922655294,23,0,0,Low Risk
C000527,16,1070.84,0,0,0,0,0.0,0.0,Low Risk,8.506874558774753e-05,0.0003118763183181,16,0,0,Low Risk
C000528,15,1232.18,0,0,0,0,0.0,0.0,Low Risk,6.146494276510237e-05,0.0001502982996607,15,0,0,Low Risk
C000529,22,1371.2,0,0,0,0,0.0,0.0,Low Risk,0.00024182995350687441,0.0031191572807383,22,0,0,Low Risk
C000530,28,7234.75,1,0,0,0,0.0357142857142857,0.0,Low Risk,0.057704705115113206,0.9999920139924776,28,1,0,"High Risk (Fraud, Rules & Model)"
C000531,17,1420.37,0,0,0,0,0.0,0.0,Low Risk,0.00014471023933186608,0.0013269995138722,17,0,0,Low Risk
C000532,22,1290.94,0,0,0,0,0.0,0.0,Low Risk,0.001118595589721543,0.0039869944635313,22,0,0,Low Risk
C000533,15,6699.639999999999,1,0,1,1,0.0666666666666666,0.0666666666666666,High Risk (Fraud & Rules),0.06667192940788579,0.9999895820403116,15,1,1,"High Risk (Fraud, Rules & Model)"
C000534,13,792.35,0,0,0,0,0.0,0.0,Low Risk,1.4904456444998384e-05,4.448584585547408e-05,13,0,0,Low Risk
C000535,16,7579.89,1,0,1,1,0.0625,0.0625,High Risk (Fraud & Rules),0.0625145776535554,0.9999991016804264,16,1,1,"High Risk (Fraud, Rules & Model)"
C000536,20,1408.55,0,0,0,0,0.0,0.0,Low Risk,0.00047624470060622724,0.0011976978867861,20,0,0,Low Risk
C000537,25,2079.38,0,0,0,0,0.0,0.0,Low Risk,0.004814230861044617,0.0217572187369552,25,0,0,Low Risk
C000538,25,2773.32,0,0,0,0,0.0,0.0,Low Risk,0.0036811159365952896,0.012504714914407,25,0,0,Low Risk
C000539,23,1758.01,0,0,0,0,0.0,0.0,Low Risk,0.001230561232071351,0.0064480573358592,23,0,0,Low Risk
C000540,13,1034.88,0,0,0,0,0.0,0.0,Low Risk,8.653898411467704e-06,2.998778759660398e-05,13,0,0,Low Risk
C000541,23,1855.29,0,0,0,0,0.0,0.0,Low Risk,0.0012171607977775054,0.0051390107710932,23,0,0,Low Risk
C000542,18,1280.56,0,0,0,0,0.0,0.0,Low Risk,6.547325150912253e-05,0.000363214796237,18,0,0,Low Risk
C000543,19,851.8,0,0,0,0,0.0,0.0,Low Risk,0.0001643919028962878,0.0008632992929008,19,0,0,Low Risk
C000544,20,1613.07,0,0,0,0,0.0,0.0,Low Risk,0.0003712741759164724,0.0012651187398234,20,0,0,Low Risk
C000545,17,1938.65,0,0,0,0,0.0,0.0,Low Risk,6.624882414118446e-05,0.000180015054889,17,0,0,Low Risk
C000546,21,1594.81,0,0,0,0,0.0,0.0,Low Risk,0.0005844458444071012,0.0023288122231494,21,0,0,Low Risk
C000547,16,1554.08,0,0,0,0,0.0,0.0,Low Risk,2.762057015743212e-05,0.0001116075296314,16,0,0,Low Risk
C000548,48,4810.14,17,10,0,10,0.3541666666666667,0.2083333333333333,High Risk (Fraud & Rules),0.750314683338484,0.999981081006701,48,17,10,"High Risk (Fraud, Rules & Model)"
C000549,22,1481.66,0,0,0,0,0.0,0.0,Low Risk,0.0007804952585028721,0.0037196413433837,22,0,0,Low Risk
C000550,16,1286.48,0,0,0,0,0.0,0.0,Low Risk,5.163357299885022e-05,0.000184766232378,16,0,0,Low Risk
C000551,17,1867.22,0,0,0,0,0.0,0.0,Low Risk,0.00010657491622024345,0.0003059114518932,17,0,0,Low Risk
C000552,17,1095.92,0,0,0,0,0.0,0.0,Low Risk,0.00011517298468061198,0.0002713050660387,17,0,0,Low Risk
C000553,19,1583.69,0,0,0,0,0.0,0.0,Low Risk,0.00018261603189937388,0.0006246319373257,19,0,0,Low Risk
C000554,26,2930.03,0,0,0,0,0.0,0.0,Low Risk,0.005598485204621067,0.0255298456647372,26,0,0,Low Risk
C000555,27,1454.79,0,0,0,0,0.0,0.0,Low Risk,0.012236287478176018,0.0331212001962449,27,0,0,Low Risk
C000556,29,3126.58,0,0,0,0,0.0,0.0,Low Risk,0.034537074612828324,0.1700750136019609,29,0,0,Low Risk
C000557,19,978.43,0,0,0,0,0.0,0.0,Low Risk,0.0003017796420863574,0.0009125152790865,19,0,0,Low Risk
C000558,23,2325.19,0,0,0,0,0.0,0.0,Low Risk,0.0015678372552797913,0.0053810628625342,23,0,0,Low Risk
C000559,26,2508.45,0,0,0,0,0.0,0.0,Low Risk,0.008082050470301567,0.0374036332821689,26,0,0,Low Risk
C000560,23,2418.48,0,0,0,0,0.0,0.0,Low Risk,0.001430508735004814,0.0077919704943522,23,0,0,Low Risk
C000561,16,1347.22,0,0,0,0,0.0,0.0,Low Risk,3.999640546434517e-05,0.0001610913816663,16,0,0,Low Risk
C000562,25,1635.61,0,0,0,0,0.0,0.0,Low Risk,0.003098070948603619,0.0124030846878884,25,0,0,Low Risk
C000563,15,1551.08,0,0,0,0,0.0,0.0,Low Risk,2.2955671412889393e-05,7.31958423715068e-05,15,0,0,Low Risk
C000564,23,2467.54,0,0,0,0,0.0,0.0,Low Risk,0.001961100928309524,0.0133927096977038,23,0,0,Low Risk
C000565,20,1604.64,0,0,0,0,0.0,0.0,Low Risk,0.00031239808259363254,0.0013238488200401,20,0,0,Low Risk
C000566,24,2500.24,0,0,0,0,0.0,0.0,Low Risk,0.0029906279369315753,0.0119775788840602,24,0,0,Low Risk
C000567,19,1338.22,0,0,0,0,0.0,0.0,Low Risk,0.00027684757379197686,0.0013535850412867,19,0,0,Low Risk
C000568,14,831.6,0,0,0,0,0.0,0.0,Low Risk,1.670454146156714e-05,6.583161233986498e-05,14,0,0,Low Risk
C000569,21,1767.19,0,0,0,0,0.0,0.0,Low Risk,0.0006975197518471975,0.0036437877105937,21,0,0,Low Risk
C000570,22,1792.55,0,0,0,0,0.0,0.0,Low Risk,0.0008775263331518256,0.0038556269549451,22,0,0,Low Risk
C000571,20,10354.22,1,0,1,1,0.05,0.05,High Risk (Fraud & Rules),0.05015243665796627,0.9999999999991732,20,1,1,"High Risk (Fraud, Rules & Model)"
C000572,11,635.4,0,0,0,0,0.0,0.0,Low Risk,9.307961072249813e-06,2.178095306593476e-05,11,0,0,Low Risk
C000573,22,2938.48,0,0,0,0,0.0,0.0,Low Risk,0.0015739282580443522,0.0133893393207251,22,0,0,Low Risk
C000574,21,2098.6,0,0,0,0,0.0,0.0,Low Risk,0.00037909888355842263,0.0020474970296069,21,0,0,Low Risk
C000575,19,771.6,0,0,0,0,0.0,0.0,Low Risk,0.00026933055264113535,0.0008657663631191,19,0,0,Low Risk
C000576,23,1461.78,0,0,0,0,0.0,0.0,Low Risk,0.00115159230358421,0.0056571723159286,23,0,0,Low Risk
C000577,19,1761.63,0,0,0,0,0.0,0.0,Low Risk,0.00036704264179687995,0.0032903440368873,19,0,0,Low Risk
C000578,24,2430.21,0,0,0,0,0.0,0.0,Low Risk,0.002389645972765365,0.0123349172075798,24,0,0,Low Risk
C000579,21,2025.57,0,0,0,0,0.0,0.0,Low Risk,0.001608467653103904,0.021019609286797,21,0,0,Low Risk
C000580,13,1173.48,0,0,0,0,0.0,0.0,Low Risk,1.066480998137951e-05,4.292885822542389e-05,13,0,0,Low Risk
C000581,19,1422.25,0,0,0,0,0.0,0.0,Low Risk,0.00017463496035256612,0.0010201825332122,19,0,0,Low Risk
C000582,26,1911.77,0,0,0,0,0.0,0.0,Low Risk,0.005654304603677799,0.0301224615696319,26,0,0,Low Risk
C000583,18,1662.45,0,0,0,0,0.0,0.0,Low Risk,0.00011682650931096387,0.0005389036020362,18,0,0,Low Risk
C000584,13,603.01,0,0,0,0,0.0,0.0,Low Risk,1.620355233896376e-05,6.583277869763597e-05,13,0,0,Low Risk
C000585,21,1842.35,0,0,0,0,0.0,0.0,Low Risk,0.0009352755266000965,0.0023823316193115,21,0,0,Low Risk
C000586,16,11360.64,1,0,1,1,0.0625,0.0625,High Risk (Fraud & Rules),0.06250869261769594,0.9999999999933308,16,1,1,"High Risk (Fraud, Rules & Model)"
C000587,15,6061.03,1,0,1,1,0.0666666666666666,0.0666666666666666,High Risk (Fraud & Rules),0.06667216735698937,0.9999350295603348,15,1,1,"High Risk (Fraud, Rules & Model)"
C000588,22,1663.42,0,0,0,0,0.0,0.0,Low Risk,0.0010033646156910987,0.0046512987904109,22,0,0,Low Risk
C000589,22,1736.1,0,0,0,0,0.0,0.0,Low Risk,0.0008376420852118365,0.0031760223614463,22,0,0,Low Risk
C000590,27,2459.84,0,0,0,0,0.0,0.0,Low Risk,0.007992735124462478,0.0316699160445582,27,0,0,Low Risk
C000591,22,1325.17,0,0,0,0,0.0,0.0,Low Risk,0.0008033947675154009,0.0033581098746323,22,0,0,Low Risk
C000592,19,1924.8,0,0,0,0,0.0,0.0,Low Risk,0.00030167070421695816,0.0008674597810056,19,0,0,Low Risk
C000593,24,1541.02,0,0,0,0,0.0,0.0,Low Risk,0.0021128007128756077,0.007696490718802,24,0,0,Low Risk
C000594,15,1660.73,0,0,0,0,0.0,0.0,Low Risk,6.990020985175857e-05,0.000326810469331,15,0,0,Low Risk
C000595,30,2975.31,0,0,0,0,0.0,0.0,Low Risk,0.03457935665198512,0.1732744657317681,30,0,0,Low Risk
C000596,18,700.61,0,0,0,0,0.0,0.0,Low Risk,0.0001410689544437201,0.0004601944930947,18,0,0,Low Risk
C000597,21,1203.96,0,0,0,0,0.0,0.0,Low Risk,0.0006961235284944129,0.0023827592514166,21,0,0,Low Risk
C000598,21,1830.86,0,0,0,0,0.0,0.0,Low Risk,0.0006431605291426166,0.0029832170514622,21,0,0,Low Risk
C000599,15,582.26,0,0,0,0,0.0,0.0,Low Risk,2.4212603855557206e-05,9.932944440167535e-05,15,0,0,Low Risk
C000600,24,2153.78,0,0,0,0,0.0,0.0,Low Risk,0.0019738635358355974,0.0103684538649383,24,0,0,Low Risk
C000601,30,2106.82,0,0,0,0,0.0,0.0,Low Risk,0.03603307078014773,0.1088148403944442,30,0,0,Low Risk
C000602,22,1343.36,0,0,0,0,0.0,0.0,Low Risk,0.0006388800424077197,0.002558399565484,22,0,0,Low Risk
C000603,33,12109.89,1,0,1,1,0.0303030303030303,0.0303030303030303,High Risk (Fraud & Rules),0.2611217023249438,0.9999999999999998,33,1,1,"High Risk (Fraud, Rules & Model)"
C000604,24,1331.99,0,0,0,0,0.0,0.0,Low Risk,0.0032051128588087056,0.0106478969101675,24,0,0,Low Risk
C000605,21,2719.85,0,0,0,0,0.0,0.0,Low Risk,0.0009388445255824331,0.0079449361576338,21,0,0,Low Risk
C000606,15,779.49,0,0,0,0,0.0,0.0,Low Risk,6.965682093004786e-05,0.0001733944013776,15,0,0,Low Risk
C000607,24,1525.14,0,0,0,0,0.0,0.0,Low Risk,0.002843917054100913,0.0086524644631564,24,0,0,Low Risk
C000608,26,2241.88,0,0,0,0,0.0,0.0,Low Risk,0.005198722822250895,0.0224372640253397,26,0,0,Low Risk
C000609,17,1660.46,0,0,0,0,0.0,0.0,Low Risk,0.00010134161898327664,0.000284319405995,17,0,0,Low Risk
C000610,16,1351.68,0,0,0,0,0.0,0.0,Low Risk,2.5697647115205352e-05,0.0001594288273368,16,0,0,Low Risk
C000611,14,1706.14,0,0,0,0,0.0,0.0,Low Risk,1.149374715340523e-05,7.332908190137132e-05,14,0,0,Low Risk
C000612,29,3028.73,0,0,0,0,0.0,0.0,Low Risk,0.03298125041866136,0.3519893572422861,29,0,0,Low Risk
C000613,31,3169.21,0,0,0,0,0.0,0.0,Low Risk,0.05332269787820146,0.1595257236792073,31,0,0,Low Risk
C000614,20,1985.69,0,0,0,0,0.0,0.0,Low Risk,0.0003429914676366813,0.0017878707967893,20,0,0,Low Risk
C000615,20,1879.18,0,0,0,0,0.0,0.0,Low Risk,0.0005114213825378804,0.0014910465776885,20,0,0,Low Risk
C000616,19,1839.82,0,0,0,0,0.0,0.0,Low Risk,0.0003516953648623209,0.0013813734490248,19,0,0,Low Risk
C000617,15,1600.9,0,0,0,0,0.0,0.0,Low Risk,3.939356447477294e-05,0.00012582665551,15,0,0,Low Risk
C000618,23,1504.09,0,0,0,0,0.0,0.0,Low Risk,0.0013853500096809518,0.0055103841737957,23,0,0,Low Risk
C000619,17,1103.79,0,0,0,0,0.0,0.0,Low Risk,6.078589289051587e-05,0.0003022800817551,17,0,0,Low Risk
C000620,15,674.24,0,0,0,0,0.0,0.0,Low Risk,5.4254578201727666e-05,0.0001558980364903,15,0,0,Low Risk
C000621,14,1238.06,0,0,0,0,0.0,0.0,Low Risk,1.4054350617241003e-05,6.89408788733184e-05,14,0,0,Low Risk
C000622,21,1773.43,0,0,0,0,0.0,0.0,Low Risk,0.0009158427455952318,0.0053117264689784,21,0,0,Low Risk
C000623,19,1243.85,0,0,0,0,0.0,0.0,Low Risk,0.00022279975821387271,0.000657102598086,19,0,0,Low Risk
C000624,24,1968.47,0,0,0,0,0.0,0.0,Low Risk,0.0023480721628799136,0.0109785886391625,24,0,0,Low Risk
C000625,27,3097.17,0,0,0,0,0.0,0.0,Low Risk,0.011554510857070478,0.0462246943246104,27,0,0,Low Risk
C000626,24,1445.53,0,0,0,0,0.0,0.0,Low Risk,0.0012134082121531675,0.0096191529625037,24,0,0,Low Risk
C000627,23,1714.16,0,0,0,0,0.0,0.0,Low Risk,0.0013882389212734319,0.0046184529915728,23,0,0,Low Risk
C000628,15,734.28,0,0,0,0,0.0,0.0,Low Risk,2.8086052219856764e-05,9.834672403218343e-05,15,0,0,Low Risk
C000629,17,1104.52,0,0,0,0,0.0,0.0,Low Risk,5.8333788035974825e-05,0.0002812513733713,17,0,0,Low Risk
C000630,20,1637.99,0,0,0,0,0.0,0.0,Low Risk,0.00035429345247677625,0.0011882707249778,20,0,0,Low Risk
C000631,12,1797.48,0,0,0,0,0.0,0.0,Low Risk,4.912366900643621e-06,1.575207948720387e-05,12,0,0,Low Risk
C000632,14,800.59,0,0,0,0,0.0,0.0,Low Risk,1.9018543878744833e-05,9.504003051447669e-05,14,0,0,Low Risk
C000633,16,1122.42,0,0,0,0,0.0,0.0,Low Risk,1.198358877820207e-05,8.733476442597958e-05,16,0,0,Low Risk
C000634,26,2255.94,0,0,0,0,0.0,0.0,Low Risk,0.006576629911451887,0.041862999463564,26,0,0,Low Risk
C000635,20,1513.78,0,0,0,0,0.0,0.0,Low Risk,0.0005086242941035469,0.0016849757744969,20,0,0,Low Risk
C000636,19,1114.52,0,0,0,0,0.0,0.0,Low Risk,0.00018132129845001342,0.0007234411245411,19,0,0,Low Risk
C000637,24,2495.31,0,0,0,0,0.0,0.0,Low Risk,0.0024384257141873648,0.0122512017167196,24,0,0,Low Risk
C000638,26,1917.9,0,0,0,0,0.0,0.0,Low Risk,0.007539134817800612,0.0240121067673097,26,0,0,Low Risk
C000639,12,562.57,0,0,0,0,0.0,0.0,Low Risk,6.5635321553311515e-06,2.9084745322248253e-05,12,0,0,Low Risk
C000640,24,1574.38,0,0,0,0,0.0,0.0,Low Risk,0.002305577079823602,0.0071553158149161,24,0,0,Low Risk
C000641,17,1500.76,0,0,0,0,0.0,0.0,Low Risk,6.028755777915102e-05,0.0005390787539216,17,0,0,Low Risk
C000642,13,1574.25,0,0,0,0,0.0,0.0,Low Risk,1.266229960640368e-05,4.556307181409617e-05,13,0,0,Low Risk
C000643,17,2055.6,0,0,0,0,0.0,0.0,Low Risk,7.737368140788025e-05,0.0003198798480304,17,0,0,Low Risk
C000644,18,1520.54,0,0,0,0,0.0,0.0,Low Risk,0.00010272257352877975,0.000329669620851,18,0,0,Low Risk
C000645,18,1763.51,0,0,0,0,0.0,0.0,Low Risk,7.223718196053352e-05,0.0003176191524686,18,0,0,Low Risk
C000646,20,1463.61,0,0,0,0,0.0,0.0,Low Risk,0.00034258960523228987,0.0022077732641294,20,0,0,Low Risk
C000647,20,960.91,0,0,0,0,0.0,0.0,Low Risk,0.00039358584079401325,0.0012710986830155,20,0,0,Low Risk
C000648,21,1614.36,0,0,0,0,0.0,0.0,Low Risk,0.00041862119707658047,0.0024756054630194,21,0,0,Low Risk
C000649,19,2019.88,0,0,0,0,0.0,0.0,Low Risk,0.000340687242024432,0.0014524170559832,19,0,0,Low Risk
C000650,16,1459.74,0,0,0,0,0.0,0.0,Low Risk,7.131424371562502e-05,0.0002085365661465,16,0,0,Low Risk
C000651,19,2038.85,0,0,0,0,0.0,0.0,Low Risk,0.00022099313208495902,0.0007649152551753,19,0,0,Low Risk
C000652,20,1830.92,0,0,0,0,0.0,0.0,Low Risk,0.00039323907323110356,0.0012907267793513,20,0,0,Low Risk
C000653,17,1575.11,0,0,0,0,0.0,0.0,Low Risk,5.4596215931581715e-05,0.000272685492822,17,0,0,Low Risk
C000654,18,1789.54,0,0,0,0,0.0,0.0,Low Risk,0.0002231281681498861,0.0009815118662504,18,0,0,Low Risk
C000655,14,950.5,0,0,0,0,0.0,0.0,Low Risk,1.827554375312367e-05,5.563807738096144e-05,14,0,0,Low Risk
C000656,22,1149.52,0,0,0,0,0.0,0.0,Low Risk,0.0006692639648445255,0.0032841265785619,22,0,0,Low Risk
C000657,25,2138.47,0,0,0,0,0.0,0.0,Low Risk,0.0021729158455683685,0.0157134701657098,25,0,0,Low Risk
C000658,19,1157.88,0,0,0,0,0.0,0.0,Low Risk,0.00011914428847450459,0.0005610602348806,19,0,0,Low Risk
C000659,18,1123.01,0,0,0,0,0.0,0.0,Low Risk,9.81607015084863e-05,0.0004619517264845,18,0,0,Low Risk
C000660,20,1112.62,0,0,0,0,0.0,0.0,Low Risk,0.0005549973834030926,0.0013307507934152,20,0,0,Low Risk
C000661,24,1029.76,0,0,0,0,0.0,0.0,Low Risk,0.0029656779278348366,0.0102231762132105,24,0,0,Low Risk
C000662,22,1122.98,0,0,0,0,0.0,0.0,Low Risk,0.0005615526457526344,0.0025591890729928,22,0,0,Low Risk
C000663,26,1438.94,0,0,0,0,0.0,0.0,Low Risk,0.005066726613660932,0.023134248436069,26,0,0,Low Risk
C000664,25,2976.28,0,0,0,0,0.0,0.0,Low Risk,0.0034676754589326353,0.0167121887802041,25,0,0,Low Risk
C000665,23,2244.02,0,0,0,0,0.0,0.0,Low Risk,0.0018405745259886708,0.0114716646886261,23,0,0,Low Risk
C000666,18,1033.54,0,0,0,0,0.0,0.0,Low Risk,0.00019002546931673594,0.0004894776400721,18,0,0,Low Risk
C000667,18,2109.93,0,0,0,0,0.0,0.0,Low Risk,0.0002270256334695635,0.0015554510215846,18,0,0,Low Risk
C000668,25,2161.77,0,0,0,0,0.0,0.0,Low Risk,0.004837961659029279,0.01529324313295,25,0,0,Low Risk
C000669,22,1825.91,0,0,0,0,0.0,0.0,Low Risk,0.000996290930489452,0.0055915030022544,22,0,0,Low Risk
C000670,30,1678.63,0,0,0,0,0.0,0.0,Low Risk,0.024292843782996967,0.0938116521917684,30,0,0,Low Risk
C000671,24,2462.38,0,0,0,0,0.0,0.0,Low Risk,0.002758004405241992,0.0212541398093764,24,0,0,Low Risk
C000672,16,1157.68,0,0,0,0,0.0,0.0,Low Risk,3.4059199046490086e-05,0.00020259588577,16,0,0,Low Risk
C000673,24,1840.97,0,0,0,0,0.0,0.0,Low Risk,0.002823652252351566,0.015901772866927,24,0,0,Low Risk
C000674,16,17853.72,2,0,2,2,0.125,0.125,High Risk (Fraud & Rules),0.1249806467855711,0.9999999999999238,16,2,2,"High Risk (Fraud, Rules & Model)"
C000675,20,1778.78,0,0,0,0,0.0,0.0,Low Risk,0.00032370605193763247,0.0016633052710083,20,0,0,Low Risk
C000676,22,1704.61,0,0,0,0,0.0,0.0,Low Risk,0.0008525187696909434,0.0023015271868942,22,0,0,Low Risk
C000677,20,2015.56,0,0,0,0,0.0,0.0,Low Risk,0.00038267537121932917,0.0011770941728729,20,0,0,Low Risk
C000678,28,2866.02,0,0,0,0,0.0,0.0,Low Risk,0.010918242796495923,0.0740354569013281,28,0,0,Low Risk
C000679,15,1952.84,0,0,0,0,0.0,0.0,Low Risk,3.869291964282569e-05,0.000118337829604,15,0,0,Low Risk
C000680,15,1407.05,0,0,0,0,0.0,0.0,Low Risk,4.345714955087548e-05,0.0001333128889908,15,0,0,Low Risk
C000681,20,1573.53,0,0,0,0,0.0,0.0,Low Risk,0.0003184572885693188,0.0012698233423122,20,0,0,Low Risk
C000682,16,898.42,0,0,0,0,0.0,0.0,Low Risk,8.244469964446355e-05,0.0002278063949687,16,0,0,Low Risk
C000683,24,1431.13,0,0,0,0,0.0,0.0,Low Risk,0.0025092011333012042,0.0073033688098232,24,0,0,Low Risk
C000684,15,904.42,0,0,0,0,0.0,0.0,Low Risk,4.2095447157382285e-05,0.0001033207344836,15,0,0,Low Risk
C000685,21,1532.68,0,0,0,0,0.0,0.0,Low Risk,0.0006329476033278545,0.0020042430211745,21,0,0,Low Risk
C000686,20,1126.79,0,0,0,0,0.0,0.0,Low Risk,0.0002854898230001538,0.0008242231846409,20,0,0,Low Risk
C000687,20,1398.48,0,0,0,0,0.0,0.0,Low Risk,0.0003159011747842013,0.0016033578649714,20,0,0,Low Risk
C000688,28,12546.63,1,0,1,1,0.0357142857142857,0.0357142857142857,High Risk (Fraud & Rules),0.06475884121997884,1.0,28,1,1,"High Risk (Fraud, Rules & Model)"
C000689,24,2277.98,0,0,0,0,0.0,0.0,Low Risk,0.0032224359590727583,0.0108278580952307,24,0,0,Low Risk
C000690,25,1368.56,0,0,0,0,0.0,0.0,Low Risk,0.003193344700597857,0.0122807321259538,25,0,0,Low Risk
C000691,24,1098.54,0,0,0,0,0.0,0.0,Low Risk,0.0011909518245570053,0.0098416346003571,24,0,0,Low Risk
C000692,21,1485.54,0,0,0,0,0.0,0.0,Low Risk,0.0004802743114042849,0.0014157777995005,21,0,0,Low Risk
C000693,22,11347.87,1,0,1,1,0.0454545454545454,0.0454545454545454,High Risk (Fraud & Rules),0.045769075006085735,0.9999999999999594,22,1,1,"High Risk (Fraud, Rules & Model)"
C000694,20,1212.63,0,0,0,0,0.0,0.0,Low Risk,0.00037004732875922034,0.0014753083333759,20,0,0,Low Risk
C000695,12,990.51,0,0,0,0,0.0,0.0,Low Risk,8.143722072945217e-06,2.5793885321164715e-05,12,0,0,Low Risk
C000696,21,888.15,0,0,0,0,0.0,0.0,Low Risk,0.0007203207182337197,0.0025082548826737,21,0,0,Low Risk
C000697,18,1615.91,0,0,0,0,0.0,0.0,Low Risk,0.00024088481292770735,0.0008062862347389,18,0,0,Low Risk
C000698,12,1314.33,0,0,0,0,0.0,0.0,Low Risk,7.224511616863668e-06,2.5616603535585342e-05,12,0,0,Low Risk
C000699,19,1258.55,0,0,0,0,0.0,0.0,Low Risk,0.00017543317076881203,0.0006586920713254,19,0,0,Low Risk
C000700,14,1387.61,0,0,0,0,0.0,0.0,Low Risk,2.26075289710556e-05,6.0946346728284514e-05,14,0,0,Low Risk
C000701,25,3198.37,0,0,0,0,0.0,0.0,Low Risk,0.0030660112628962317,0.0093236175576143,25,0,0,Low Risk
C000702,21,1703.02,0,0,0,0,0.0,0.0,Low Risk,0.0007553668638581536,0.0020763333375109,21,0,0,Low Risk
C000703,19,12952.78,1,0,1,1,0.0526315789473684,0.0526315789473684,High Risk (Fraud & Rules),0.05266637686340621,0.9999999999999992,19,1,1,"High Risk (Fraud, Rules & Model)"
C000704,26,2373.22,0,0,0,0,0.0,0.0,Low Risk,0.008387495819576951,0.0662408271439313,26,0,0,Low Risk
C000705,18,763.0,0,0,0,0,0.0,0.0,Low Risk,0.00010788429650512839,0.0004323792702511,18,0,0,Low Risk
C000706,15,1078.92,0,0,0,0,0.0,0.0,Low Risk,3.2808289346241284e-05,0.0001312457566819,15,0,0,Low Risk
C000707,19,2011.13,0,0,0,0,0.0,0.0,Low Risk,0.00023174551592360882,0.0009778917177478,19,0,0,Low Risk
C000708,17,859.02,0,0,0,0,0.0,0.0,Low Risk,8.768115530498583e-05,0.0003070796652075,17,0,0,Low Risk
C000709,23,1907.96,0,0,0,0,0.0,0.0,Low Risk,0.0021607925227217968,0.010373160047625,23,0,0,Low Risk
C000710,21,1211.04,0,0,0,0,0.0,0.0,Low Risk,0.00046342459295951123,0.0017300846988153,21,0,0,Low Risk
C000711,22,2337.5,0,0,0,0,0.0,0.0,Low Risk,0.0008223779076520656,0.0031978139934793,22,0,0,Low Risk
C000712,33,8371.76,1,0,1,1,0.0303030303030303,0.0303030303030303,High Risk (Fraud & Rules),0.17421506964419994,0.9999999994058442,33,1,1,"High Risk (Fraud, Rules & Model)"
C000713,19,1415.61,0,0,0,0,0.0,0.0,Low Risk,0.0002517823310650489,0.0010250620067219,19,0,0,Low Risk
C000714,15,1135.5,0,0,0,0,0.0,0.0,Low Risk,4.641586164160263e-05,0.0001203141399023,15,0,0,Low Risk
C000715,20,1099.59,0,0,0,0,0.0,0.0,Low Risk,0.0005148344227862442,0.0014747965700078,20,0,0,Low Risk
C000716,18,1096.95,0,0,0,0,0.0,0.0,Low Risk,0.00011213211249457361,0.0004866854976146,18,0,0,Low Risk
C000717,15,819.4200000000001,0,0,0,0,0.0,0.0,Low Risk,3.1994071938489744e-05,9.06463530324425e-05,15,0,0,Low Risk
C000718,19,1792.08,0,0,0,0,0.0,0.0,Low Risk,0.00032630569587493454,0.0007750734276608,19,0,0,Low Risk
C000719,13,1212.8,0,0,0,0,0.0,0.0,Low Risk,1.0709460629982657e-05,7.748398904217244e-05,13,0,0,Low Risk
C000720,13,712.95,0,0,0,0,0.0,0.0,Low Risk,2.0821461060401486e-05,5.336340950941905e-05,13,0,0,Low Risk
C000721,27,1678.8,0,0,0,0,0.0,0.0,Low Risk,0.009178253239156588,0.0366725050054809,27,0,0,Low Risk
C000722,18,2326.05,0,0,0,0,0.0,0.0,Low Risk,0.00038844040791472147,0.0044303936467142,18,0,0,Low Risk
C000723,22,8398.02,1,0,1,1,0.0454545454545454,0.0454545454545454,High Risk (Fraud & Rules),0.04617342297222246,0.9999999772813284,22,1,1,"High Risk (Fraud, Rules & Model)"
C000724,15,795.13,0,0,0,0,0.0,0.0,Low Risk,3.2261563281790164e-05,0.0001148957838651,15,0,0,Low Risk
C000725,30,7388.139999999999,1,0,0,0,0.0333333333333333,0.0,Low Risk,0.12205620346202618,0.9999852057158778,30,1,0,"High Risk (Fraud, Rules & Model)"
C000726,20,1783.07,0,0,0,0,0.0,0.0,Low Risk,0.0004518919938900437,0.0016777109823527,20,0,0,Low Risk
C000727,11,579.49,0,0,0,0,0.0,0.0,Low Risk,8.397024949408483e-06,2.383756996255446e-05,11,0,0,Low Risk
C000728,24,2141.7200000000003,0,0,0,0,0.0,0.0,Low Risk,0.0023337542878474468,0.0093843261704512,24,0,0,Low Risk
C000729,21,1588.27,0,0,0,0,0.0,0.0,Low Risk,0.0006245936956971479,0.0019522953788149,21,0,0,Low Risk
C000730,15,707.76,0,0,0,0,0.0,0.0,Low Risk,4.7978012713662656e-05,0.0001657786707973,15,0,0,Low Risk
C000731,14,1195.6,0,0,0,0,0.0,0.0,Low Risk,2.0898957384563864e-05,9.199913763648311e-05,14,0,0,Low Risk
C000732,25,1553.16,0,0,0,0,0.0,0.0,Low Risk,0.003559947721742522,0.0127041540217503,25,0,0,Low Risk
C000733,23,2349.94,0,0,0,0,0.0,0.0,Low Risk,0.0017863265207536153,0.0082083654848775,23,0,0,Low Risk
C000734,29,2697.4,0,0,0,0,0.0,0.0,Low Risk,0.02281382511279224,0.0865497213849776,29,0,0,Low Risk
C000735,17,2018.39,0,0,0,0,0.0,0.0,Low Risk,2.997626886996585e-05,0.0002267877295373,17,0,0,Low Risk
C000736,20,1282.05,0,0,0,0,0.0,0.0,Low Risk,0.0004120681226563316,0.0009429800334144,20,0,0,Low Risk
C000737,18,1384.67,0,0,0,0,0.0,0.0,Low Risk,0.00020031768865411118,0.0005753534485922,18,0,0,Low Risk
C000738,19,1730.55,0,0,0,0,0.0,0.0,Low Risk,0.00017532939357256717,0.0008307339407739,19,0,0,Low Risk
C000739,22,1445.21,0,0,0,0,0.0,0.0,Low Risk,0.0007343124895583748,0.0025738370072496,22,0,0,Low Risk
C000740,21,1428.95,0,0,0,0,0.0,0.0,Low Risk,0.0003245175649270605,0.0013743077302404,21,0,0,Low Risk
C000741,31,2752.78,0,0,0,0,0.0,0.0,Low Risk,0.05534822668826525,0.2701314454341726,31,0,0,Low Risk
C000742,15,986.34,0,0,0,0,0.0,0.0,Low Risk,3.1390614917653095e-05,0.0001051432530452,15,0,0,Low Risk
C000743,19,1550.95,0,0,0,0,0.0,0.0,Low Risk,0.0003164797132522644,0.0007364877780376,19,0,0,Low Risk
C000744,16,1002.64,0,0,0,0,0.0,0.0,Low Risk,3.67058532457256e-05,0.0001318616974758,16,0,0,Low Risk
C000745,24,1742.36,0,0,0,0,0.0,0.0,Low Risk,0.0025574175268232727,0.010841366929647,24,0,0,Low Risk
C000746,19,1587.39,0,0,0,0,0.0,0.0,Low Risk,0.00018300917645103657,0.0005796547062578,19,0,0,Low Risk
C000747,17,1912.92,0,0,0,0,0.0,0.0,Low Risk,6.889244849305123e-05,0.0002453253448563,17,0,0,Low Risk
C000748,20,1021.84,0,0,0,0,0.0,0.0,Low Risk,0.00019823057784706908,0.0009047041750069,20,0,0,Low Risk
C000749,26,1888.83,0,0,0,0,0.0,0.0,Low Risk,0.004869150478435812,0.0162848161993396,26,0,0,Low Risk
C000750,26,1784.61,0,0,0,0,0.0,0.0,Low Risk,0.0049317032977222045,0.0210745632737836,26,0,0,Low Risk
C000751,24,6005.799999999999,1,0,0,0,0.0416666666666666,0.0,Low Risk,0.04435860185096952,0.9998121312621724,24,1,0,"High Risk (Fraud, Rules & Model)"
C000752,17,996.66,0,0,0,0,0.0,0.0,Low Risk,5.967362644177849e-05,0.0002806272778059,17,0,0,Low Risk
C000753,26,2106.43,0,0,0,0,0.0,0.0,Low Risk,0.005277433273001828,0.0210886012636772,26,0,0,Low Risk
C000754,30,1860.73,0,0,0,0,0.0,0.0,Low Risk,0.02433367466128836,0.1268376631470936,30,0,0,Low Risk
C000755,41,3564.28,11,0,0,0,0.2682926829268293,0.0,Low Risk,0.5796680280319213,0.9708080734994776,41,11,0,"High Risk (Fraud, Rules & Model)"
C000756,17,1039.38,0,0,0,0,0.0,0.0,Low Risk,8.568183707012622e-05,0.0003079799982866,17,0,0,Low Risk
C000757,17,1167.68,0,0,0,0,0.0,0.0,Low Risk,0.0001136212961053991,0.0003725095654691,17,0,0,Low Risk
C000758,18,1224.6,0,0,0,0,0.0,0.0,Low Risk,0.00016818974006016483,0.0005481736596171,18,0,0,Low Risk
C000759,26,2324.13,0,0,0,0,0.0,0.0,Low Risk,0.007227378832724349,0.0388115247796818,26,0,0,Low Risk
C000760,17,1011.13,0,0,0,0,0.0,0.0,Low Risk,6.189412836054859e-05,0.000333825080367,17,0,0,Low Risk
C000761,20,2245.99,0,0,0,0,0.0,0.0,Low Risk,0.00043666015788995226,0.0011965707543932,20,0,0,Low Risk
C000762,17,1914.89,0,0,0,0,0.0,0.0,Low Risk,8.816535433756158e-05,0.0003098308886631,17,0,0,Low Risk
C000763,17,2052.29,0,0,0,0,0.0,0.0,Low Risk,0.00015437817411558357,0.0006872524352403,17,0,0,Low Risk
C000764,17,1108.05,0,0,0,0,0.0,0.0,Low Risk,0.00010213769391977489,0.0002436757198214,17,0,0,Low Risk
C000765,21,2741.34,0,0,0,0,0.0,0.0,Low Risk,0.0033852439275990176,0.0562870608044998,21,0,0,Low Risk
C000766,19,2121.35,0,0,0,0,0.0,0.0,Low Risk,0.00030006232170270145,0.0018620649520108,19,0,0,Low Risk
C000767,17,1729.05,0,0,0,0,0.0,0.0,Low Risk,5.461133469011881e-05,0.0002441750143897,17,0,0,Low Risk
C000768,22,2017.48,0,0,0,0,0.0,0.0,Low Risk,0.0013520188566854784,0.0071118348508137,22,0,0,Low Risk
C000769,19,989.91,0,0,0,0,0.0,0.0,Low Risk,0.00022761805171357045,0.0009741842836404,19,0,0,Low Risk
C000770,21,1405.11,0,0,0,0,0.0,0.0,Low Risk,0.000762500460960955,0.0032157210644844,21,0,0,Low Risk
C000771,22,7416.49,1,0,1,1,0.0454545454545454,0.0454545454545454,High Risk (Fraud & Rules),0.04619484303450248,0.9999999605729436,22,1,1,"High Risk (Fraud, Rules & Model)"
C000772,16,952.01,0,0,0,0,0.0,0.0,Low Risk,4.9741486198963e-05,0.0002465055318691,16,0,0,Low Risk
C000773,18,1383.26,0,0,0,0,0.0,0.0,Low Risk,0.00017977766499690734,0.0007658856080485,18,0,0,Low Risk
C000774,17,1463.72,0,0,0,0,0.0,0.0,Low Risk,0.00010866364360484177,0.0005485730865205,17,0,0,Low Risk
C000775,17,1729.78,0,0,0,0,0.0,0.0,Low Risk,8.94077743027331e-05,0.0003443198405193,17,0,0,Low Risk
C000776,20,1212.76,0,0,0,0,0.0,0.0,Low Risk,0.00023954246485152173,0.0009641699575306,20,0,0,Low Risk
C000777,18,1196.65,0,0,0,0,0.0,0.0,Low Risk,0.00014834337386311218,0.0005167966576188,18,0,0,Low Risk
C000778,20,1574.21,0,0,0,0,0.0,0.0,Low Risk,0.0005770697611531798,0.0014853689881649,20,0,0,Low Risk
C000779,21,2142.44,0,0,0,0,0.0,0.0,Low Risk,0.0006274536903668738,0.0022749587646614,21,0,0,Low Risk
C000780,14,1246.27,0,0,0,0,0.0,0.0,Low Risk,2.8066552578273356e-05,6.655522760880812e-05,14,0,0,Low Risk
C000781,24,2038.73,0,0,0,0,0.0,0.0,Low Risk,0.0015676736615587896,0.0092508398362414,24,0,0,Low Risk
C000782,22,1808.74,0,0,0,0,0.0,0.0,Low Risk,0.0007595047949377789,0.0048586717020766,22,0,0,Low Risk
C000783,29,2550.35,0,0,0,0,0.0,0.0,Low Risk,0.02780961994753444,0.0827898481558541,29,0,0,Low Risk
C000784,14,1242.7,0,0,0,0,0.0,0.0,Low Risk,1.6503408451594332e-05,5.1434114250476094e-05,14,0,0,Low Risk
C000785,23,1622.89,0,0,0,0,0.0,0.0,Low Risk,0.0014949980869099625,0.0047808739776014,23,0,0,Low Risk
C000786,21,1289.17,0,0,0,0,0.0,0.0,Low Risk,0.0004709010145274093,0.001622110289461,21,0,0,Low Risk
C000787,27,1907.62,0,0,0,0,0.0,0.0,Low Risk,0.007913984386824845,0.0301768227123706,27,0,0,Low Risk
C000788,14,667.11,0,0,0,0,0.0,0.0,Low Risk,2.463230881244056e-05,0.0001096567614415,14,0,0,Low Risk
C000789,14,1221.65,0,0,0,0,0.0,0.0,Low Risk,2.7799475992126427e-05,7.004348536762992e-05,14,0,0,Low Risk
C000790,18,1425.4,0,0,0,0,0.0,0.0,Low Risk,0.00017401934505846387,0.0006499631992053,18,0,0,Low Risk
C000791,19,1418.63,0,0,0,0,0.0,0.0,Low Risk,0.00027335539916950905,0.0010169339223406,19,0,0,Low Risk
C000792,16,1363.0,0,0,0,0,0.0,0.0,Low Risk,6.728784589937657e-05,0.0002606617795594,16,0,0,Low Risk
C000793,25,1656.87,0,0,0,0,0.0,0.0,Low Risk,0.004371009554994968,0.0152444676068797,25,0,0,Low Risk
C000794,19,935.64,0,0,0,0,0.0,0.0,Low Risk,0.0002840460798566673,0.0008775922589098,19,0,0,Low Risk
C000795,27,1545.63,0,0,0,0,0.0,0.0,Low Risk,0.007229336849492322,0.0345781884394208,27,0,0,Low Risk
C000796,17,1028.81,0,0,0,0,0.0,0.0,Low Risk,8.274647693127716e-05,0.0002640142894001,17,0,0,Low Risk
C000797,19,1307.11,0,0,0,0,0.0,0.0,Low Risk,0.0002529194168820051,0.0007918640600152,19,0,0,Low Risk
C000798,19,971.43,0,0,0,0,0.0,0.0,Low Risk,0.00019853750687888805,0.0008472431433855,19,0,0,Low Risk
C000799,21,1143.98,0,0,0,0,0.0,0.0,Low Risk,0.0007659795578722014,0.0024694701053304,21,0,0,Low Risk
C000800,19,1405.98,0,0,0,0,0.0,0.0,Low Risk,0.00030656595732272344,0.0009661638780938,19,0,0,Low Risk
C000801,16,2022.48,0,0,0,0,0.0,0.0,Low Risk,8.175450531570355e-05,0.0002587781815388,16,0,0,Low Risk
C000802,23,1808.71,0,0,0,0,0.0,0.0,Low Risk,0.0013433645803940294,0.0078688821052513,23,0,0,Low Risk
C000803,19,1724.82,0,0,0,0,0.0,0.0,Low Risk,0.0004663871530126924,0.0013905960577876,19,0,0,Low Risk
C000804,54,2944.62,21,13,0,13,0.3888888888888889,0.2407407407407407,High Risk (Fraud & Rules),0.7426414186934193,0.9999986907743392,54,21,13,"High Risk (Fraud, Rules & Model)"
C000805,21,2537.54,0,0,0,0,0.0,0.0,Low Risk,0.00033208809994937047,0.0013613896462424,21,0,0,Low Risk
C000806,22,1716.47,0,0,0,0,0.0,0.0,Low Risk,0.0013924344291765512,0.0038429913919624,22,0,0,Low Risk
C000807,19,1063.79,0,0,0,0,0.0,0.0,Low Risk,0.00025368944396175265,0.0007035477118695,19,0,0,Low Risk
C000808,17,1176.76,0,0,0,0,0.0,0.0,Low Risk,0.0001221956197326091,0.0004382849170175,17,0,0,Low Risk
C000809,21,1543.63,0,0,0,0,0.0,0.0,Low Risk,0.0006357470207716842,0.0022071144618565,21,0,0,Low Risk
C000810,21,1694.76,0,0,0,0,0.0,0.0,Low Risk,0.0005984509401749204,0.0022692309891588,21,0,0,Low Risk
C000811,14,1077.45,0,0,0,0,0.0,0.0,Low Risk,4.0397659378016726e-05,8.54540922415861e-05,14,0,0,Low Risk
C000812,18,1032.14,0,0,0,0,0.0,0.0,Low Risk,0.00015424522100662615,0.0007097459121533,18,0,0,Low Risk
C000813,24,13840.13,1,0,1,1,0.0416666666666666,0.0416666666666666,High Risk (Fraud & Rules),0.04340077567885639,0.9999999999999998,24,1,1,"High Risk (Fraud, Rules & Model)"
C000814,21,1009.16,0,0,0,0,0.0,0.0,Low Risk,0.00045785440927505915,0.0020623585979979,21,0,0,Low Risk
C000815,17,1174.03,0,0,0,0,0.0,0.0,Low Risk,8.722609231882126e-05,0.0003703823615844,17,0,0,Low Risk
C000816,22,1198.37,0,0,0,0,0.0,0.0,Low Risk,0.0008875532649743767,0.0026904338914395,22,0,0,Low Risk
C000817,20,1620.74,0,0,0,0,0.0,0.0,Low Risk,0.0003988808141133167,0.0013209306416606,20,0,0,Low Risk
C000818,28,2099.97,0,0,0,0,0.0,0.0,Low Risk,0.010555766603505672,0.051295007152403,28,0,0,Low Risk
C000819,12,923.72,0,0,0,0,0.0,0.0,Low Risk,6.678496532124034e-06,2.228607482710577e-05,12,0,0,Low Risk
C000820,16,1454.0,0,0,0,0,0.0,0.0,Low Risk,7.911057588528287e-05,0.0002605378777818,16,0,0,Low Risk
C000821,21,1747.5,0,0,0,0,0.0,0.0,Low Risk,0.00045045240584011185,0.0022219077928222,21,0,0,Low Risk
C000822,18,1394.04,0,0,0,0,0.0,0.0,Low Risk,0.00012831883980215207,0.0005084003931521,18,0,0,Low Risk
C000823,24,1853.99,0,0,0,0,0.0,0.0,Low Risk,0.0018670238792355633,0.0088858096190019,24,0,0,Low Risk
C000824,11,582.6800000000001,0,0,0,0,0.0,0.0,Low Risk,9.01617749781328e-06,2.1378607834423955e-05,11,0,0,Low Risk
C000825,21,2088.16,0,0,0,0,0.0,0.0,Low Risk,0.0007718510276501954,0.0035151180632118,21,0,0,Low Risk
C000826,24,1404.14,0,0,0,0,0.0,0.0,Low Risk,0.0012079794816621913,0.0050091430591465,24,0,0,Low Risk
C000827,21,1292.26,0,0,0,0,0.0,0.0,Low Risk,0.0007066026479653136,0.0023682946236294,21,0,0,Low Risk
C000828,23,2693.83,0,0,0,0,0.0,0.0,Low Risk,0.0016203137105923633,0.0084080659477979,23,0,0,Low Risk
C000829,20,1606.83,0,0,0,0,0.0,0.0,Low Risk,0.000244547229132455,0.0010569764413713,20,0,0,Low Risk
C000830,18,1817.53,0,0,0,0,0.0,0.0,Low Risk,0.0001486882676390939,0.000578708972378,18,0,0,Low Risk
C000831,23,1550.52,0,0,0,0,0.0,0.0,Low Risk,0.0015901656717986798,0.0093105269251286,23,0,0,Low Risk
C000832,20,1772.44,0,0,0,0,0.0,0.0,Low Risk,0.0005037673510295767,0.0018459144450328,20,0,0,Low Risk
C000833,17,2082.06,0,0,0,0,0.0,0.0,Low Risk,0.00014650339834214313,0.0015234710480038,17,0,0,Low Risk
C000834,18,1722.95,0,0,0,0,0.0,0.0,Low Risk,0.00022487857888949894,0.0012227835425299,18,0,0,Low Risk
C000835,18,906.37,0,0,0,0,0.0,0.0,Low Risk,0.00016654450799848193,0.0005415751550288,18,0,0,Low Risk
C000836,31,2542.54,0,0,0,0,0.0,0.0,Low Risk,0.07436700689591674,0.3436164823997825,31,0,0,Low Risk
C000837,19,1731.41,0,0,0,0,0.0,0.0,Low Risk,0.00029296657621324067,0.0012486009332035,19,0,0,Low Risk
C000838,15,1469.86,0,0,0,0,0.0,0.0,Low Risk,2.337582328640346e-05,0.0001244421379139,15,0,0,Low Risk
C000839,21,1578.5,0,0,0,0,0.0,0.0,Low Risk,0.0007587575760529955,0.0019230378351336,21,0,0,Low Risk
C000840,20,2305.76,0,0,0,0,0.0,0.0,Low Risk,0.00038053415500006343,0.0010646702544302,20,0,0,Low Risk
C000841,16,1352.13,0,0,0,0,0.0,0.0,Low Risk,4.888426296996337e-05,0.0001815637445729,16,0,0,Low Risk
C000842,20,1447.92,0,0,0,0,0.0,0.0,Low Risk,0.00026996800478682674,0.0010004132230687,20,0,0,Low Risk
C000843,25,2042.08,0,0,0,0,0.0,0.0,Low Risk,0.003305168844612101,0.0157995593773349,25,0,0,Low Risk
C000844,14,502.9,0,0,0,0,0.0,0.0,Low Risk,2.3344615046419968e-05,8.150829027767366e-05,14,0,0,Low Risk
C000845,19,1868.41,0,0,0,0,0.0,0.0,Low Risk,0.0002648914102728116,0.0012604381416644,19,0,0,Low Risk
C000846,19,1422.76,0,0,0,0,0.0,0.0,Low Risk,0.00019029993201773233,0.0009643433498546,19,0,0,Low Risk
C000847,18,1109.92,0,0,0,0,0.0,0.0,Low Risk,0.00018585576954735633,0.0006202065776778,18,0,0,Low Risk
C000848,22,1786.63,0,0,0,0,0.0,0.0,Low Risk,0.0011991638664004924,0.0034790458242041,22,0,0,Low Risk
C000849,28,2171.17,0,0,0,0,0.0,0.0,Low Risk,0.018186009867337677,0.1093981236083685,28,0,0,Low Risk
C000850,21,1203.66,0,0,0,0,0.0,0.0,Low Risk,0.000713937872727643,0.0020778874643584,21,0,0,Low Risk
C000851,25,1318.46,0,0,0,0,0.0,0.0,Low Risk,0.003393299525168464,0.0108942146355526,25,0,0,Low Risk
C000852,20,995.88,0,0,0,0,0.0,0.0,Low Risk,0.0004734238492303621,0.0014751492382511,20,0,0,Low Risk
C000853,18,1090.41,0,0,0,0,0.0,0.0,Low Risk,0.0001531438337531386,0.0006228668856332,18,0,0,Low Risk
C000854,26,1635.87,0,0,0,0,0.0,0.0,Low Risk,0.009352092484299841,0.0240324112741269,26,0,0,Low Risk
C000855,21,1454.64,0,0,0,0,0.0,0.0,Low Risk,0.0004179884361514361,0.0018196313169607,21,0,0,Low Risk
C000856,19,1077.79,0,0,0,0,0.0,0.0,Low Risk,0.0003475541520912062,0.0010817360235979,19,0,0,Low Risk
C000857,27,2595.59,0,0,0,0,0.0,0.0,Low Risk,0.0063692174958284485,0.0306659918449608,27,0,0,Low Risk
C000858,19,1630.56,0,0,0,0,0.0,0.0,Low Risk,0.00024822636586593417,0.0008141448198005,19,0,0,Low Risk
C000859,27,2894.69,0,0,0,0,0.0,0.0,Low Risk,0.007296973962432678,0.0379787641429572,27,0,0,Low Risk
C000860,25,1915.09,0,0,0,0,0.0,0.0,Low Risk,0.004556430585565171,0.0159532540229822,25,0,0,Low Risk
C000861,17,1621.22,0,0,0,0,0.0,0.0,Low Risk,9.688535892127075e-05,0.0004651818960572,17,0,0,Low Risk
C000862,20,1017.04,0,0,0,0,0.0,0.0,Low Risk,0.0002067615898226537,0.0007795793612442,20,0,0,Low Risk
C000863,20,2938.51,0,0,0,0,0.0,0.0,Low Risk,0.0005771544346553883,0.0042820718453994,20,0,0,Low Risk
C000864,13,1126.09,0,0,0,0,0.0,0.0,Low Risk,2.6781920105852738e-05,0.0001282944123838,13,0,0,Low Risk
C000865,22,1097.82,0,0,0,0,0.0,0.0,Low Risk,0.0006229896115776242,0.0021444896198443,22,0,0,Low Risk
C000866,14,633.35,0,0,0,0,0.0,0.0,Low Risk,1.6533145217620646e-05,7.918630876085946e-05,14,0,0,Low Risk
C000867,20,1609.57,0,0,0,0,0.0,0.0,Low Risk,0.0006023274787026551,0.0016328025598563,20,0,0,Low Risk
C000868,17,1240.25,0,0,0,0,0.0,0.0,Low Risk,0.00016729149821955968,0.0003409062505002,17,0,0,Low Risk
C000869,15,1055.83,0,0,0,0,0.0,0.0,Low Risk,2.7341416383574492e-05,0.0001517841363949,15,0,0,Low Risk
C000870,20,1695.92,0,0,0,0,0.0,0.0,Low Risk,0.00042637223693307326,0.0016045735263894,20,0,0,Low Risk
C000871,27,2983.38,0,0,0,0,0.0,0.0,Low Risk,0.00985099063193949,0.0351018287902214,27,0,0,Low Risk
C000872,24,1895.76,0,0,0,0,0.0,0.0,Low Risk,0.0026546587648719733,0.0122887086242364,24,0,0,Low Risk
C000873,19,1658.4,0,0,0,0,0.0,0.0,Low Risk,0.00027828132889215647,0.0009316356616466,19,0,0,Low Risk
C000874,22,1099.52,0,0,0,0,0.0,0.0,Low Risk,0.0009093889829179333,0.0023396589697881,22,0,0,Low Risk
C000875,28,1903.29,0,0,0,0,0.0,0.0,Low Risk,0.013885191218899296,0.0571247629873354,28,0,0,Low Risk
C000876,29,2317.4300000000003,0,0,0,0,0.0,0.0,Low Risk,0.020919586889878505,0.0758919346297389,29,0,0,Low Risk
C000877,15,965.52,0,0,0,0,0.0,0.0,Low Risk,2.9559335306032214e-05,8.737786467673593e-05,15,0,0,Low Risk
C000878,19,2372.91,0,0,0,0,0.0,0.0,Low Risk,0.00017037589042208853,0.0007675530392673,19,0,0,Low Risk
C000879,15,695.91,0,0,0,0,0.0,0.0,Low Risk,3.482221595675252e-05,0.0001734783569884,15,0,0,Low Risk
C000880,16,2067.82,0,0,0,0,0.0,0.0,Low Risk,7.1552971605037e-05,0.0003172704490897,16,0,0,Low Risk
C000881,29,3605.57,0,0,0,0,0.0,0.0,Low Risk,0.02588551122513866,0.1931942295633881,29,0,0,Low Risk
C000882,14,1109.01,0,0,0,0,0.0,0.0,Low Risk,2.450238834640951e-05,8.899489574501977e-05,14,0,0,Low Risk
C000883,21,1795.92,0,0,0,0,0.0,0.0,Low Risk,0.0004939126011213773,0.001869024264062,21,0,0,Low Risk
C000884,24,1506.7,0,0,0,0,0.0,0.0,Low Risk,0.0021418121345647433,0.0109655511164873,24,0,0,Low Risk
C000885,14,1086.74,0,0,0,0,0.0,0.0,Low Risk,6.010148850227587e-06,4.46388400857419e-05,14,0,0,Low Risk
C000886,20,1282.96,0,0,0,0,0.0,0.0,Low Risk,0.000466194568443768,0.0015073249778685,20,0,0,Low Risk
C000887,18,1138.82,0,0,0,0,0.0,0.0,Low Risk,0.0001289659323987863,0.0005111298204667,18,0,0,Low Risk
C000888,20,1936.62,0,0,0,0,0.0,0.0,Low Risk,0.00043877147536410357,0.0015187466213457,20,0,0,Low Risk
C000889,25,2062.0,0,0,0,0,0.0,0.0,Low Risk,0.005014946173224904,0.0238777943337661,25,0,0,Low Risk
C000890,12,995.26,0,0,0,0,0.0,0.0,Low Risk,4.742201984639923e-06,2.659028579921953e-05,12,0,0,Low Risk
C000891,17,1493.37,0,0,0,0,0.0,0.0,Low Risk,6.121019312109533e-05,0.0002321528640083,17,0,0,Low Risk
C000892,16,1303.68,0,0,0,0,0.0,0.0,Low Risk,5.701799166401183e-05,0.0001462650115702,16,0,0,Low Risk
C000893,21,1175.13,0,0,0,0,0.0,0.0,Low Risk,0.0006345208297991832,0.002174935366986,21,0,0,Low Risk
C000894,10,399.88,0,0,0,0,0.0,0.0,Low Risk,5.621745271982712e-06,1.549360922191675e-05,10,0,0,Low Risk
C000895,22,1519.99,0,0,0,0,0.0,0.0,Low Risk,0.0010936596940221022,0.0030433853479231,22,0,0,Low Risk
C000896,24,1645.91,0,0,0,0,0.0,0.0,Low Risk,0.002606933682180233,0.0067259801408172,24,0,0,Low Risk
C000897,21,1188.7,0,0,0,0,0.0,0.0,Low Risk,0.0004942707289028028,0.0018438665231802,21,0,0,Low Risk
C000898,22,2087.81,0,0,0,0,0.0,0.0,Low Risk,0.001333462530889499,0.0057846515225807,22,0,0,Low Risk
C000899,21,2334.81,0,0,0,0,0.0,0.0,Low Risk,0.0005164981480417099,0.0017396851169025,21,0,0,Low Risk
C000900,26,7046.02,1,0,0,0,0.0384615384615384,0.0,Low Risk,0.043416722772947586,0.9999396855176756,26,1,0,"High Risk (Fraud, Rules & Model)"
C000901,18,1306.19,0,0,0,0,0.0,0.0,Low Risk,0.00017669152992465725,0.0010962069093596,18,0,0,Low Risk
C000902,28,1688.95,0,0,0,0,0.0,0.0,Low Risk,0.016594092116116965,0.0482219826468555,28,0,0,Low Risk
C000903,16,2008.31,0,0,0,0,0.0,0.0,Low Risk,3.777143550785825e-05,0.0001965248697045,16,0,0,Low Risk
C000904,26,1648.81,0,0,0,0,0.0,0.0,Low Risk,0.005408514881588749,0.027566336355842,26,0,0,Low Risk
C000905,18,1520.22,0,0,0,0,0.0,0.0,Low Risk,0.0001648053313214381,0.0005541024733126,18,0,0,Low Risk
C000906,23,2068.49,0,0,0,0,0.0,0.0,Low Risk,0.001347181633129118,0.0047949833535669,23,0,0,Low Risk
C000907,29,2560.16,0,0,0,0,0.0,0.0,Low Risk,0.02838758397692213,0.1069449808610901,29,0,0,Low Risk
C000908,10,389.39,0,0,0,0,0.0,0.0,Low Risk,6.585553987187272e-06,1.904278197123941e-05,10,0,0,Low Risk
C000909,22,1108.55,0,0,0,0,0.0,0.0,Low Risk,0.0012912699645202244,0.0034598292666961,22,0,0,Low Risk
C000910,14,1113.78,0,0,0,0,0.0,0.0,Low Risk,1.526890676686167e-05,8.63943635053287e-05,14,0,0,Low Risk
C000911,15,987.08,0,0,0,0,0.0,0.0,Low Risk,4.643080057797772e-05,9.716560821279684e-05,15,0,0,Low Risk
C000912,28,1853.08,0,0,0,0,0.0,0.0,Low Risk,0.017079511686419396,0.0476355053209519,28,0,0,Low Risk
C000913,18,1365.67,0,0,0,0,0.0,0.0,Low Risk,0.00019736145635006582,0.0010208002268324,18,0,0,Low Risk
C000914,15,866.97,0,0,0,0,0.0,0.0,Low Risk,4.4245126454291714e-05,0.000143283434909,15,0,0,Low Risk
C000915,16,1536.31,0,0,0,0,0.0,0.0,Low Risk,4.618466491606416e-05,0.0001684989262783,16,0,0,Low Risk
C000916,22,2629.95,0,0,0,0,0.0,0.0,Low Risk,0.0008508299416111622,0.0024994756806642,22,0,0,Low Risk
C000917,19,1146.72,0,0,0,0,0.0,0.0,Low Risk,0.0002501282762646659,0.0008799726782252,19,0,0,Low Risk
C000918,19,1257.2,0,0,0,0,0.0,0.0,Low Risk,0.00029025222005077845,0.0008203814935665,19,0,0,Low Risk
C000919,19,1717.99,0,0,0,0,0.0,0.0,Low Risk,0.0003185623716252323,0.001068835729946,19,0,0,Low Risk
C000920,14,1058.85,0,0,0,0,0.0,0.0,Low Risk,2.091665847197624e-05,7.780088519783233e-05,14,0,0,Low Risk
C000921,17,1193.73,0,0,0,0,0.0,0.0,Low Risk,0.00012129218574073962,0.0008766632043519,17,0,0,Low Risk
C000922,20,1089.61,0,0,0,0,0.0,0.0,Low Risk,0.0002851394308041829,0.0011659345826285,20,0,0,Low Risk
C000923,20,11021.09,1,0,1,1,0.05,0.05,High Risk (Fraud & Rules),0.05010360484205458,0.9999999999999176,20,1,1,"High Risk (Fraud, Rules & Model)"
C000924,18,1895.13,0,0,0,0,0.0,0.0,Low Risk,0.00019589658355867332,0.0013409933995886,18,0,0,Low Risk
C000925,18,1612.63,0,0,0,0,0.0,0.0,Low Risk,8.412128013601625e-05,0.0003283130771275,18,0,0,Low Risk
C000926,19,1920.07,0,0,0,0,0.0,0.0,Low Risk,0.00028119777920950065,0.0010564390057419,19,0,0,Low Risk
C000927,26,9883.44,1,0,1,1,0.0384615384615384,0.0384615384615384,High Risk (Fraud & Rules),0.04711781325063055,0.999999999995685,26,1,1,"High Risk (Fraud, Rules & Model)"
C000928,23,2534.7,0,0,0,0,0.0,0.0,Low Risk,0.0019440248967350358,0.012576893558654,23,0,0,Low Risk
C000929,15,1074.06,0,0,0,0,0.0,0.0,Low Risk,1.4999976216616182e-05,0.0001093070435503,15,0,0,Low Risk
C000930,18,1292.56,0,0,0,0,0.0,0.0,Low Risk,0.00014674870829730474,0.0006141654342428,18,0,0,Low Risk
C000931,16,909.7,0,0,0,0,0.0,0.0,Low Risk,7.284406498607538e-05,0.000210426043235,16,0,0,Low Risk
C000932,20,1316.72,0,0,0,0,0.0,0.0,Low Risk,0.0002703622524606596,0.0013827279443928,20,0,0,Low Risk
C000933,14,531.86,0,0,0,0,0.0,0.0,Low Risk,2.438417522752876e-05,0.0001130709005634,14,0,0,Low Risk
C000934,15,1188.0,0,0,0,0,0.0,0.0,Low Risk,2.9644934495280098e-05,0.0001065981285107,15,0,0,Low Risk
C000935,19,816.14,0,0,0,0,0.0,0.0,Low Risk,0.00017925701711402468,0.0006413029816845,19,0,0,Low Risk
C000936,15,964.52,0,0,0,0,0.0,0.0,Low Risk,2.708162819966499e-05,9.738064267589268e-05,15,0,0,Low Risk
C000937,17,718.9,0,0,0,0,0.0,0.0,Low Risk,9.085859543325173e-05,0.0003662513939934,17,0,0,Low Risk
C000938,20,2218.23,0,0,0,0,0.0,0.0,Low Risk,0.0002311967401607658,0.0013272257197676,20,0,0,Low Risk
C000939,22,1489.05,0,0,0,0,0.0,0.0,Low Risk,0.0010318940135613072,0.0034238215476262,22,0,0,Low Risk
C000940,11,571.11,0,0,0,0,0.0,0.0,Low Risk,5.429652774886902e-06,2.110007543810753e-05,11,0,0,Low Risk
C000941,17,1332.74,0,0,0,0,0.0,0.0,Low Risk,7.303124108435292e-05,0.0003123432568701,17,0,0,Low Risk
C000942,24,1800.2,0,0,0,0,0.0,0.0,Low Risk,0.0026039339549538683,0.0086503894984391,24,0,0,Low Risk
C000943,26,2011.61,0,0,0,0,0.0,0.0,Low Risk,0.004028013316800486,0.0186209156767084,26,0,0,Low Risk
C000944,24,1515.37,0,0,0,0,0.0,0.0,Low Risk,0.0018045052911702724,0.0100155856822141,24,0,0,Low Risk
C000945,16,1180.14,0,0,0,0,0.0,0.0,Low Risk,4.969936198875109e-05,0.0001565092631919,16,0,0,Low Risk
C000946,20,1565.75,0,0,0,0,0.0,0.0,Low Risk,0.0005017828277188022,0.0024566534293616,20,0,0,Low Risk
C000947,18,1842.37,0,0,0,0,0.0,0.0,Low Risk,0.00018793966963766938,0.0007850690894575,18,0,0,Low Risk
C000948,26,9604.1,1,0,1,1,0.0384615384615384,0.0384615384615384,High Risk (Fraud & Rules),0.048323461639296655,0.9999999999858084,26,1,1,"High Risk (Fraud, Rules & Model)"
C000949,18,10800.15,1,0,1,1,0.0555555555555555,0.0555555555555555,High Risk (Fraud & Rules),0.05558608648255613,0.9999999999948466,18,1,1,"High Risk (Fraud, Rules & Model)"
C000950,16,986.52,0,0,0,0,0.0,0.0,Low Risk,5.704687856439561e-05,0.0002119491080176,16,0,0,Low Risk
C000951,21,1512.76,0,0,0,0,0.0,0.0,Low Risk,0.0008033499985124441,0.0028248177581804,21,0,0,Low Risk
C000952,23,1199.57,0,0,0,0,0.0,0.0,Low Risk,0.0016875369563733558,0.0059910058445924,23,0,0,Low Risk
C000953,9,511.33,0,0,0,0,0.0,0.0,Low Risk,2.2600852093698665e-06,7.27044938324883e-06,9,0,0,Low Risk
C000954,25,3274.29,0,0,0,0,0.0,0.0,Low Risk,0.024122521874876828,0.497894898517386,25,0,0,Low Risk
C000955,20,1671.03,0,0,0,0,0.0,0.0,Low Risk,0.0003161917440336898,0.001391003485276,20,0,0,Low Risk
C000956,13,1354.94,0,0,0,0,0.0,0.0,Low Risk,1.0108073490243593e-05,9.2239563107913e-05,13,0,0,Low Risk
C000957,26,2644.07,0,0,0,0,0.0,0.0,Low Risk,0.004697922987575806,0.0176508873003008,26,0,0,Low Risk
C000958,12,667.62,0,0,0,0,0.0,0.0,Low Risk,5.954357278648091e-06,2.553142834068305e-05,12,0,0,Low Risk
C000959,20,2063.7,0,0,0,0,0.0,0.0,Low Risk,0.00023561540219882402,0.0010243681792276,20,0,0,Low Risk
C000960,19,2877.4,0,0,0,0,0.0,0.0,Low Risk,0.0009736943416465464,0.0160901596197738,19,0,0,Low Risk
C000961,13,7107.92,1,0,1,1,0.0769230769230769,0.0769230769230769,High Risk (Fraud & Rules),0.07692454222790834,0.9999947177428844,13,1,1,"High Risk (Fraud, Rules & Model)"
C000962,18,1983.69,0,0,0,0,0.0,0.0,Low Risk,0.00040837788555430195,0.0043716725388747,18,0,0,Low Risk
C000963,21,909.24,0,0,0,0,0.0,0.0,Low Risk,0.0006325710737301865,0.0026616487808155,21,0,0,Low Risk
C000964,17,2177.07,0,0,0,0,0.0,0.0,Low Risk,8.192412281059112e-05,0.0003310989105148,17,0,0,Low Risk
C000965,20,1530.32,0,0,0,0,0.0,0.0,Low Risk,0.00034735614180858386,0.001158946085494,20,0,0,Low Risk
C000966,17,1275.91,0,0,0,0,0.0,0.0,Low Risk,6.458874522021958e-05,0.0003182007059121,17,0,0,Low Risk
C000967,16,988.66,0,0,0,0,0.0,0.0,Low Risk,2.731050373810965e-05,0.0001467711685632,16,0,0,Low Risk
C000968,14,784.94,0,0,0,0,0.0,0.0,Low Risk,3.455921734056497e-05,8.23655803054034e-05,14,0,0,Low Risk
C000969,17,1044.19,0,0,0,0,0.0,0.0,Low Risk,0.00010932100404555471,0.0003478612609438,17,0,0,Low Risk
C000970,13,2249.8,0,0,0,0,0.0,0.0,Low Risk,2.0596445482207788e-05,0.0001262127727933,13,0,0,Low Risk
C000971,18,1047.23,0,0,0,0,0.0,0.0,Low Risk,0.00012508369956664884,0.0005002757193337,18,0,0,Low Risk
C000972,18,2288.28,0,0,0,0,0.0,0.0,Low Risk,0.00010209044560620689,0.0004565902707538,18,0,0,Low Risk
C000973,17,1354.98,0,0,0,0,0.0,0.0,Low Risk,0.00010633350485601007,0.0010116461280186,17,0,0,Low Risk
C000974,18,1929.02,0,0,0,0,0.0,0.0,Low Risk,0.00013588815666113008,0.0004426475979169,18,0,0,Low Risk
C000975,18,1308.41,0,0,0,0,0.0,0.0,Low Risk,0.00011263790443137074,0.0003535821605796,18,0,0,Low Risk
C000976,21,998.7,0,0,0,0,0.0,0.0,Low Risk,0.0006781824788019443,0.0024624752539491,21,0,0,Low Risk
C000977,19,1751.48,0,0,0,0,0.0,0.0,Low Risk,0.00018528295680470366,0.0005252377587179,19,0,0,Low Risk
C000978,16,1657.72,0,0,0,0,0.0,0.0,Low Risk,6.875778875479648e-05,0.0001975299894324,16,0,0,Low Risk
C000979,21,1217.63,0,0,0,0,0.0,0.0,Low Risk,0.0006154801507801165,0.0016359619235276,21,0,0,Low Risk
C000980,21,1119.01,0,0,0,0,0.0,0.0,Low Risk,0.0006316506615165732,0.0020633400278836,21,0,0,Low Risk
C000981,28,2837.39,0,0,0,0,0.0,0.0,Low Risk,0.015476414954365872,0.0624107411869776,28,0,0,Low Risk
C000982,24,2024.6,0,0,0,0,0.0,0.0,Low Risk,0.003432074312251957,0.018795785156649,24,0,0,Low Risk
C000983,15,1078.67,0,0,0,0,0.0,0.0,Low Risk,3.4609529412643614e-05,0.0001562608150429,15,0,0,Low Risk
C000984,28,2283.45,0,0,0,0,0.0,0.0,Low Risk,0.014877665967066269,0.0919519524275244,28,0,0,Low Risk
C000985,23,1988.38,0,0,0,0,0.0,0.0,Low Risk,0.0019411635179202619,0.0101370846340651,23,0,0,Low Risk
C000986,24,1844.44,0,0,0,0,0.0,0.0,Low Risk,0.002681416559564636,0.0082709785223718,24,0,0,Low Risk
C000987,12,1328.37,0,0,0,0,0.0,0.0,Low Risk,1.8069659625431322e-05,0.0001700525313699,12,0,0,Low Risk
C000988,24,2024.29,0,0,0,0,0.0,0.0,Low Risk,0.0015659154597230255,0.0055605257921696,24,0,0,Low Risk
C000989,18,1130.0,0,0,0,0,0.0,0.0,Low Risk,0.00016773296950535466,0.0007165024032079,18,0,0,Low Risk
C000990,15,1121.23,0,0,0,0,0.0,0.0,Low Risk,5.316552523696566e-05,0.0001258878571637,15,0,0,Low Risk
C000991,16,947.89,0,0,0,0,0.0,0.0,Low Risk,5.557964078566914e-05,0.0001964184022944,16,0,0,Low Risk
C000992,19,1618.8,0,0,0,0,0.0,0.0,Low Risk,0.00014120567709337877,0.0004401800282427,19,0,0,Low Risk
C000993,17,948.04,0,0,0,0,0.0,0.0,Low Risk,9.613964418045728e-05,0.0003700375791156,17,0,0,Low Risk
C000994,20,1706.32,0,0,0,0,0.0,0.0,Low Risk,0.00030619102698355264,0.0013649919060079,20,0,0,Low Risk
C000995,24,2525.85,0,0,0,0,0.0,0.0,Low Risk,0.0033650053993328007,0.0161222232485836,24,0,0,Low Risk
C000996,13,940.76,0,0,0,0,0.0,0.0,Low Risk,1.2260801125975054e-05,5.9294086633562695e-05,13,0,0,Low Risk
C000997,22,1341.26,0,0,0,0,0.0,0.0,Low Risk,0.00061323275972898,0.0035265985427402,22,0,0,Low Risk
C000998,15,622.4,0,0,0,0,0.0,0.0,Low Risk,3.495978784356097e-05,0.0001006286538669,15,0,0,Low Risk
C000999,11,524.19,0,0,0,0,0.0,0.0,Low Risk,3.617128546991679e-06,1.0491384820638656e-05,11,0,0,Low Risk
C001000,22,1288.7,0,0,0,0,0.0,0.0,Low Risk,0.0009351917120232738,0.0035307303291191,22,0,0,Low Risk
C001001,23,1981.3,0,0,0,0,0.0,0.0,Low Risk,0.0019364608679376077,0.0062200859825874,23,0,0,Low Risk
C001002,26,2525.17,0,0,0,0,0.0,0.0,Low Risk,0.004810087108779355,0.0235909523228209,26,0,0,Low Risk
C001003,15,1960.93,0,0,0,0,0.0,0.0,Low Risk,3.458202650931128e-05,0.0001440407202863,15,0,0,Low Risk
C001004,20,1505.86,0,0,0,0,0.0,0.0,Low Risk,0.00034684171097486814,0.0011997134708189,20,0,0,Low Risk
C001005,21,1501.5,0,0,0,0,0.0,0.0,Low Risk,0.0004637822976009826,0.0019056533685996,21,0,0,Low Risk
C001006,17,1265.81,0,0,0,0,0.0,0.0,Low Risk,0.00014282901476597175,0.0005747763132322,17,0,0,Low Risk
C001007,26,2459.86,0,0,0,0,0.0,0.0,Low Risk,0.005058480016046071,0.0233428158132754,26,0,0,Low Risk
C001008,31,1944.22,0,0,0,0,0.0,0.0,Low Risk,0.04999791660561185,0.1443823666293003,31,0,0,Low Risk
C001009,32,8879.4,1,0,1,1,0.03125,0.03125,High Risk (Fraud & Rules),0.14029236181486104,0.9999999999810854,32,1,1,"High Risk (Fraud, Rules & Model)"
C001010,22,2929.21,0,0,0,0,0.0,0.0,Low Risk,0.0010462843905689528,0.0039687365233812,22,0,0,Low Risk
C001011,24,1642.78,0,0,0,0,0.0,0.0,Low Risk,0.0024777331021256896,0.0086431771591615,24,0,0,Low Risk
C001012,14,622.6899999999999,0,0,0,0,0.0,0.0,Low Risk,1.7054371676385456e-05,7.00062824176599e-05,14,0,0,Low Risk
C001013,17,1630.64,0,0,0,0,0.0,0.0,Low Risk,7.761760251551078e-05,0.0002958805754468,17,0,0,Low Risk
C001014,19,2220.8,0,0,0,0,0.0,0.0,Low Risk,0.00014388461388316253,0.0006698211512933,19,0,0,Low Risk
C001015,14,522.66,0,0,0,0,0.0,0.0,Low Risk,3.367506949038674e-05,9.520185410084554e-05,14,0,0,Low Risk
C001016,26,1741.76,0,0,0,0,0.0,0.0,Low Risk,0.006854310270344384,0.0254924881552473,26,0,0,Low Risk
C001017,20,1863.6,0,0,0,0,0.0,0.0,Low Risk,0.0003978044478030334,0.0011329187490806,20,0,0,Low Risk
C001018,22,1525.77,0,0,0,0,0.0,0.0,Low Risk,0.000784899170146008,0.0039585333935646,22,0,0,Low Risk
C001019,20,857.9200000000001,0,0,0,0,0.0,0.0,Low Risk,0.0003319901582033278,0.0014124393601011,20,0,0,Low Risk
C001020,28,2555.29,0,0,0,0,0.0,0.0,Low Risk,0.017157685962523532,0.1133062756998746,28,0,0,Low Risk
C001021,18,2001.38,0,0,0,0,0.0,0.0,Low Risk,0.00019073290863435183,0.0006483539302197,18,0,0,Low Risk
C001022,15,874.21,0,0,0,0,0.0,0.0,Low Risk,2.9206610473897258e-05,0.000105690012611,15,0,0,Low Risk
C001023,24,1847.84,0,0,0,0,0.0,0.0,Low Risk,0.004066679797719781,0.0317969266411449,24,0,0,Low Risk
C001024,16,1033.02,0,0,0,0,0.0,0.0,Low Risk,4.489730641218405e-05,0.000216127200086,16,0,0,Low Risk
C001025,18,1132.81,0,0,0,0,0.0,0.0,Low Risk,0.00024617276341466483,0.0006036064298961,18,0,0,Low Risk
C001026,17,1596.73,0,0,0,0,0.0,0.0,Low Risk,8.510204304537052e-05,0.000342950433667,17,0,0,Low Risk
C001027,14,1216.95,0,0,0,0,0.0,0.0,Low Risk,1.3181615381060487e-05,6.742977422073357e-05,14,0,0,Low Risk
C001028,19,1219.79,0,0,0,0,0.0,0.0,Low Risk,0.0001576865105778681,0.0006789515432603,19,0,0,Low Risk
C001029,22,1818.66,0,0,0,0,0.0,0.0,Low Risk,0.0007113596171726889,0.0031291491774375,22,0,0,Low Risk
C001030,25,2401.44,0,0,0,0,0.0,0.0,Low Risk,0.0043145753462647115,0.0269136681358111,25,0,0,Low Risk
C001031,19,12401.82,1,0,1,1,0.0526315789473684,0.0526315789473684,High Risk (Fraud & Rules),0.05270001179992947,0.9999999999999843,19,1,1,"High Risk (Fraud, Rules & Model)"
C001032,24,1762.29,0,0,0,0,0.0,0.0,Low Risk,0.002916260224733259,0.0071214302334877,24,0,0,Low Risk
C001033,19,2319.13,0,0,0,0,0.0,0.0,Low Risk,0.00032217620232917585,0.0014062138963911,19,0,0,Low Risk
C001034,16,1191.07,0,0,0,0,0.0,0.0,Low Risk,9.220484358839535e-05,0.0001712964964999,16,0,0,Low Risk
C001035,27,1450.19,0,0,0,0,0.0,0.0,Low Risk,0.010495944267919298,0.026886144079236,27,0,0,Low Risk
C001036,18,1377.09,0,0,0,0,0.0,0.0,Low Risk,0.0001339630911341065,0.0005550630866137,18,0,0,Low Risk
C001037,21,1988.11,0,0,0,0,0.0,0.0,Low Risk,0.0003804266053968026,0.001916060352564,21,0,0,Low Risk
C001038,24,2073.52,0,0,0,0,0.0,0.0,Low Risk,0.0033286142645802645,0.031872611038308,24,0,0,Low Risk
C001039,21,12985.28,1,0,1,1,0.0476190476190476,0.0476190476190476,High Risk (Fraud & Rules),0.04790726073022947,0.9999999999999988,21,1,1,"High Risk (Fraud, Rules & Model)"
C001040,24,1630.55,0,0,0,0,0.0,0.0,Low Risk,0.003333110664229364,0.0109633447254966,24,0,0,Low Risk
C001041,19,1680.71,0,0,0,0,0.0,0.0,Low Risk,0.0002049138304812475,0.0006553229884629,19,0,0,Low Risk
C001042,28,3253.61,0,0,0,0,0.0,0.0,Low Risk,0.014330657143913504,0.0617494484106943,28,0,0,Low Risk
C001043,20,1200.87,0,0,0,0,0.0,0.0,Low Risk,0.0004058182693190959,0.0016156179972569,20,0,0,Low Risk
C001044,22,1865.05,0,0,0,0,0.0,0.0,Low Risk,0.001152111960246129,0.0051885003500243,22,0,0,Low Risk
C001045,19,1311.7,0,0,0,0,0.0,0.0,Low Risk,0.00010633801763768521,0.0005763033135529,19,0,0,Low Risk
C001046,17,8440.75,1,0,1,1,0.0588235294117647,0.0588235294117647,High Risk (Fraud & Rules),0.058838740822676955,0.9999999813185906,17,1,1,"High Risk (Fraud, Rules & Model)"
C001047,20,987.71,0,0,0,0,0.0,0.0,Low Risk,0.00032093227402873786,0.0011154021159531,20,0,0,Low Risk
C001048,20,1057.6,0,0,0,0,0.0,0.0,Low Risk,0.00038808903855107514,0.001580233036848,20,0,0,Low Risk
C001049,19,2076.15,0,0,0,0,0.0,0.0,Low Risk,0.00026794192903398977,0.0018246043855287,19,0,0,Low Risk
C001050,19,1513.95,0,0,0,0,0.0,0.0,Low Risk,0.00021230529373698388,0.0009355219129436,19,0,0,Low Risk
C001051,19,754.47,0,0,0,0,0.0,0.0,Low Risk,0.0003911079576879141,0.001038988113817,19,0,0,Low Risk
C001052,18,1387.16,0,0,0,0,0.0,0.0,Low Risk,0.00010480068147364092,0.0004109238649323,18,0,0,Low Risk
C001053,17,1414.53,0,0,0,0,0.0,0.0,Low Risk,9.307300206270247e-05,0.0002832730755699,17,0,0,Low Risk
C001054,18,1690.0500000000002,0,0,0,0,0.0,0.0,Low Risk,0.00022356846225204594,0.000618334182835,18,0,0,Low Risk
C001055,21,1326.43,0,0,0,0,0.0,0.0,Low Risk,0.0005945254820501069,0.0020844546372302,21,0,0,Low Risk
C001056,19,2304.01,0,0,0,0,0.0,0.0,Low Risk,0.0003277302655935407,0.0029403603666704,19,0,0,Low Risk
C001057,16,1285.36,0,0,0,0,0.0,0.0,Low Risk,6.96673360917291e-05,0.0001939434969097,16,0,0,Low Risk
C001058,25,1783.7,0,0,0,0,0.0,0.0,Low Risk,0.003743979522911104,0.0112603572707446,25,0,0,Low Risk
C001059,18,948.96,0,0,0,0,0.0,0.0,Low Risk,7.258386820334406e-05,0.0003495745025427,18,0,0,Low Risk
C001060,23,2355.22,0,0,0,0,0.0,0.0,Low Risk,0.0015925471616686892,0.004266507941774,23,0,0,Low Risk
C001061,23,1297.2,0,0,0,0,0.0,0.0,Low Risk,0.0013792716928756623,0.0055704600688031,23,0,0,Low Risk
C001062,19,799.01,0,0,0,0,0.0,0.0,Low Risk,0.00013118394277406159,0.0008941432911584,19,0,0,Low Risk
C001063,15,731.13,0,0,0,0,0.0,0.0,Low Risk,4.087775769525642e-05,0.0001174841131676,15,0,0,Low Risk
C001064,24,2242.64,0,0,0,0,0.0,0.0,Low Risk,0.002153995030813134,0.0101451886546445,24,0,0,Low Risk
C001065,26,1726.58,0,0,0,0,0.0,0.0,Low Risk,0.0034303776960294147,0.0190923642613407,26,0,0,Low Risk
C001066,14,1242.09,0,0,0,0,0.0,0.0,Low Risk,3.248947750824279e-05,8.16593105625651e-05,14,0,0,Low Risk
C001067,15,1029.07,0,0,0,0,0.0,0.0,Low Risk,2.6593011398098293e-05,0.0001233380090101,15,0,0,Low Risk
C001068,17,1097.09,0,0,0,0,0.0,0.0,Low Risk,5.0970763776416876e-05,0.0002051223611915,17,0,0,Low Risk
C001069,25,1806.77,0,0,0,0,0.0,0.0,Low Risk,0.0045854815001126654,0.0168027483439379,25,0,0,Low Risk
C001070,20,1212.83,0,0,0,0,0.0,0.0,Low Risk,0.0002681679624687503,0.0010330059404022,20,0,0,Low Risk
C001071,24,1859.6,0,0,0,0,0.0,0.0,Low Risk,0.0014857451175744562,0.0070428159661221,24,0,0,Low Risk
C001072,28,2645.94,0,0,0,0,0.0,0.0,Low Risk,0.018334693512631284,0.0756257576521444,28,0,0,Low Risk
C001073,24,1996.91,0,0,0,0,0.0,0.0,Low Risk,0.0019655334535432093,0.0202662034793707,24,0,0,Low Risk
C001074,24,2137.79,0,0,0,0,0.0,0.0,Low Risk,0.0021190406391848795,0.0088401701665797,24,0,0,Low Risk
C001075,14,1242.08,0,0,0,0,0.0,0.0,Low Risk,3.356479081819743e-05,7.879012023023097e-05,14,0,0,Low Risk
C001076,12,2203.71,0,0,0,0,0.0,0.0,Low Risk,6.26900855245245e-06,2.0518840400681943e-05,12,0,0,Low Risk
C001077,18,1367.96,0,0,0,0,0.0,0.0,Low Risk,0.0001618376784184107,0.0006306929094726,18,0,0,Low Risk
C001078,20,2217.11,0,0,0,0,0.0,0.0,Low Risk,0.0003358449241765434,0.0018974472064685,20,0,0,Low Risk
C001079,21,2818.95,0,0,0,0,0.0,0.0,Low Risk,0.0007382833206112359,0.0041650646896328,21,0,0,Low Risk
C001080,20,1742.65,0,0,0,0,0.0,0.0,Low Risk,0.00023714097242156883,0.0015884730779281,20,0,0,Low Risk
C001081,26,1368.71,0,0,0,0,0.0,0.0,Low Risk,0.0047295499745601275,0.021135691369207,26,0,0,Low Risk
C001082,15,796.6899999999999,0,0,0,0,0.0,0.0,Low Risk,3.560877290183278e-05,0.0001089285430731,15,0,0,Low Risk
C001083,14,1141.0,0,0,0,0,0.0,0.0,Low Risk,3.2907444684970957e-05,9.037425847929402e-05,14,0,0,Low Risk
C001084,18,1795.93,0,0,0,0,0.0,0.0,Low Risk,0.00010444413725588211,0.0004886200729425,18,0,0,Low Risk
C001085,25,1946.38,0,0,0,0,0.0,0.0,Low Risk,0.003442669107215504,0.0126029699729276,25,0,0,Low Risk
C001086,25,1606.34,0,0,0,0,0.0,0.0,Low Risk,0.0041900506452700655,0.0147384589258189,25,0,0,Low Risk
C001087,27,2325.05,0,0,0,0,0.0,0.0,Low Risk,0.008427229281714311,0.0434066220942065,27,0,0,Low Risk
C001088,27,13047.1,1,0,1,1,0.037037037037037,0.037037037037037,High Risk (Fraud & Rules),0.05374638523099505,0.9999999999999996,27,1,1,"High Risk (Fraud, Rules & Model)"
C001089,19,5414.55,1,0,0,0,0.0526315789473684,0.0,Low Risk,0.05260770836719129,0.9967172592135708,19,1,0,"High Risk (Fraud, Rules & Model)"
C001090,19,2860.67,0,0,0,0,0.0,0.0,Low Risk,0.00027189629997455327,0.001853724836842,19,0,0,Low Risk
C001091,19,1220.64,0,0,0,0,0.0,0.0,Low Risk,0.00015656339740076534,0.000785827576749,19,0,0,Low Risk
C001092,17,824.09,0,0,0,0,0.0,0.0,Low Risk,5.984545303088445e-05,0.0002983337559801,17,0,0,Low Risk
C001093,24,1912.05,0,0,0,0,0.0,0.0,Low Risk,0.0010910300457207217,0.0069537507586326,24,0,0,Low Risk
C001094,25,1257.6,0,0,0,0,0.0,0.0,Low Risk,0.004340526661628543,0.0158652104698489,25,0,0,Low Risk
C001095,24,13260.7,1,0,1,1,0.0416666666666666,0.0416666666666666,High Risk (Fraud & Rules),0.04403373919382256,1.0,24,1,1,"High Risk (Fraud, Rules & Model)"
C001096,25,2124.54,0,0,0,0,0.0,0.0,Low Risk,0.0034178239041585184,0.0121002779675841,25,0,0,Low Risk
C001097,13,1083.25,0,0,0,0,0.0,0.0,Low Risk,2.063957659634299e-05,5.333880565931841e-05,13,0,0,Low Risk
C001098,25,1553.62,0,0,0,0,0.0,0.0,Low Risk,0.0029245810736405285,0.0101826287333822,25,0,0,Low Risk
C001099,23,2287.27,0,0,0,0,0.0,0.0,Low Risk,0.0018279104375491216,0.0110496002260225,23,0,0,Low Risk
C001100,20,1477.01,0,0,0,0,0.0,0.0,Low Risk,0.00034296434073690263,0.0014567127640459,20,0,0,Low Risk
C001101,20,1919.8,0,0,0,0,0.0,0.0,Low Risk,0.00029453740707097707,0.0012069929802058,20,0,0,Low Risk
C001102,23,1647.96,0,0,0,0,0.0,0.0,Low Risk,0.0014256121589837007,0.0053019613299148,23,0,0,Low Risk
C001103,24,1717.22,0,0,0,0,0.0,0.0,Low Risk,0.002469599884936484,0.0077943808315589,24,0,0,Low Risk
C001104,18,987.06,0,0,0,0,0.0,0.0,Low Risk,0.0001400533703720168,0.0004183263811877,18,0,0,Low Risk
C001105,20,11142.88,1,0,1,1,0.05,0.05,High Risk (Fraud & Rules),0.050178420698862546,0.9999999999997816,20,1,1,"High Risk (Fraud, Rules & Model)"
C001106,13,968.29,0,0,0,0,0.0,0.0,Low Risk,8.113308838100622e-06,3.236274191258087e-05,13,0,0,Low Risk
C001107,20,11080.07,1,0,1,1,0.05,0.05,High Risk (Fraud & Rules),0.05013160767050179,0.9999999999998308,20,1,1,"High Risk (Fraud, Rules & Model)"
C001108,19,1393.11,0,0,0,0,0.0,0.0,Low Risk,0.00021694398902093607,0.0006980623723674,19,0,0,Low Risk
C001109,8,572.35,0,0,0,0,0.0,0.0,Low Risk,2.461942086949459e-06,1.1553885225739847e-05,8,0,0,Low Risk
C001110,14,972.41,0,0,0,0,0.0,0.0,Low Risk,2.751458764080756e-05,7.161019594706646e-05,14,0,0,Low Risk
C001111,17,1428.21,0,0,0,0,0.0,0.0,Low Risk,9.747604427277063e-05,0.0002643457029767,17,0,0,Low Risk
C001112,16,1350.31,0,0,0,0,0.0,0.0,Low Risk,8.489816426060136e-05,0.0004221093910665,16,0,0,Low Risk
C001113,21,1258.37,0,0,0,0,0.0,0.0,Low Risk,0.000409654831381895,0.0016960970875842,21,0,0,Low Risk
C001114,17,1471.95,0,0,0,0,0.0,0.0,Low Risk,0.00012441221122877534,0.0003077900523901,17,0,0,Low Risk
C001115,20,1528.67,0,0,0,0,0.0,0.0,Low Risk,0.00041943674695479796,0.0010098224558469,20,0,0,Low Risk
C001116,23,1323.22,0,0,0,0,0.0,0.0,Low Risk,0.001888056351901177,0.0044686056801163,23,0,0,Low Risk
C001117,23,1578.75,0,0,0,0,0.0,0.0,Low Risk,0.0015794097486456315,0.0048239401879828,23,0,0,Low Risk
C001118,23,2127.72,0,0,0,0,0.0,0.0,Low Risk,0.0009887962042178162,0.0047040468196471,23,0,0,Low Risk
C001119,17,783.09,0,0,0,0,0.0,0.0,Low Risk,6.801025006743937e-05,0.0002582365842371,17,0,0,Low Risk
C001120,19,2710.56,0,0,0,0,0.0,0.0,Low Risk,0.00020349556652495874,0.0005264124360264,19,0,0,Low Risk
C001121,23,8537.519999999999,1,0,1,1,0.0434782608695652,0.0434782608695652,High Risk (Fraud & Rules),0.045289879398452616,0.999999976404406,23,1,1,"High Risk (Fraud, Rules & Model)"
C001122,23,1205.52,0,0,0,0,0.0,0.0,Low Risk,0.0011799335967760684,0.0043386508464171,23,0,0,Low Risk
C001123,19,1809.37,0,0,0,0,0.0,0.0,Low Risk,0.00017025765294435952,0.0006548512955932,19,0,0,Low Risk
C001124,23,1937.34,0,0,0,0,0.0,0.0,Low Risk,0.0017655255905947786,0.0049810517195102,23,0,0,Low Risk
C001125,18,959.82,0,0,0,0,0.0,0.0,Low Risk,0.00013514345064091703,0.0004363551981607,18,0,0,Low Risk
C001126,16,2686.86,0,0,0,0,0.0,0.0,Low Risk,0.00017845769685560854,0.0017950134806788,16,0,0,Low Risk
C001127,22,2031.01,0,0,0,0,0.0,0.0,Low Risk,0.0013475042301774255,0.0048664560829507,22,0,0,Low Risk
C001128,25,2562.2,0,0,0,0,0.0,0.0,Low Risk,0.0032239758389637813,0.0121542938584591,25,0,0,Low Risk
C001129,23,1469.49,0,0,0,0,0.0,0.0,Low Risk,0.00157124852989922,0.0047633639653311,23,0,0,Low Risk
C001130,20,1196.7,0,0,0,0,0.0,0.0,Low Risk,0.0004375317832367137,0.0013119399579788,20,0,0,Low Risk
C001131,20,1279.44,0,0,0,0,0.0,0.0,Low Risk,0.0003368827181119954,0.0016761780171792,20,0,0,Low Risk
C001132,16,936.56,0,0,0,0,0.0,0.0,Low Risk,6.14826549985459e-05,0.0002278712184121,16,0,0,Low Risk
C001133,17,1604.4,0,0,0,0,0.0,0.0,Low Risk,6.194314415706927e-05,0.0003161993851263,17,0,0,Low Risk
C001134,20,6811.08,1,0,1,1,0.05,0.05,High Risk (Fraud & Rules),0.05033011741024063,0.9999986862802578,20,1,1,"High Risk (Fraud, Rules & Model)"
C001135,16,1270.45,0,0,0,0,0.0,0.0,Low Risk,8.244674436589956e-05,0.0002636171565461,16,0,0,Low Risk
C001136,15,733.01,0,0,0,0,0.0,0.0,Low Risk,2.6889461502495632e-05,0.0001049257159046,15,0,0,Low Risk
C001137,32,2837.57,0,0,0,0,0.0,0.0,Low Risk,0.0987550316357417,0.3496154807386794,32,0,0,Low Risk
C001138,17,1219.28,0,0,0,0,0.0,0.0,Low Risk,6.072455316942016e-05,0.0002286230819268,17,0,0,Low Risk
C001139,18,2439.5,0,0,0,0,0.0,0.0,Low Risk,0.0001825096794640424,0.0011542571689119,18,0,0,Low Risk
C001140,20,1825.02,0,0,0,0,0.0,0.0,Low Risk,0.00025302868715232357,0.001549102403868,20,0,0,Low Risk
C001141,23,1849.26,0,0,0,0,0.0,0.0,Low Risk,0.002079021723789227,0.0075303244144439,23,0,0,Low Risk
C001142,15,1747.06,0,0,0,0,0.0,0.0,Low Risk,2.3051673422718976e-05,0.0001359501790977,15,0,0,Low Risk
C001143,23,2102.59,0,0,0,0,0.0,0.0,Low Risk,0.002121626001412902,0.0053130942866031,23,0,0,Low Risk
C001144,12,959.34,0,0,0,0,0.0,0.0,Low Risk,9.213105098249602e-06,3.1035832376072586e-05,12,0,0,Low Risk
C001145,28,2227.84,0,0,0,0,0.0,0.0,Low Risk,0.01064075032926575,0.0399347693961579,28,0,0,Low Risk
C001146,19,1116.83,0,0,0,0,0.0,0.0,Low Risk,0.00016738918058653695,0.0007946425373896,19,0,0,Low Risk
C001147,15,1385.09,0,0,0,0,0.0,0.0,Low Risk,3.887647464414884e-05,0.0001433204939599,15,0,0,Low Risk
C001148,21,1877.02,0,0,0,0,0.0,0.0,Low Risk,0.0004647288146196813,0.0016682479278082,21,0,0,Low Risk
C001149,16,1684.73,0,0,0,0,0.0,0.0,Low Risk,8.042407761953214e-05,0.0006217016378106,16,0,0,Low Risk
C001150,16,1561.29,0,0,0,0,0.0,0.0,Low Risk,0.00010338385281903717,0.0002315173200589,16,0,0,Low Risk
C001151,21,1386.09,0,0,0,0,0.0,0.0,Low Risk,0.0007293964287186829,0.0028230176257122,21,0,0,Low Risk
C001152,22,1723.27,0,0,0,0,0.0,0.0,Low Risk,0.0013415381752571473,0.0033896265254324,22,0,0,Low Risk
C001153,16,988.85,0,0,0,0,0.0,0.0,Low Risk,6.265208722716644e-05,0.0001782369747186,16,0,0,Low Risk
C001154,19,1240.28,0,0,0,0,0.0,0.0,Low Risk,0.0003799526220444842,0.0009643787399394,19,0,0,Low Risk
C001155,24,2234.98,0,0,0,0,0.0,0.0,Low Risk,0.002658921642027606,0.0237597483797048,24,0,0,Low Risk
C001156,13,1404.54,0,0,0,0,0.0,0.0,Low Risk,8.739357110063465e-06,3.90645533249408e-05,13,0,0,Low Risk
C001157,27,1651.1,0,0,0,0,0.0,0.0,Low Risk,0.00818949011137346,0.0325522714154389,27,0,0,Low Risk
C001158,19,2533.32,0,0,0,0,0.0,0.0,Low Risk,0.0003349736884002511,0.0020145401127272,19,0,0,Low Risk
C001159,16,969.2,0,0,0,0,0.0,0.0,Low Risk,7.584458024351563e-05,0.0001967803994033,16,0,0,Low Risk
C001160,50,3139.57,20,13,0,13,0.4,0.26,High Risk (Fraud & Rules),0.7633616528521278,0.9999935695171558,50,20,13,"High Risk (Fraud, Rules & Model)"
C001161,25,1918.89,0,0,0,0,0.0,0.0,Low Risk,0.0034775016565370583,0.0159587988900851,25,0,0,Low Risk
C001162,18,1605.07,0,0,0,0,0.0,0.0,Low Risk,0.0001373069221223876,0.000635319025092,18,0,0,Low Risk
C001163,20,1428.97,0,0,0,0,0.0,0.0,Low Risk,0.0004541599826083173,0.0027171354824153,20,0,0,Low Risk
C001164,15,10665.89,1,0,1,1,0.0666666666666666,0.0666666666666666,High Risk (Fraud & Rules),0.0666684804437989,0.9999999999717188,15,1,1,"High Risk (Fraud, Rules & Model)"
C001165,12,892.03,0,0,0,0,0.0,0.0,Low Risk,1.1630379726104385e-05,6.349203161228437e-05,12,0,0,Low Risk
C001166,14,1236.01,0,0,0,0,0.0,0.0,Low Risk,1.9761584310262666e-05,0.0001085911596799,14,0,0,Low Risk
C001167,21,10075.21,1,0,1,1,0.0476190476190476,0.0476190476190476,High Risk (Fraud & Rules),0.0479001293161847,0.9999999999982938,21,1,1,"High Risk (Fraud, Rules & Model)"
C001168,15,1121.53,0,0,0,0,0.0,0.0,Low Risk,4.761605997092229e-06,7.136624330907538e-05,15,0,0,Low Risk
C001169,12,989.57,0,0,0,0,0.0,0.0,Low Risk,9.569714172182927e-06,3.524690795729916e-05,12,0,0,Low Risk
C001170,16,1199.7,0,0,0,0,0.0,0.0,Low Risk,5.582396957317041e-05,0.0002175406609397,16,0,0,Low Risk
C001171,18,2136.61,0,0,0,0,0.0,0.0,Low Risk,0.0002054543380011611,0.0007701472335359,18,0,0,Low Risk
C001172,22,1649.7,0,0,0,0,0.0,0.0,Low Risk,0.0011367152143019958,0.0072560805857899,22,0,0,Low Risk
C001173,30,1559.69,0,0,0,0,0.0,0.0,Low Risk,0.03527663837353372,0.146131614115745,30,0,0,Low Risk
C001174,16,1519.82,0,0,0,0,0.0,0.0,Low Risk,4.8788254867653106e-05,0.0001849620972199,16,0,0,Low Risk
C001175,27,1826.89,0,0,0,0,0.0,0.0,Low Risk,0.009522108497405255,0.0318977452668204,27,0,0,Low Risk
C001176,17,1853.67,0,0,0,0,0.0,0.0,Low Risk,4.415347470176087e-05,0.0002329678644639,17,0,0,Low Risk
C001177,18,1106.42,0,0,0,0,0.0,0.0,Low Risk,0.00016279140641356466,0.00053379038491,18,0,0,Low Risk
C001178,17,679.8100000000001,0,0,0,0,0.0,0.0,Low Risk,7.164779721047274e-05,0.0003325977423639,17,0,0,Low Risk
C001179,19,1879.77,0,0,0,0,0.0,0.0,Low Risk,0.00016487205517391705,0.0007113933260274,19,0,0,Low Risk
C001180,21,1499.76,0,0,0,0,0.0,0.0,Low Risk,0.0007039161048833226,0.002331021026352,21,0,0,Low Risk
C001181,23,1176.23,0,0,0,0,0.0,0.0,Low Risk,0.0021556446159200562,0.0062331274100709,23,0,0,Low Risk
C001182,19,973.25,0,0,0,0,0.0,0.0,Low Risk,0.00022371022728506185,0.0009475529895897,19,0,0,Low Risk
C001183,21,1285.85,0,0,0,0,0.0,0.0,Low Risk,0.0005133664713743714,0.0019418847016743,21,0,0,Low Risk
C001184,16,1049.68,0,0,0,0,0.0,0.0,Low Risk,7.826477575081795e-05,0.0002148294196407,16,0,0,Low Risk
C001185,21,1617.72,0,0,0,0,0.0,0.0,Low Risk,0.0006358786694837077,0.0021220047771662,21,0,0,Low Risk
C001186,22,2320.15,0,0,0,0,0.0,0.0,Low Risk,0.0010202572348509422,0.0022612740165148,22,0,0,Low Risk
C001187,20,1785.91,0,0,0,0,0.0,0.0,Low Risk,0.0004124659406836083,0.0014052739503235,20,0,0,Low Risk
C001188,46,3015.58,19,13,0,13,0.4130434782608695,0.2826086956521739,High Risk (Fraud & Rules),0.6985081343776222,0.9999434844461368,46,19,13,"High Risk (Fraud, Rules & Model)"
C001189,21,1493.36,0,0,0,0,0.0,0.0,Low Risk,0.0006917848032968484,0.0031267763095739,21,0,0,Low Risk
C001190,27,1657.37,0,0,0,0,0.0,0.0,Low Risk,0.010462018713615184,0.0350346988912828,27,0,0,Low Risk
C001191,24,2221.34,0,0,0,0,0.0,0.0,Low Risk,0.0032349453546701083,0.0095656742191987,24,0,0,Low Risk
C001192,21,1767.44,0,0,0,0,0.0,0.0,Low Risk,0.0007184824859125869,0.0023252327026809,21,0,0,Low Risk
C001193,23,2128.11,0,0,0,0,0.0,0.0,Low Risk,0.0014440400546514682,0.005387118429348,23,0,0,Low Risk
C001194,21,1727.3300000000002,0,0,0,0,0.0,0.0,Low Risk,0.0009183758330547988,0.0060018426719726,21,0,0,Low Risk
C001195,18,1209.01,0,0,0,0,0.0,0.0,Low Risk,0.00017472891960106896,0.0009542373239788,18,0,0,Low Risk
C001196,23,892.71,0,0,0,0,0.0,0.0,Low Risk,0.00136041478978122,0.0065394671315201,23,0,0,Low Risk
C001197,15,1137.97,0,0,0,0,0.0,0.0,Low Risk,3.142198957533992e-05,0.0001476864539304,15,0,0,Low Risk
C001198,27,1393.21,0,0,0,0,0.0,0.0,Low Risk,0.009364486596870995,0.0315790647720227,27,0,0,Low Risk
C001199,26,2484.52,0,0,0,0,0.0,0.0,Low Risk,0.008540239270415107,0.025760991349802,26,0,0,Low Risk
C001200,11,638.0,0,0,0,0,0.0,0.0,Low Risk,6.710208909247896e-06,2.1460370136484574e-05,11,0,0,Low Risk
C001201,18,1881.93,0,0,0,0,0.0,0.0,Low Risk,0.0001071344983485618,0.0004410385546257,18,0,0,Low Risk
C001202,14,869.98,0,0,0,0,0.0,0.0,Low Risk,3.5331761409184005e-05,9.163122937129511e-05,14,0,0,Low Risk
C001203,23,1138.42,0,0,0,0,0.0,0.0,Low Risk,0.000795979649537017,0.0048861574403952,23,0,0,Low Risk
C001204,19,1787.23,0,0,0,0,0.0,0.0,Low Risk,0.00017793462123083902,0.0009222791445302,19,0,0,Low Risk
C001205,22,3385.97,0,0,0,0,0.0,0.0,Low Risk,0.0020909216920758293,0.012271935939886,22,0,0,Low Risk
C001206,29,2095.36,0,0,0,0,0.0,0.0,Low Risk,0.013172884937666147,0.058309302239516,29,0,0,Low Risk
C001207,17,1607.94,0,0,0,0,0.0,0.0,Low Risk,8.981304647901137e-05,0.000222263698606,17,0,0,Low Risk
C001208,18,948.03,0,0,0,0,0.0,0.0,Low Risk,0.00023424696210975964,0.0006401886608532,18,0,0,Low Risk
C001209,21,1419.82,0,0,0,0,0.0,0.0,Low Risk,0.0004696872248653062,0.0020365301204761,21,0,0,Low Risk
C001210,17,1340.58,0,0,0,0,0.0,0.0,Low Risk,0.00012267985257086335,0.0006090584808727,17,0,0,Low Risk
C001211,17,1435.33,0,0,0,0,0.0,0.0,Low Risk,7.040030535563412e-05,0.0003021315779536,17,0,0,Low Risk
C001212,11,2089.87,0,0,0,0,0.0,0.0,Low Risk,2.1928974883470717e-05,0.0002175562355632,11,0,0,Low Risk
C001213,14,736.88,0,0,0,0,0.0,0.0,Low Risk,4.178286970819054e-05,0.0001049128751486,14,0,0,Low Risk
C001214,13,836.34,0,0,0,0,0.0,0.0,Low Risk,1.3709463603631413e-05,5.338455932121397e-05,13,0,0,Low Risk
C001215,14,651.41,0,0,0,0,0.0,0.0,Low Risk,3.2809444778416724e-05,8.798193663659304e-05,14,0,0,Low Risk
C001216,29,2180.57,0,0,0,0,0.0,0.0,Low Risk,0.012137456571139264,0.0923891928880432,29,0,0,Low Risk
C001217,21,2559.79,0,0,0,0,0.0,0.0,Low Risk,0.0007855470331017361,0.0076461843545002,21,0,0,Low Risk
C001218,12,498.33,0,0,0,0,0.0,0.0,Low Risk,1.6117580466475415e-05,4.313715150217607e-05,12,0,0,Low Risk
C001219,21,10744.77,1,0,1,1,0.0476190476190476,0.0476190476190476,High Risk (Fraud & Rules),0.047834200040121816,0.999999999999804,21,1,1,"High Risk (Fraud, Rules & Model)"
C001220,10,625.98,0,0,0,0,0.0,0.0,Low Risk,1.9888595911082828e-06,1.0871706659053166e-05,10,0,0,Low Risk
C001221,14,1209.43,0,0,0,0,0.0,0.0,Low Risk,2.505247597273849e-05,8.811934699256715e-05,14,0,0,Low Risk
C001222,17,1208.8300000000002,0,0,0,0,0.0,0.0,Low Risk,0.0001053705900306164,0.0004120375498153,17,0,0,Low Risk
C001223,18,1070.09,0,0,0,0,0.0,0.0,Low Risk,0.0002516738636936122,0.0005754624770261,18,0,0,Low Risk
C001224,29,1832.06,0,0,0,0,0.0,0.0,Low Risk,0.014612772964324594,0.09210241386201,29,0,0,Low Risk
C001225,29,2817.47,0,0,0,0,0.0,0.0,Low Risk,0.02861629576497977,0.089882931859575,29,0,0,Low Risk
C001226,23,1449.32,0,0,0,0,0.0,0.0,Low Risk,0.0015339505731206873,0.007177247914879,23,0,0,Low Risk
C001227,19,9941.52,1,0,1,1,0.0526315789473684,0.0526315789473684,High Risk (Fraud & Rules),0.05271081204210815,0.9999999999172964,19,1,1,"High Risk (Fraud, Rules & Model)"
C001228,24,1980.99,0,0,0,0,0.0,0.0,Low Risk,0.002203799295389043,0.0064704708741894,24,0,0,Low Risk
C001229,22,2070.29,0,0,0,0,0.0,0.0,Low Risk,0.0011052254095448523,0.0033665971733975,22,0,0,Low Risk
C001230,20,1505.4,0,0,0,0,0.0,0.0,Low Risk,0.00043458816257153807,0.0023771431709774,20,0,0,Low Risk
C001231,24,1913.66,0,0,0,0,0.0,0.0,Low Risk,0.0027896685987168633,0.0077168394566655,24,0,0,Low Risk
C001232,18,1431.1,0,0,0,0,0.0,0.0,Low Risk,0.0001452375450946445,0.0007054143397344,18,0,0,Low Risk
C001233,18,1462.02,0,0,0,0,0.0,0.0,Low Risk,0.0001442246039689989,0.0003708073466186,18,0,0,Low Risk
C001234,16,1344.34,0,0,0,0,0.0,0.0,Low Risk,3.0517245977069428e-05,0.000121892766818,16,0,0,Low Risk
C001235,19,1336.72,0,0,0,0,0.0,0.0,Low Risk,0.0003385476426863681,0.0009100096160301,19,0,0,Low Risk
C001236,20,1221.76,0,0,0,0,0.0,0.0,Low Risk,0.0003075027940844642,0.0011738105176423,20,0,0,Low Risk
C001237,17,821.58,0,0,0,0,0.0,0.0,Low Risk,9.284707138969818e-05,0.0002643663921582,17,0,0,Low Risk
C001238,16,945.21,0,0,0,0,0.0,0.0,Low Risk,6.622388865215213e-05,0.0002115916849886,16,0,0,Low Risk
C001239,18,1326.42,0,0,0,0,0.0,0.0,Low Risk,0.00017505581488655642,0.0005113723720258,18,0,0,Low Risk
C001240,21,1226.95,0,0,0,0,0.0,0.0,Low Risk,0.0007469834828821729,0.0021387461562008,21,0,0,Low Risk
C001241,21,1810.74,0,0,0,0,0.0,0.0,Low Risk,0.0004748585333828318,0.0016326569857009,21,0,0,Low Risk
C001242,21,1385.35,0,0,0,0,0.0,0.0,Low Risk,0.0003811699074860735,0.001495603550558,21,0,0,Low Risk
C001243,49,3701.12,20,12,0,12,0.4081632653061224,0.2448979591836734,High Risk (Fraud & Rules),0.7412244373891738,0.9999900348558904,49,20,12,"High Risk (Fraud, Rules & Model)"
C001244,14,6132.719999999999,1,0,1,1,0.0714285714285714,0.0714285714285714,High Risk (Fraud & Rules),0.07143117356402988,0.9999804546743946,14,1,1,"High Risk (Fraud, Rules & Model)"
C001245,24,1811.08,0,0,0,0,0.0,0.0,Low Risk,0.0025248944298973783,0.0110165347412578,24,0,0,Low Risk
C001246,14,2191.7200000000003,0,0,0,0,0.0,0.0,Low Risk,3.7094202286333233e-05,0.0001350261323715,14,0,0,Low Risk
C001247,19,1221.62,0,0,0,0,0.0,0.0,Low Risk,0.0002773082779194225,0.0006354956402026,19,0,0,Low Risk
C001248,21,1213.78,0,0,0,0,0.0,0.0,Low Risk,0.0005209158799616577,0.0019671107367148,21,0,0,Low Risk
C001249,20,1921.25,0,0,0,0,0.0,0.0,Low Risk,0.0003076171940347901,0.0023545907874661,20,0,0,Low Risk
C001250,16,716.22,0,0,0,0,0.0,0.0,Low Risk,4.391848611291833e-05,0.0001426509997142,16,0,0,Low Risk
C001251,23,3068.56,0,0,0,0,0.0,0.0,Low Risk,0.0012042663753164943,0.0060289605424709,23,0,0,Low Risk
C001252,29,2178.22,0,0,0,0,0.0,0.0,Low Risk,0.027095740480299273,0.1448529579259797,29,0,0,Low Risk
C001253,21,2195.99,0,0,0,0,0.0,0.0,Low Risk,0.00046860188923623735,0.0018044037162417,21,0,0,Low Risk
C001254,16,9181.97,1,0,1,1,0.0625,0.0625,High Risk (Fraud & Rules),0.06251068857415493,0.9999999971103504,16,1,1,"High Risk (Fraud, Rules & Model)"
C001255,20,1893.28,0,0,0,0,0.0,0.0,Low Risk,0.0004967959236825075,0.0024321297851565,20,0,0,Low Risk
C001256,17,717.26,0,0,0,0,0.0,0.0,Low Risk,4.1561167614029255e-05,0.0001777053583987,17,0,0,Low Risk
C001257,21,1099.95,0,0,0,0,0.0,0.0,Low Risk,0.0006994300526206797,0.0024431622984703,21,0,0,Low Risk
C001258,25,2640.81,0,0,0,0,0.0,0.0,Low Risk,0.005505316874110781,0.0138628641788044,25,0,0,Low Risk
C001259,21,2586.36,0,0,0,0,0.0,0.0,Low Risk,0.001107887013132967,0.0098269054604103,21,0,0,Low Risk
C001260,24,1395.5,0,0,0,0,0.0,0.0,Low Risk,0.001066714765293817,0.0075067782122529,24,0,0,Low Risk
C001261,19,1551.42,0,0,0,0,0.0,0.0,Low Risk,0.0002033316408171053,0.0006655451597057,19,0,0,Low Risk
C001262,20,1113.16,0,0,0,0,0.0,0.0,Low Risk,0.0003344311646228118,0.0010774977406696,20,0,0,Low Risk
C001263,18,768.71,0,0,0,0,0.0,0.0,Low Risk,0.00011631918927184118,0.0003679255555291,18,0,0,Low Risk
C001264,17,1761.62,0,0,0,0,0.0,0.0,Low Risk,0.00019880649919051715,0.0015930441901636,17,0,0,Low Risk
C001265,20,1525.07,0,0,0,0,0.0,0.0,Low Risk,0.0003812293260953059,0.0013255548329147,20,0,0,Low Risk
C001266,21,1699.59,0,0,0,0,0.0,0.0,Low Risk,0.00037702110611920886,0.0013464170168483,21,0,0,Low Risk
C001267,32,2614.01,0,0,0,0,0.0,0.0,Low Risk,0.06940596506878767,0.2505356558729188,32,0,0,Low Risk
C001268,26,1593.18,0,0,0,0,0.0,0.0,Low Risk,0.006177162489980488,0.0246824772624226,26,0,0,Low Risk
C001269,25,1955.12,0,0,0,0,0.0,0.0,Low Risk,0.00355228260320251,0.0124848633988488,25,0,0,Low Risk
C001270,21,1046.14,0,0,0,0,0.0,0.0,Low Risk,0.0004534926770601301,0.0024696817232636,21,0,0,Low Risk
C001271,27,11478.749999999998,1,0,1,1,0.037037037037037,0.037037037037037,High Risk (Fraud & Rules),0.05402628734728072,0.9999999999999768,27,1,1,"High Risk (Fraud, Rules & Model)"
C001272,24,1913.45,0,0,0,0,0.0,0.0,Low Risk,0.0022027863355130167,0.00791429250102,24,0,0,Low Risk
C001273,19,6516.789999999999,1,0,0,0,0.0526315789473684,0.0,Low Risk,0.05270085323656607,0.999846125909063,19,1,0,"High Risk (Fraud, Rules & Model)"
C001274,28,2312.17,0,0,0,0,0.0,0.0,Low Risk,0.013036697773830505,0.0500080602562483,28,0,0,Low Risk
C001275,16,2179.87,0,0,0,0,0.0,0.0,Low Risk,5.570637930759205e-05,0.0002331939825583,16,0,0,Low Risk
C001276,19,1023.0,0,0,0,0,0.0,0.0,Low Risk,0.00023130694807358088,0.0008303146683453,19,0,0,Low Risk
C001277,24,1521.23,0,0,0,0,0.0,0.0,Low Risk,0.0026335519492914684,0.0099666984316785,24,0,0,Low Risk
C001278,21,1355.32,0,0,0,0,0.0,0.0,Low Risk,0.0004172331470912225,0.0016743562379537,21,0,0,Low Risk
C001279,24,1548.0,0,0,0,0,0.0,0.0,Low Risk,0.0013962955451662861,0.0053215483507579,24,0,0,Low Risk
C001280,13,1000.36,0,0,0,0,0.0,0.0,Low Risk,1.2610664086230362e-05,4.761409590380138e-05,13,0,0,Low Risk
C001281,19,1728.21,0,0,0,0,0.0,0.0,Low Risk,0.0001260417358248117,0.000544568825947,19,0,0,Low Risk
C001282,26,1616.77,0,0,0,0,0.0,0.0,Low Risk,0.003577559178449989,0.0187804777129246,26,0,0,Low Risk
C001283,17,2404.68,0,0,0,0,0.0,0.0,Low Risk,9.443718437205937e-05,0.000303944027005,17,0,0,Low Risk
C001284,12,623.51,0,0,0,0,0.0,0.0,Low Risk,1.2315159303009716e-05,2.96859250847936e-05,12,0,0,Low Risk
C001285,15,1329.49,0,0,0,0,0.0,0.0,Low Risk,4.881320657937081e-05,0.000163640172031,15,0,0,Low Risk
C001286,25,13179.75,1,0,1,1,0.04,0.04,High Risk (Fraud & Rules),0.04218280012161577,1.0,25,1,1,"High Risk (Fraud, Rules & Model)"
C001287,15,1051.09,0,0,0,0,0.0,0.0,Low Risk,5.132871126281185e-05,0.0001265789864421,15,0,0,Low Risk
C001288,23,2554.75,0,0,0,0,0.0,0.0,Low Risk,0.001598368636759515,0.0162021458104183,23,0,0,Low Risk
C001289,19,1661.56,0,0,0,0,0.0,0.0,Low Risk,0.0003167647792949577,0.0027351437070519,19,0,0,Low Risk
C001290,20,1648.0,0,0,0,0,0.0,0.0,Low Risk,0.00034161702628044034,0.0017456873200052,20,0,0,Low Risk
C001291,17,1607.51,0,0,0,0,0.0,0.0,Low Risk,4.68667512888302e-05,0.0002298973469607,17,0,0,Low Risk
C001292,23,2698.15,0,0,0,0,0.0,0.0,Low Risk,0.0019744480123083906,0.0063978044271093,23,0,0,Low Risk
C001293,23,8265.13,1,0,1,1,0.0434782608695652,0.0434782608695652,High Risk (Fraud & Rules),0.04533197561965383,0.999999989985628,23,1,1,"High Risk (Fraud, Rules & Model)"
C001294,15,1351.28,0,0,0,0,0.0,0.0,Low Risk,6.238109429714103e-05,0.0001491739794052,15,0,0,Low Risk
C001295,20,1316.4,0,0,0,0,0.0,0.0,Low Risk,0.00046967975725994103,0.0013787395020298,20,0,0,Low Risk
C001296,23,2678.45,0,0,0,0,0.0,0.0,Low Risk,0.001654524322253514,0.0100245846112332,23,0,0,Low Risk
C001297,22,1852.44,0,0,0,0,0.0,0.0,Low Risk,0.0007326317540153844,0.0026298295727095,22,0,0,Low Risk
C001298,17,1739.36,0,0,0,0,0.0,0.0,Low Risk,0.00011626091555500316,0.0004172233001642,17,0,0,Low Risk
C001299,22,1837.73,0,0,0,0,0.0,0.0,Low Risk,0.000994485897737081,0.0026700836565003,22,0,0,Low Risk
C001300,17,12784.03,1,0,1,1,0.0588235294117647,0.0588235294117647,High Risk (Fraud & Rules),0.05884446634330881,0.999999999999784,17,1,1,"High Risk (Fraud, Rules & Model)"
C001301,39,3690.95,11,3,0,3,0.282051282051282,0.0769230769230769,High Risk (Fraud & Rules),0.6432144224693528,0.9975960600858093,39,11,3,"High Risk (Fraud, Rules & Model)"
C001302,20,1397.38,0,0,0,0,0.0,0.0,Low Risk,0.000348723725454262,0.0009806684141377,20,0,0,Low Risk
C001303,23,1253.8,0,0,0,0,0.0,0.0,Low Risk,0.0012646904201715377,0.0057971581341893,23,0,0,Low Risk
C001304,23,1819.67,0,0,0,0,0.0,0.0,Low Risk,0.0012946497153802803,0.0058928918341223,23,0,0,Low Risk
C001305,20,1748.72,0,0,0,0,0.0,0.0,Low Risk,0.00036006214109034337,0.0013171893864391,20,0,0,Low Risk
C001306,25,2856.25,0,0,0,0,0.0,0.0,Low Risk,0.005536409629899474,0.0375423541659889,25,0,0,Low Risk
C001307,23,2473.83,0,0,0,0,0.0,0.0,Low Risk,0.0013542393625938062,0.0051942872488073,23,0,0,Low Risk
C001308,17,1302.96,0,0,0,0,0.0,0.0,Low Risk,0.00013049964890164714,0.0003006613977433,17,0,0,Low Risk
C001309,21,1432.54,0,0,0,0,0.0,0.0,Low Risk,0.0006474727769886461,0.0020649366500389,21,0,0,Low Risk
C001310,19,1338.49,0,0,0,0,0.0,0.0,Low Risk,0.00020471375605918586,0.0009246240955614,19,0,0,Low Risk
C001311,18,1460.75,0,0,0,0,0.0,0.0,Low Risk,0.00015929699389802723,0.000714494183915,18,0,0,Low Risk
C001312,19,1928.04,0,0,0,0,0.0,0.0,Low Risk,0.0002640210447023947,0.0018317252565628,19,0,0,Low Risk
C001313,47,2916.21,17,9,0,9,0.3617021276595745,0.1914893617021276,High Risk (Fraud & Rules),0.6795089732843429,0.999968034829908,47,17,9,"High Risk (Fraud, Rules & Model)"
C001314,19,1177.4,0,0,0,0,0.0,0.0,Low Risk,0.00031826065529415033,0.0008729302258729,19,0,0,Low Risk
C001315,17,2658.81,0,0,0,0,0.0,0.0,Low Risk,8.80004101749818e-05,0.0003637901499517,17,0,0,Low Risk
C001316,18,11070.8,1,0,1,1,0.0555555555555555,0.0555555555555555,High Risk (Fraud & Rules),0.055576459173159024,0.9999999999985688,18,1,1,"High Risk (Fraud, Rules & Model)"
C001317,22,1266.22,0,0,0,0,0.0,0.0,Low Risk,0.001108763685205108,0.0034349568584765,22,0,0,Low Risk
C001318,20,1702.03,0,0,0,0,0.0,0.0,Low Risk,0.0004740182414611035,0.0014778008485153,20,0,0,Low Risk
C001319,15,781.91,0,0,0,0,0.0,0.0,Low Risk,4.250295856927332e-05,0.0001500466788786,15,0,0,Low Risk
C001320,22,1902.47,0,0,0,0,0.0,0.0,Low Risk,0.0009904982175134524,0.0038328167725167,22,0,0,Low Risk
C001321,29,2100.51,0,0,0,0,0.0,0.0,Low Risk,0.02686198028682637,0.0910452112608654,29,0,0,Low Risk
C001322,27,2593.49,0,0,0,0,0.0,0.0,Low Risk,0.007472309708989599,0.032375749567404,27,0,0,Low Risk
C001323,22,1930.81,0,0,0,0,0.0,0.0,Low Risk,0.0013684325405415412,0.009387283208879,22,0,0,Low Risk
C001324,22,2030.99,0,0,0,0,0.0,0.0,Low Risk,0.0010085464658192683,0.0035211837425,22,0,0,Low Risk
C001325,23,1082.06,0,0,0,0,0.0,0.0,Low Risk,0.0008156914952077111,0.0030483777191889,23,0,0,Low Risk
C001326,22,1746.82,0,0,0,0,0.0,0.0,Low Risk,0.00047561231003436915,0.0018113058354674,22,0,0,Low Risk
C001327,19,1432.48,0,0,0,0,0.0,0.0,Low Risk,0.0003033647413246021,0.0013863561471826,19,0,0,Low Risk
C001328,19,967.91,0,0,0,0,0.0,0.0,Low Risk,0.00014565088980571868,0.0008826473203488,19,0,0,Low Risk
C001329,27,1925.52,0,0,0,0,0.0,0.0,Low Risk,0.004172753084195888,0.0319926613606221,27,0,0,Low Risk
C001330,23,1427.16,0,0,0,0,0.0,0.0,Low Risk,0.0016874564692762925,0.0050515171610017,23,0,0,Low Risk
C001331,15,1729.46,0,0,0,0,0.0,0.0,Low Risk,3.6677649080161053e-05,0.0002754468519419,15,0,0,Low Risk
C001332,28,3329.85,0,0,0,0,0.0,0.0,Low Risk,0.022427755613842127,0.2107616068659195,28,0,0,Low Risk
C001333,21,2247.23,0,0,0,0,0.0,0.0,Low Risk,0.0004594208581645454,0.0035368282735578,21,0,0,Low Risk
C001334,25,1357.7,0,0,0,0,0.0,0.0,Low Risk,0.004533179426700793,0.0111016223959405,25,0,0,Low Risk
C001335,14,1074.59,0,0,0,0,0.0,0.0,Low Risk,2.6916682599753154e-05,6.336936470776445e-05,14,0,0,Low Risk
C001336,16,1168.37,0,0,0,0,0.0,0.0,Low Risk,5.768349678579765e-05,0.0002242917309956,16,0,0,Low Risk
C001337,19,2192.09,0,0,0,0,0.0,0.0,Low Risk,0.00017095967648425616,0.0005518635086568,19,0,0,Low Risk
C001338,18,1268.65,0,0,0,0,0.0,0.0,Low Risk,0.00018673840201537576,0.0006326031723786,18,0,0,Low Risk
C001339,16,1044.9,0,0,0,0,0.0,0.0,Low Risk,5.4239374694098516e-05,0.0002555395658031,16,0,0,Low Risk
C001340,18,1410.05,0,0,0,0,0.0,0.0,Low Risk,0.00020464563650358553,0.0006251552980921,18,0,0,Low Risk
C001341,22,1691.95,0,0,0,0,0.0,0.0,Low Risk,0.0008917190472820479,0.0039107290524969,22,0,0,Low Risk
C001342,16,1012.21,0,0,0,0,0.0,0.0,Low Risk,5.9850633732351553e-05,0.0001653086081896,16,0,0,Low Risk
C001343,21,919.06,0,0,0,0,0.0,0.0,Low Risk,0.0003329843617759401,0.0020886407368926,21,0,0,Low Risk
C001344,25,1683.12,0,0,0,0,0.0,0.0,Low Risk,0.0031160421011790984,0.0149178489689897,25,0,0,Low Risk
C001345,14,1686.42,0,0,0,0,0.0,0.0,Low Risk,2.230620393031803e-05,8.745804377702546e-05,14,0,0,Low Risk
C001346,20,6861.63,1,0,1,1,0.05,0.05,High Risk (Fraud & Rules),0.05011997637638421,0.9999977775981512,20,1,1,"High Risk (Fraud, Rules & Model)"
C001347,21,1298.16,0,0,0,0,0.0,0.0,Low Risk,0.0007122523597011271,0.001995447517987,21,0,0,Low Risk
C001348,17,1600.48,0,0,0,0,0.0,0.0,Low Risk,8.843142029222335e-05,0.0002736857196847,17,0,0,Low Risk
C001349,24,3437.03,0,0,0,0,0.0,0.0,Low Risk,0.003068382265092042,0.0154656502174004,24,0,0,Low Risk
C001350,18,1521.9,0,0,0,0,0.0,0.0,Low Risk,0.00012077030261680307,0.0004770452723263,18,0,0,Low Risk
C001351,16,1024.46,0,0,0,0,0.0,0.0,Low Risk,2.17434449615081e-05,0.0001070381491888,16,0,0,Low Risk
C001352,34,2240.39,0,0,0,0,0.0,0.0,Low Risk,0.15379971889444505,0.4461862950409493,34,0,0,Low Risk
C001353,18,1152.36,0,0,0,0,0.0,0.0,Low Risk,0.000103347038101909,0.0005468285736969,18,0,0,Low Risk
C001354,13,1620.97,0,0,0,0,0.0,0.0,Low Risk,1.291873694289772e-05,4.031917336736297e-05,13,0,0,Low Risk
C001355,18,1250.7,0,0,0,0,0.0,0.0,Low Risk,0.0001206770730520795,0.0004686429529888,18,0,0,Low Risk
C001356,21,2835.15,0,0,0,0,0.0,0.0,Low Risk,0.0008932572512932843,0.0120080303470438,21,0,0,Low Risk
C001357,14,1631.83,0,0,0,0,0.0,0.0,Low Risk,2.629466802359624e-05,0.0001166943121717,14,0,0,Low Risk
C001358,25,1520.35,0,0,0,0,0.0,0.0,Low Risk,0.003873001028955364,0.0234787570890276,25,0,0,Low Risk
C001359,17,976.15,0,0,0,0,0.0,0.0,Low Risk,6.143991177102655e-05,0.0004137849879429,17,0,0,Low Risk
C001360,25,2079.0,0,0,0,0,0.0,0.0,Low Risk,0.00684659677370662,0.0529356920184805,25,0,0,Low Risk
C001361,14,976.65,0,0,0,0,0.0,0.0,Low Risk,9.515945272301629e-06,5.489977022839568e-05,14,0,0,Low Risk
C001362,24,2984.24,0,0,0,0,0.0,0.0,Low Risk,0.002749264253417278,0.0271878461172374,24,0,0,Low Risk
C001363,22,1549.4,0,0,0,0,0.0,0.0,Low Risk,0.000980594842291732,0.0038169842601515,22,0,0,Low Risk
C001364,18,980.28,0,0,0,0,0.0,0.0,Low Risk,7.75365729793583e-05,0.0003850091997232,18,0,0,Low Risk
C001365,24,1597.3000000000002,0,0,0,0,0.0,0.0,Low Risk,0.0027433818168878586,0.0112703699538043,24,0,0,Low Risk
C001366,16,979.3,0,0,0,0,0.0,0.0,Low Risk,4.3715649592577385e-05,0.0001721755181155,16,0,0,Low Risk
C001367,21,1273.51,0,0,0,0,0.0,0.0,Low Risk,0.0004949344424227972,0.0024372811693929,21,0,0,Low Risk
C001368,26,2115.75,0,0,0,0,0.0,0.0,Low Risk,0.009289020017972341,0.0343532662406026,26,0,0,Low Risk
C001369,16,1657.46,0,0,0,0,0.0,0.0,Low Risk,5.772075296227404e-05,0.000207470608355,16,0,0,Low Risk
C001370,15,832.24,0,0,0,0,0.0,0.0,Low Risk,2.7991484186987616e-05,0.0001219739042318,15,0,0,Low Risk
C001371,24,2064.94,0,0,0,0,0.0,0.0,Low Risk,0.0028197232382128367,0.0103033105426676,24,0,0,Low Risk
C001372,17,1523.05,0,0,0,0,0.0,0.0,Low Risk,7.832673540227923e-05,0.000302307789055,17,0,0,Low Risk
C001373,18,862.13,0,0,0,0,0.0,0.0,Low Risk,0.0001311447003595135,0.0004408454173711,18,0,0,Low Risk
C001374,22,2315.6,0,0,0,0,0.0,0.0,Low Risk,0.0013066075688682698,0.0046786848994967,22,0,0,Low Risk
C001375,14,989.27,0,0,0,0,0.0,0.0,Low Risk,3.798943684444894e-05,0.0001826448176774,14,0,0,Low Risk
C001376,24,1909.54,0,0,0,0,0.0,0.0,Low Risk,0.0029858405921917475,0.0086972503682971,24,0,0,Low Risk
C001377,15,844.12,0,0,0,0,0.0,0.0,Low Risk,3.606449856099476e-05,0.0001143754168604,15,0,0,Low Risk
C001378,17,1356.51,0,0,0,0,0.0,0.0,Low Risk,5.351422517968355e-05,0.0001837872189812,17,0,0,Low Risk
C001379,20,6373.35,1,0,0,0,0.05,0.0,Low Risk,0.05010578161097508,0.9999305039533644,20,1,0,"High Risk (Fraud, Rules & Model)"
C001380,13,1152.58,0,0,0,0,0.0,0.0,Low Risk,1.3412471960278365e-05,8.147217764782826e-05,13,0,0,Low Risk
C001381,16,1400.21,0,0,0,0,0.0,0.0,Low Risk,4.047691233041622e-05,0.0001527624875302,16,0,0,Low Risk
C001382,26,8906.18,1,0,1,1,0.0384615384615384,0.0384615384615384,High Risk (Fraud & Rules),0.04721553020716643,0.9999999998609752,26,1,1,"High Risk (Fraud, Rules & Model)"
C001383,28,3072.89,0,0,0,0,0.0,0.0,Low Risk,0.01408539023215949,0.0672086165984623,28,0,0,Low Risk
C001384,21,13487.61,1,0,1,1,0.0476190476190476,0.0476190476190476,High Risk (Fraud & Rules),0.04789075771177168,0.9999999999999996,21,1,1,"High Risk (Fraud, Rules & Model)"
C001385,16,1886.44,0,0,0,0,0.0,0.0,Low Risk,5.996748081937143e-05,0.0002593217697819,16,0,0,Low Risk
C001386,12,531.1,0,0,0,0,0.0,0.0,Low Risk,9.666805666338486e-06,2.872693709018206e-05,12,0,0,Low Risk
C001387,23,2041.68,0,0,0,0,0.0,0.0,Low Risk,0.0010340192181495572,0.0047020419709417,23,0,0,Low Risk
C001388,27,10874.38,1,0,1,1,0.037037037037037,0.037037037037037,High Risk (Fraud & Rules),0.052740168400876815,0.9999999999995488,27,1,1,"High Risk (Fraud, Rules & Model)"
C001389,23,1869.0,0,0,0,0,0.0,0.0,Low Risk,0.0021390597237241566,0.0076398208523864,23,0,0,Low Risk
C001390,20,1415.99,0,0,0,0,0.0,0.0,Low Risk,0.00038145463573655377,0.0010540742246754,20,0,0,Low Risk
C001391,17,2479.82,0,0,0,0,0.0,0.0,Low Risk,0.00018973427599384903,0.001783092466414,17,0,0,Low Risk
C001392,19,780.54,0,0,0,0,0.0,0.0,Low Risk,0.0004099355030145438,0.0010509837483107,19,0,0,Low Risk
C001393,23,1955.17,0,0,0,0,0.0,0.0,Low Risk,0.0012677707498371076,0.0049033830833585,23,0,0,Low Risk
C001394,18,1143.79,0,0,0,0,0.0,0.0,Low Risk,0.00016393871102504968,0.0005268965566185,18,0,0,Low Risk
C001395,22,1349.64,0,0,0,0,0.0,0.0,Low Risk,0.0009219555361280623,0.0040371959275855,22,0,0,Low Risk
C001396,16,1423.42,0,0,0,0,0.0,0.0,Low Risk,3.2393184961948494e-05,0.0001931644523787,16,0,0,Low Risk
C001397,20,2227.71,0,0,0,0,0.0,0.0,Low Risk,0.0003402463142920803,0.0015502697970994,20,0,0,Low Risk
C001398,18,1564.3,0,0,0,0,0.0,0.0,Low Risk,0.00014504961271604718,0.0004776502342429,18,0,0,Low Risk
C001399,17,1611.37,0,0,0,0,0.0,0.0,Low Risk,0.0001025084431183991,0.0007752602850477,17,0,0,Low Risk
C001400,21,1244.2,0,0,0,0,0.0,0.0,Low Risk,0.0006221253699532127,0.0027087982706532,21,0,0,Low Risk
C001401,16,1701.87,0,0,0,0,0.0,0.0,Low Risk,5.298472703530104e-05,0.0001912196626548,16,0,0,Low Risk
C001402,20,2029.02,0,0,0,0,0.0,0.0,Low Risk,0.0005391557149740363,0.0043698910015458,20,0,0,Low Risk
C001403,24,1850.65,0,0,0,0,0.0,0.0,Low Risk,0.0025525628283885674,0.0076710982418851,24,0,0,Low Risk
C001404,19,1342.23,0,0,0,0,0.0,0.0,Low Risk,0.0001922782789723558,0.0006091388531921,19,0,0,Low Risk
C001405,15,890.1600000000001,0,0,0,0,0.0,0.0,Low Risk,4.5090509087383154e-05,0.0001353650936204,15,0,0,Low Risk
C001406,22,2314.92,0,0,0,0,0.0,0.0,Low Risk,0.00044258473775222985,0.003919727868763,22,0,0,Low Risk
C001407,20,1294.12,0,0,0,0,0.0,0.0,Low Risk,0.00030340381606045445,0.0010401460423965,20,0,0,Low Risk
C001408,29,2374.31,0,0,0,0,0.0,0.0,Low Risk,0.025193346754546573,0.0928193790219112,29,0,0,Low Risk
C001409,21,1522.61,0,0,0,0,0.0,0.0,Low Risk,0.0006466680232995009,0.0022310449895552,21,0,0,Low Risk
C001410,11,808.56,0,0,0,0,0.0,0.0,Low Risk,7.168840730378257e-06,2.78367599327686e-05,11,0,0,Low Risk
C001411,20,2140.67,0,0,0,0,0.0,0.0,Low Risk,0.00021476266019422211,0.0008772280637712,20,0,0,Low Risk
C001412,18,2141.74,0,0,0,0,0.0,0.0,Low Risk,0.0003060117138594706,0.0030367089915326,18,0,0,Low Risk
C001413,23,1719.1,0,0,0,0,0.0,0.0,Low Risk,0.0009614694486540197,0.0065340522509319,23,0,0,Low Risk
C001414,25,1914.6,0,0,0,0,0.0,0.0,Low Risk,0.0055029800659993425,0.0433198974752384,25,0,0,Low Risk
C001415,22,2910.04,0,0,0,0,0.0,0.0,Low Risk,0.0008469438143883807,0.0050510186981115,22,0,0,Low Risk
C001416,18,871.29,0,0,0,0,0.0,0.0,Low Risk,0.00018371030035839602,0.0005914067190433,18,0,0,Low Risk
C001417,20,1442.87,0,0,0,0,0.0,0.0,Low Risk,0.000504306426829195,0.0012177266149385,20,0,0,Low Risk
C001418,22,2018.88,0,0,0,0,0.0,0.0,Low Risk,0.0011718270175809801,0.0041021390112332,22,0,0,Low Risk
C001419,30,2127.08,0,0,0,0,0.0,0.0,Low Risk,0.034058859939108316,0.1244679320345336,30,0,0,Low Risk
C001420,25,1203.09,0,0,0,0,0.0,0.0,Low Risk,0.003648704470011706,0.0140926707814278,25,0,0,Low Risk
C001421,15,1175.83,0,0,0,0,0.0,0.0,Low Risk,2.250262498936112e-05,9.923318368339794e-05,15,0,0,Low Risk
C001422,27,2701.7,0,0,0,0,0.0,0.0,Low Risk,0.01331357705558616,0.1131500376679207,27,0,0,Low Risk
C001423,15,1145.66,0,0,0,0,0.0,0.0,Low Risk,3.186578564764442e-05,0.0001296594332096,15,0,0,Low Risk
C001424,16,1276.65,0,0,0,0,0.0,0.0,Low Risk,5.851245839986524e-05,0.0002421982126232,16,0,0,Low Risk
C001425,21,1835.07,0,0,0,0,0.0,0.0,Low Risk,0.0008360696522179491,0.0023129394673178,21,0,0,Low Risk
C001426,13,1428.96,0,0,0,0,0.0,0.0,Low Risk,5.404083704832953e-06,2.7538608489191945e-05,13,0,0,Low Risk
C001427,16,849.56,0,0,0,0,0.0,0.0,Low Risk,3.166199537252867e-05,0.0001140677315078,16,0,0,Low Risk
C001428,15,1644.5600000000002,0,0,0,0,0.0,0.0,Low Risk,6.92334202369846e-05,0.0004493558162904,15,0,0,Low Risk
C001429,26,1820.31,0,0,0,0,0.0,0.0,Low Risk,0.006610276919410655,0.0622058571976771,26,0,0,Low Risk
C001430,19,7865.95,1,0,1,1,0.0526315789473684,0.0526315789473684,High Risk (Fraud & Rules),0.052734107878050586,0.9999997820370174,19,1,1,"High Risk (Fraud, Rules & Model)"
C001431,18,1590.76,0,0,0,0,0.0,0.0,Low Risk,8.86510181514977e-05,0.0004831996445323,18,0,0,Low Risk
C001432,25,1620.9,0,0,0,0,0.0,0.0,Low Risk,0.003911787259172649,0.0145913429083729,25,0,0,Low Risk
C001433,13,749.24,0,0,0,0,0.0,0.0,Low Risk,1.1703904701098927e-05,4.336801559810419e-05,13,0,0,Low Risk
C001434,21,1195.31,0,0,0,0,0.0,0.0,Low Risk,0.0005364823367130205,0.0026352523269266,21,0,0,Low Risk
C001435,23,1377.6799999999998,0,0,0,0,0.0,0.0,Low Risk,0.0018114744964000864,0.0077675028995845,23,0,0,Low Risk
C001436,21,1756.0,0,0,0,0,0.0,0.0,Low Risk,0.0007417430145370583,0.0019488764874486,21,0,0,Low Risk
C001437,19,1470.39,0,0,0,0,0.0,0.0,Low Risk,0.0002735008346396161,0.0008658550414397,19,0,0,Low Risk
C001438,19,1397.7,0,0,0,0,0.0,0.0,Low Risk,0.0002562060426895854,0.0006231063926741,19,0,0,Low Risk
C001439,19,1220.27,0,0,0,0,0.0,0.0,Low Risk,0.00024104418748767392,0.0006757617302867,19,0,0,Low Risk
C001440,19,1825.34,0,0,0,0,0.0,0.0,Low Risk,0.00020316061131921454,0.0007153080963689,19,0,0,Low Risk
C001441,12,1604.25,0,0,0,0,0.0,0.0,Low Risk,6.9730189410666005e-06,2.3992610815540325e-05,12,0,0,Low Risk
C001442,17,969.81,0,0,0,0,0.0,0.0,Low Risk,0.00010319298259269027,0.0002713634752967,17,0,0,Low Risk
C001443,22,1028.12,0,0,0,0,0.0,0.0,Low Risk,0.000714386219911339,0.0031515945831225,22,0,0,Low Risk
C001444,20,872.47,0,0,0,0,0.0,0.0,Low Risk,0.00025904997203817756,0.0013415797256507,20,0,0,Low Risk
C001445,17,1327.71,0,0,0,0,0.0,0.0,Low Risk,0.00010793380273247195,0.0003041447656395,17,0,0,Low Risk
C001446,21,1937.64,0,0,0,0,0.0,0.0,Low Risk,0.00043236666111732245,0.0021602759666601,21,0,0,Low Risk
C001447,13,1064.64,0,0,0,0,0.0,0.0,Low Risk,1.604015456137988e-05,5.050508361979501e-05,13,0,0,Low Risk
C001448,27,2601.1,0,0,0,0,0.0,0.0,Low Risk,0.006862819593389025,0.0222033730312704,27,0,0,Low Risk
C001449,18,1218.77,0,0,0,0,0.0,0.0,Low Risk,0.00012898222257770424,0.0004347150473669,18,0,0,Low Risk
C001450,19,1466.84,0,0,0,0,0.0,0.0,Low Risk,0.00020806265631629977,0.0009217708021239,19,0,0,Low Risk
C001451,19,1209.78,0,0,0,0,0.0,0.0,Low Risk,0.0002768539588077815,0.0009489113636795,19,0,0,Low Risk
C001452,20,13545.86,1,0,1,1,0.05,0.05,High Risk (Fraud & Rules),0.05009967308731607,0.9999999999999998,20,1,1,"High Risk (Fraud, Rules & Model)"
C001453,16,1213.55,0,0,0,0,0.0,0.0,Low Risk,3.406631558248001e-05,0.0001480988207817,16,0,0,Low Risk
C001454,13,880.11,0,0,0,0,0.0,0.0,Low Risk,1.8819354835291118e-05,4.461695994822055e-05,13,0,0,Low Risk
C001455,18,977.67,0,0,0,0,0.0,0.0,Low Risk,0.00012974422684516336,0.0003968045142664,18,0,0,Low Risk
C001456,18,1198.7,0,0,0,0,0.0,0.0,Low Risk,0.0001278650386340361,0.0004917853842393,18,0,0,Low Risk
C001457,24,2092.72,0,0,0,0,0.0,0.0,Low Risk,0.002463429609565836,0.0240581975707434,24,0,0,Low Risk
C001458,22,1243.34,0,0,0,0,0.0,0.0,Low Risk,0.0013278092186295323,0.0032336986358276,22,0,0,Low Risk
C001459,15,875.33,0,0,0,0,0.0,0.0,Low Risk,3.736740936919535e-05,0.0001139060556077,15,0,0,Low Risk
C001460,24,2079.65,0,0,0,0,0.0,0.0,Low Risk,0.0018953150550255534,0.0081279925696094,24,0,0,Low Risk
C001461,25,2692.52,0,0,0,0,0.0,0.0,Low Risk,0.004413757833295965,0.0151861144765817,25,0,0,Low Risk
C001462,20,1357.4,0,0,0,0,0.0,0.0,Low Risk,0.0003655347091481651,0.0015105495711323,20,0,0,Low Risk
C001463,14,1710.87,0,0,0,0,0.0,0.0,Low Risk,2.9461163116679002e-05,0.000137055664121,14,0,0,Low Risk
C001464,19,1775.13,0,0,0,0,0.0,0.0,Low Risk,0.0003063918282521484,0.0008458866870182,19,0,0,Low Risk
C001465,18,1324.84,0,0,0,0,0.0,0.0,Low Risk,0.0001664897004678524,0.0006295754616684,18,0,0,Low Risk
C001466,19,2080.64,0,0,0,0,0.0,0.0,Low Risk,0.0005032024473874454,0.0048122018202853,19,0,0,Low Risk
C001467,17,1107.28,0,0,0,0,0.0,0.0,Low Risk,7.514131661666654e-05,0.0002947763644203,17,0,0,Low Risk
C001468,16,837.71,0,0,0,0,0.0,0.0,Low Risk,3.309030295817702e-05,0.0002490631085169,16,0,0,Low Risk
C001469,21,2656.05,0,0,0,0,0.0,0.0,Low Risk,0.0012961428749677095,0.016350555780999,21,0,0,Low Risk
C001470,14,13761.04,2,0,2,2,0.1428571428571428,0.1428571428571428,High Risk (Fraud & Rules),0.14285420810580532,0.9999950325857212,14,2,2,"High Risk (Fraud, Rules & Model)"
C001471,18,1810.93,0,0,0,0,0.0,0.0,Low Risk,0.00015848135311097048,0.0005875720311032,18,0,0,Low Risk
C001472,22,2457.41,0,0,0,0,0.0,0.0,Low Risk,0.001208813805349182,0.0128255537540434,22,0,0,Low Risk
C001473,17,1699.7,0,0,0,0,0.0,0.0,Low Risk,0.0001131014671758519,0.000617614992256,17,0,0,Low Risk
C001474,18,1285.28,0,0,0,0,0.0,0.0,Low Risk,0.00011400511058404045,0.0003881526106375,18,0,0,Low Risk
C001475,25,2902.91,0,0,0,0,0.0,0.0,Low Risk,0.003618440732519593,0.019250139372617,25,0,0,Low Risk
C001476,20,813.28,0,0,0,0,0.0,0.0,Low Risk,0.00027721425075515077,0.0013256171185738,20,0,0,Low Risk
C001477,11,1101.95,0,0,0,0,0.0,0.0,Low Risk,6.455611022362919e-06,3.631899365428165e-05,11,0,0,Low Risk
C001478,24,1704.12,0,0,0,0,0.0,0.0,Low Risk,0.002478056509017422,0.008680917764824,24,0,0,Low Risk
C001479,16,1326.09,0,0,0,0,0.0,0.0,Low Risk,7.316544246484312e-05,0.0001979920061216,16,0,0,Low Risk
C001480,25,2388.31,0,0,0,0,0.0,0.0,Low Risk,0.0031281845810845026,0.028237708752484,25,0,0,Low Risk
C001481,26,2217.27,0,0,0,0,0.0,0.0,Low Risk,0.006755630819033317,0.0179374761919993,26,0,0,Low Risk
C001482,18,6395.04,1,0,0,0,0.0555555555555555,0.0,Low Risk,0.05559943823680152,0.9996437933531788,18,1,0,"High Risk (Fraud, Rules & Model)"
C001483,15,1028.31,0,0,0,0,0.0,0.0,Low Risk,3.0654860168272596e-05,0.0001229711510794,15,0,0,Low Risk
C001484,15,1041.82,0,0,0,0,0.0,0.0,Low Risk,3.767222198159183e-05,0.0001359674545603,15,0,0,Low Risk
C001485,20,2326.34,0,0,0,0,0.0,0.0,Low Risk,0.000409074130131396,0.0012381948354455,20,0,0,Low Risk
C001486,14,1175.67,0,0,0,0,0.0,0.0,Low Risk,1.2693878823100928e-05,6.820599510708375e-05,14,0,0,Low Risk
C001487,22,2477.35,0,0,0,0,0.0,0.0,Low Risk,0.0005054909407976472,0.0035780144121246,22,0,0,Low Risk
C001488,19,1003.97,0,0,0,0,0.0,0.0,Low Risk,0.00020192268613409013,0.0005789443271262,19,0,0,Low Risk
C001489,15,1863.3,0,0,0,0,0.0,0.0,Low Risk,2.3733288279369175e-05,0.0001482549156391,15,0,0,Low Risk
C001490,26,2597.07,0,0,0,0,0.0,0.0,Low Risk,0.011052148050024876,0.0469826874115746,26,0,0,Low Risk
C001491,21,1581.82,0,0,0,0,0.0,0.0,Low Risk,0.0004528830469539371,0.0022344503443886,21,0,0,Low Risk
C001492,9,618.48,0,0,0,0,0.0,0.0,Low Risk,1.6940669101779477e-06,5.539833612940815e-06,9,0,0,Low Risk
C001493,26,2022.75,0,0,0,0,0.0,0.0,Low Risk,0.008081477969472934,0.0231498575801408,26,0,0,Low Risk
C001494,24,8495.66,1,0,1,1,0.0416666666666666,0.0416666666666666,High Risk (Fraud & Rules),0.043722487253354904,0.9999999994939544,24,1,1,"High Risk (Fraud, Rules & Model)"
C001495,21,1439.57,0,0,0,0,0.0,0.0,Low Risk,0.0005945974526272144,0.0018495883246265,21,0,0,Low Risk
C001496,19,1761.27,0,0,0,0,0.0,0.0,Low Risk,0.00020167457428574233,0.0010377833794909,19,0,0,Low Risk
C001497,21,6915.76,1,0,1,1,0.0476190476190476,0.0476190476190476,High Risk (Fraud & Rules),0.04808575599159483,0.9999997218449144,21,1,1,"High Risk (Fraud, Rules & Model)"
C001498,23,1595.81,0,0,0,0,0.0,0.0,Low Risk,0.0012409489515211188,0.0042646997201591,23,0,0,Low Risk
C001499,22,11916.35,1,0,1,1,0.0454545454545454,0.0454545454545454,High Risk (Fraud & Rules),0.04693569146513444,0.9999999999998824,22,1,1,"High Risk (Fraud, Rules & Model)"
C001500,26,1751.7,0,0,0,0,0.0,0.0,Low Risk,0.008340105653566684,0.0253420872382551,26,0,0,Low Risk
C001501,20,2860.25,0,0,0,0,0.0,0.0,Low Risk,0.0003997583386122991,0.001218983630772,20,0,0,Low Risk
C001502,14,1463.36,0,0,0,0,0.0,0.0,Low Risk,2.4603414600490893e-05,5.59702015778771e-05,14,0,0,Low Risk
C001503,19,1534.0,0,0,0,0,0.0,0.0,Low Risk,0.00025331772229499186,0.0014581381571119,19,0,0,Low Risk
C001504,22,1932.71,0,0,0,0,0.0,0.0,Low Risk,0.0012599671317517819,0.0087415949647867,22,0,0,Low Risk
C001505,25,11466.94,1,0,1,1,0.04,0.04,High Risk (Fraud & Rules),0.04441101581078863,0.9999999999999544,25,1,1,"High Risk (Fraud, Rules & Model)"
C001506,16,1866.8,0,0,0,0,0.0,0.0,Low Risk,3.680498694461772e-05,0.0001310913245768,16,0,0,Low Risk
C001507,24,2457.41,0,0,0,0,0.0,0.0,Low Risk,0.003138216799625167,0.0089436090365893,24,0,0,Low Risk
C001508,23,1883.67,0,0,0,0,0.0,0.0,Low Risk,0.0014136132338139014,0.0079283712962243,23,0,0,Low Risk
C001509,24,1836.97,0,0,0,0,0.0,0.0,Low Risk,0.001989229885127516,0.0165505133762148,24,0,0,Low Risk
C001510,22,11378.320000000002,1,0,1,1,0.0454545454545454,0.0454545454545454,High Risk (Fraud & Rules),0.046403904405103225,0.999999999999281,22,1,1,"High Risk (Fraud, Rules & Model)"
C001511,23,2114.69,0,0,0,0,0.0,0.0,Low Risk,0.0012843585233906726,0.003880220630654,23,0,0,Low Risk
C001512,18,1256.06,0,0,0,0,0.0,0.0,Low Risk,0.00011992487719902422,0.0004435208223099,18,0,0,Low Risk
C001513,23,1208.12,0,0,0,0,0.0,0.0,Low Risk,0.0012443969041912187,0.0044887890186256,23,0,0,Low Risk
C001514,12,835.0799999999999,0,0,0,0,0.0,0.0,Low Risk,8.953572798439425e-06,1.805278100610995e-05,12,0,0,Low Risk
C001515,23,7474.48,1,0,1,1,0.0434782608695652,0.0434782608695652,High Risk (Fraud & Rules),0.04482540539784861,0.999999962945982,23,1,1,"High Risk (Fraud, Rules & Model)"
C001516,25,1199.52,0,0,0,0,0.0,0.0,Low Risk,0.0022387680701208275,0.0137340640564824,25,0,0,Low Risk
C001517,27,1845.95,0,0,0,0,0.0,0.0,Low Risk,0.009660586751867973,0.0326846632089965,27,0,0,Low Risk
C001518,16,1175.56,0,0,0,0,0.0,0.0,Low Risk,8.31107214486567e-05,0.0002184198872728,16,0,0,Low Risk
C001519,25,1643.83,0,0,0,0,0.0,0.0,Low Risk,0.0027291174932221017,0.0103757164105149,25,0,0,Low Risk
C001520,21,1393.49,0,0,0,0,0.0,0.0,Low Risk,0.00040323980909075474,0.0021189419134091,21,0,0,Low Risk
C001521,27,2397.21,0,0,0,0,0.0,0.0,Low Risk,0.00849855307972449,0.0316202449852704,27,0,0,Low Risk
C001522,21,1458.94,0,0,0,0,0.0,0.0,Low Risk,0.0008171084710143878,0.0025715283975388,21,0,0,Low Risk
C001523,16,1336.01,0,0,0,0,0.0,0.0,Low Risk,5.304735858571416e-05,0.0002555274064486,16,0,0,Low Risk
C001524,14,8568.32,1,0,1,1,0.0714285714285714,0.0714285714285714,High Risk (Fraud & Rules),0.07143130486534459,0.9999993290731468,14,1,1,"High Risk (Fraud, Rules & Model)"
C001525,24,1583.06,0,0,0,0,0.0,0.0,Low Risk,0.0015175796987487104,0.0093911077060437,24,0,0,Low Risk
C001526,17,1209.64,0,0,0,0,0.0,0.0,Low Risk,0.00011218241938287735,0.0003371289702813,17,0,0,Low Risk
C001527,24,1761.85,0,0,0,0,0.0,0.0,Low Risk,0.002873989766831996,0.0082992427503456,24,0,0,Low Risk
C001528,28,1814.77,0,0,0,0,0.0,0.0,Low Risk,0.011505863520864473,0.0385561471661354,28,0,0,Low Risk
C001529,20,1836.37,0,0,0,0,0.0,0.0,Low Risk,0.0005030962503337762,0.0011866350784999,20,0,0,Low Risk
C001530,27,2327.98,0,0,0,0,0.0,0.0,Low Risk,0.006200951865734883,0.0261119240520608,27,0,0,Low Risk
C001531,24,2486.87,0,0,0,0,0.0,0.0,Low Risk,0.0020226858148886424,0.0085658772661782,24,0,0,Low Risk
C001532,17,2149.9300000000003,0,0,0,0,0.0,0.0,Low Risk,6.262622334182106e-05,0.0003755144785833,17,0,0,Low Risk
C001533,16,825.85,0,0,0,0,0.0,0.0,Low Risk,6.665353857119406e-05,0.0002024662489761,16,0,0,Low Risk
C001534,23,1501.36,0,0,0,0,0.0,0.0,Low Risk,0.0010821170316630021,0.0043566483707433,23,0,0,Low Risk
C001535,30,1338.84,0,0,0,0,0.0,0.0,Low Risk,0.03203130647582976,0.1059201460961055,30,0,0,Low Risk
C001536,24,2254.89,0,0,0,0,0.0,0.0,Low Risk,0.0027507998247128167,0.0091109479813339,24,0,0,Low Risk
C001537,25,2456.33,0,0,0,0,0.0,0.0,Low Risk,0.0029423903716960854,0.0121632015223853,25,0,0,Low Risk
C001538,15,11765.64,1,0,1,1,0.0666666666666666,0.0666666666666666,High Risk (Fraud & Rules),0.06666914263473453,0.9999999999918356,15,1,1,"High Risk (Fraud, Rules & Model)"
C001539,15,1120.67,0,0,0,0,0.0,0.0,Low Risk,2.6242650902370398e-05,0.000105903536126,15,0,0,Low Risk
C001540,14,751.34,0,0,0,0,0.0,0.0,Low Risk,3.472652852346497e-05,8.757663949213717e-05,14,0,0,Low Risk
C001541,26,1485.41,0,0,0,0,0.0,0.0,Low Risk,0.008116161430412005,0.0219876580836533,26,0,0,Low Risk
C001542,18,1511.5,0,0,0,0,0.0,0.0,Low Risk,7.778221214500429e-05,0.0003818663988719,18,0,0,Low Risk
C001543,16,6875.83,1,0,1,1,0.0625,0.0625,High Risk (Fraud & Rules),0.06251282496561178,0.9999962114193516,16,1,1,"High Risk (Fraud, Rules & Model)"
C001544,23,2200.05,0,0,0,0,0.0,0.0,Low Risk,0.0019328189156615219,0.00630334599175,23,0,0,Low Risk
C001545,25,2110.39,0,0,0,0,0.0,0.0,Low Risk,0.0036542524016669876,0.0171430455829574,25,0,0,Low Risk
C001546,14,939.07,0,0,0,0,0.0,0.0,Low Risk,2.349365244613527e-05,7.601653605470453e-05,14,0,0,Low Risk
C001547,24,2491.59,0,0,0,0,0.0,0.0,Low Risk,0.0015047156566125105,0.0061363099649885,24,0,0,Low Risk
C001548,19,1283.49,0,0,0,0,0.0,0.0,Low Risk,0.00029410580539026806,0.000928059370891,19,0,0,Low Risk
C001549,15,870.4300000000001,0,0,0,0,0.0,0.0,Low Risk,5.110018524910618e-05,0.0001412607717709,15,0,0,Low Risk
C001550,19,970.64,0,0,0,0,0.0,0.0,Low Risk,0.0001963896265576008,0.0008098641202588,19,0,0,Low Risk
C001551,20,1523.32,0,0,0,0,0.0,0.0,Low Risk,0.0005503883394260727,0.0015469021678276,20,0,0,Low Risk
C001552,22,1630.03,0,0,0,0,0.0,0.0,Low Risk,0.0010652589805962723,0.0032258857445786,22,0,0,Low Risk
C001553,24,2244.98,0,0,0,0,0.0,0.0,Low Risk,0.0012750464732370346,0.0088556944587749,24,0,0,Low Risk
C001554,17,2289.89,0,0,0,0,0.0,0.0,Low Risk,5.961885477065038e-05,0.0002951299549809,17,0,0,Low Risk
C001555,29,2401.75,0,0,0,0,0.0,0.0,Low Risk,0.029260394060282545,0.0940191027388393,29,0,0,Low Risk
C001556,14,1073.38,0,0,0,0,0.0,0.0,Low Risk,2.2173814897794764e-05,7.595219358573129e-05,14,0,0,Low Risk
C001557,24,1452.93,0,0,0,0,0.0,0.0,Low Risk,0.0017216405759789392,0.0094804335996905,24,0,0,Low Risk
C001558,23,1423.43,0,0,0,0,0.0,0.0,Low Risk,0.0016879289562248307,0.0081141477103245,23,0,0,Low Risk
C001559,25,2307.23,0,0,0,0,0.0,0.0,Low Risk,0.003933792798179675,0.0137128775704036,25,0,0,Low Risk
C001560,18,1408.22,0,0,0,0,0.0,0.0,Low Risk,9.367418554864775e-05,0.0005026175459657,18,0,0,Low Risk
C001561,24,1790.22,0,0,0,0,0.0,0.0,Low Risk,0.0021681283875260916,0.0076145205073667,24,0,0,Low Risk
C001562,11,895.32,0,0,0,0,0.0,0.0,Low Risk,5.56755363063508e-06,2.3025784404232097e-05,11,0,0,Low Risk
C001563,19,1119.61,0,0,0,0,0.0,0.0,Low Risk,0.00015462144940716932,0.000538526052971,19,0,0,Low Risk
C001564,22,859.72,0,0,0,0,0.0,0.0,Low Risk,0.0007645151068762375,0.0034521802041565,22,0,0,Low Risk
C001565,12,1043.54,0,0,0,0,0.0,0.0,Low Risk,6.861312851625828e-06,3.2711107882880424e-05,12,0,0,Low Risk
C001566,27,1568.13,0,0,0,0,0.0,0.0,Low Risk,0.010351730525891176,0.048403153460234,27,0,0,Low Risk
C001567,23,2354.66,0,0,0,0,0.0,0.0,Low Risk,0.0012391685022837406,0.0046070194060486,23,0,0,Low Risk
C001568,17,2760.99,0,0,0,0,0.0,0.0,Low Risk,6.315232499552697e-05,0.0002823881702899,17,0,0,Low Risk
C001569,20,2336.72,0,0,0,0,0.0,0.0,Low Risk,0.0005650864418660446,0.0020679802566229,20,0,0,Low Risk
C001570,12,1295.9,0,0,0,0,0.0,0.0,Low Risk,4.54341975165127e-06,2.0705485351366427e-05,12,0,0,Low Risk
C001571,19,1443.84,0,0,0,0,0.0,0.0,Low Risk,0.0003893062291111125,0.0017581682395148,19,0,0,Low Risk
C001572,21,1909.45,0,0,0,0,0.0,0.0,Low Risk,0.0007413843301452488,0.0023678397821264,21,0,0,Low Risk
C001573,26,1935.01,0,0,0,0,0.0,0.0,Low Risk,0.006777981046704119,0.0222739464460105,26,0,0,Low Risk
C001574,17,1875.59,0,0,0,0,0.0,0.0,Low Risk,0.00010899516069477182,0.000289895289783,17,0,0,Low Risk
C001575,11,424.66,0,0,0,0,0.0,0.0,Low Risk,1.2996191728827158e-05,2.491812040099148e-05,11,0,0,Low Risk
C001576,20,1208.09,0,0,0,0,0.0,0.0,Low Risk,0.000469002465572828,0.0011449937569763,20,0,0,Low Risk
C001577,20,1066.65,0,0,0,0,0.0,0.0,Low Risk,0.00033873231409868874,0.0010185061596052,20,0,0,Low Risk
C001578,14,1242.18,0,0,0,0,0.0,0.0,Low Risk,2.0681034163384423e-05,7.332092106547279e-05,14,0,0,Low Risk
C001579,16,2293.69,0,0,0,0,0.0,0.0,Low Risk,8.670184344604625e-05,0.0005837754593976,16,0,0,Low Risk
C001580,17,2095.14,0,0,0,0,0.0,0.0,Low Risk,0.00011586658917174467,0.0007393030520263,17,0,0,Low Risk
C001581,20,1050.53,0,0,0,0,0.0,0.0,Low Risk,0.00029621798147026247,0.0010183108909866,20,0,0,Low Risk
C001582,19,8284.16,1,0,1,1,0.0526315789473684,0.0526315789473684,High Risk (Fraud & Rules),0.05276543514598912,0.9999999882444154,19,1,1,"High Risk (Fraud, Rules & Model)"
C001583,22,1195.75,0,0,0,0,0.0,0.0,Low Risk,0.0012699205101627436,0.0028504942136742,22,0,0,Low Risk
C001584,14,1128.57,0,0,0,0,0.0,0.0,Low Risk,1.136536670812483e-05,7.437076607314934e-05,14,0,0,Low Risk
C001585,17,1354.79,0,0,0,0,0.0,0.0,Low Risk,7.603175472589265e-05,0.0002899857104804,17,0,0,Low Risk
C001586,22,2595.82,0,0,0,0,0.0,0.0,Low Risk,0.0012220362220488649,0.0045506396204238,22,0,0,Low Risk
C001587,25,2034.21,0,0,0,0,0.0,0.0,Low Risk,0.006377820863562551,0.0168358301298706,25,0,0,Low Risk
C001588,40,1994.39,12,8,0,8,0.3,0.2,High Risk (Fraud & Rules),0.6590754441739445,0.9991539051826294,40,12,8,"High Risk (Fraud, Rules & Model)"
C001589,23,1522.71,0,0,0,0,0.0,0.0,Low Risk,0.0009096622417663797,0.0048171098648146,23,0,0,Low Risk
C001590,19,1829.37,0,0,0,0,0.0,0.0,Low Risk,0.00011129491573793257,0.0005076230755664,19,0,0,Low Risk
C001591,15,1123.89,0,0,0,0,0.0,0.0,Low Risk,4.421942829857599e-05,0.0001028718469767,15,0,0,Low Risk
C001592,22,1551.6,0,0,0,0,0.0,0.0,Low Risk,0.0007548445675984711,0.002770396487382,22,0,0,Low Risk
C001593,23,2362.95,0,0,0,0,0.0,0.0,Low Risk,0.0016378888767528826,0.0055455118915458,23,0,0,Low Risk
C001594,27,2429.09,0,0,0,0,0.0,0.0,Low Risk,0.010736614247049211,0.0431125633184708,27,0,0,Low Risk
C001595,18,825.55,0,0,0,0,0.0,0.0,Low Risk,0.00017221225721563576,0.0006011920602039,18,0,0,Low Risk
C001596,25,2112.06,0,0,0,0,0.0,0.0,Low Risk,0.0038559665944860144,0.0158434161627543,25,0,0,Low Risk
C001597,21,1336.15,0,0,0,0,0.0,0.0,Low Risk,0.0007646202424127531,0.0021046012075123,21,0,0,Low Risk
C001598,15,1383.47,0,0,0,0,0.0,0.0,Low Risk,4.8767038843662007e-05,0.0001724720946013,15,0,0,Low Risk
C001599,22,2007.4,0,0,0,0,0.0,0.0,Low Risk,0.0006243594786817258,0.005930862031074,22,0,0,Low Risk
C001600,18,2165.9,0,0,0,0,0.0,0.0,Low Risk,0.0001714223077049409,0.0007215187812132,18,0,0,Low Risk
C001601,22,1139.49,0,0,0,0,0.0,0.0,Low Risk,0.0008142728334707719,0.0032699417359408,22,0,0,Low Risk
C001602,19,1153.56,0,0,0,0,0.0,0.0,Low Risk,0.0002338770272947748,0.0009293808869404,19,0,0,Low Risk
C001603,20,1817.56,0,0,0,0,0.0,0.0,Low Risk,0.0006949031364949564,0.0022850838097578,20,0,0,Low Risk
C001604,22,1584.04,0,0,0,0,0.0,0.0,Low Risk,0.0010867081188172365,0.0038673147940008,22,0,0,Low Risk
C001605,24,1873.81,0,0,0,0,0.0,0.0,Low Risk,0.0017971527356372915,0.0062896744244952,24,0,0,Low Risk
C001606,18,1574.59,0,0,0,0,0.0,0.0,Low Risk,0.00014857203805058783,0.0005242794087669,18,0,0,Low Risk
C001607,30,2002.38,0,0,0,0,0.0,0.0,Low Risk,0.02638168109041045,0.2130432323446854,30,0,0,Low Risk
C001608,22,1606.86,0,0,0,0,0.0,0.0,Low Risk,0.001134849232925568,0.0038575442310951,22,0,0,Low Risk
C001609,21,2388.0,0,0,0,0,0.0,0.0,Low Risk,0.0005755449201899778,0.0024161644567582,21,0,0,Low Risk
C001610,19,1643.1,0,0,0,0,0.0,0.0,Low Risk,0.0001371674289054319,0.0011134962815145,19,0,0,Low Risk
C001611,14,839.3,0,0,0,0,0.0,0.0,Low Risk,1.2289046396244172e-05,7.017029030081796e-05,14,0,0,Low Risk
C001612,21,2447.52,0,0,0,0,0.0,0.0,Low Risk,0.00040718636411611825,0.0020266468225888,21,0,0,Low Risk
C001613,19,1386.5,0,0,0,0,0.0,0.0,Low Risk,0.00018826637681993106,0.0007198850099198,19,0,0,Low Risk
C001614,24,1857.29,0,0,0,0,0.0,0.0,Low Risk,0.00211958915470744,0.0072960071192845,24,0,0,Low Risk
C001615,19,1620.47,0,0,0,0,0.0,0.0,Low Risk,0.00032291748022020956,0.0012071911489318,19,0,0,Low Risk
C001616,26,2783.29,0,0,0,0,0.0,0.0,Low Risk,0.008522124718668526,0.0600835509527371,26,0,0,Low Risk
C001617,12,1199.42,0,0,0,0,0.0,0.0,Low Risk,4.192742647644841e-06,1.5300042159467296e-05,12,0,0,Low Risk
C001618,20,1793.82,0,0,0,0,0.0,0.0,Low Risk,0.0006508067101860372,0.004179171520442,20,0,0,Low Risk
C001619,18,1157.79,0,0,0,0,0.0,0.0,Low Risk,0.00014649258421182317,0.0004077568179648,18,0,0,Low Risk
C001620,22,1702.27,0,0,0,0,0.0,0.0,Low Risk,0.0007423143425616761,0.0033691740543052,22,0,0,Low Risk
C001621,19,1250.43,0,0,0,0,0.0,0.0,Low Risk,0.00019605347640865682,0.000852553063594,19,0,0,Low Risk
C001622,31,10227.46,1,0,1,1,0.032258064516129,0.032258064516129,High Risk (Fraud & Rules),0.11319620452705763,0.9999999999999736,31,1,1,"High Risk (Fraud, Rules & Model)"
C001623,16,1552.43,0,0,0,0,0.0,0.0,Low Risk,7.936610577184385e-05,0.0003440706549975,16,0,0,Low Risk
C001624,15,1446.14,0,0,0,0,0.0,0.0,Low Risk,1.5940282505316642e-05,9.637831037337104e-05,15,0,0,Low Risk
C001625,21,1256.47,0,0,0,0,0.0,0.0,Low Risk,0.0007409240274411931,0.0020395148689751,21,0,0,Low Risk
C001626,14,965.06,0,0,0,0,0.0,0.0,Low Risk,2.396813593404519e-05,9.999325914830728e-05,14,0,0,Low Risk
C001627,20,1588.08,0,0,0,0,0.0,0.0,Low Risk,0.00030598441510253424,0.00148376717737,20,0,0,Low Risk
C001628,21,1459.77,0,0,0,0,0.0,0.0,Low Risk,0.000689846646232817,0.0020531018078205,21,0,0,Low Risk
C001629,25,1087.99,0,0,0,0,0.0,0.0,Low Risk,0.0030749807676077575,0.0130650818322672,25,0,0,Low Risk
C001630,29,2141.86,0,0,0,0,0.0,0.0,Low Risk,0.02299857228525109,0.0906954780438751,29,0,0,Low Risk
C001631,18,1636.23,0,0,0,0,0.0,0.0,Low Risk,0.00014114510149679425,0.0005313982569198,18,0,0,Low Risk
C001632,22,1902.81,0,0,0,0,0.0,0.0,Low Risk,0.0011525679739784517,0.0044631139557612,22,0,0,Low Risk
C001633,21,2845.34,0,0,0,0,0.0,0.0,Low Risk,0.0005566400465095981,0.0019548866350291,21,0,0,Low Risk
C001634,21,1462.68,0,0,0,0,0.0,0.0,Low Risk,0.0007997089907155592,0.0026942255517609,21,0,0,Low Risk
C001635,18,1054.74,0,0,0,0,0.0,0.0,Low Risk,0.0001810111107629697,0.0005766495735361,18,0,0,Low Risk
C001636,18,1727.27,0,0,0,0,0.0,0.0,Low Risk,0.00011134548232654398,0.0004580727036257,18,0,0,Low Risk
C001637,17,904.13,0,0,0,0,0.0,0.0,Low Risk,0.00013673478017821642,0.000400449752745,17,0,0,Low Risk
C001638,22,1301.99,0,0,0,0,0.0,0.0,Low Risk,0.0014851700734477774,0.003845834160518,22,0,0,Low Risk
C001639,29,2263.01,0,0,0,0,0.0,0.0,Low Risk,0.035934092337281315,0.0906219604415699,29,0,0,Low Risk
C001640,20,1031.28,0,0,0,0,0.0,0.0,Low Risk,0.00027207652285069444,0.0016818561026618,20,0,0,Low Risk
C001641,18,1693.89,0,0,0,0,0.0,0.0,Low Risk,0.00014115649109239895,0.0004653997324851,18,0,0,Low Risk
C001642,26,2228.31,0,0,0,0,0.0,0.0,Low Risk,0.007193174852233961,0.0330350206376477,26,0,0,Low Risk
C001643,16,987.39,0,0,0,0,0.0,0.0,Low Risk,5.907117559299847e-05,0.0002250975080052,16,0,0,Low Risk
C001644,19,821.4300000000001,0,0,0,0,0.0,0.0,Low Risk,0.00034647462363257173,0.0009998206040846,19,0,0,Low Risk
C001645,18,10346.95,1,0,1,1,0.0555555555555555,0.0555555555555555,High Risk (Fraud & Rules),0.05559974055996565,0.999999999799773,18,1,1,"High Risk (Fraud, Rules & Model)"
C001646,15,1266.05,0,0,0,0,0.0,0.0,Low Risk,6.925715765974538e-05,0.0002149780002336,15,0,0,Low Risk
C001647,28,1883.24,0,0,0,0,0.0,0.0,Low Risk,0.010969480190414238,0.0501810901168605,28,0,0,Low Risk
C001648,21,1442.21,0,0,0,0,0.0,0.0,Low Risk,0.0005015589429911248,0.0018000688394515,21,0,0,Low Risk
C001649,25,1541.26,0,0,0,0,0.0,0.0,Low Risk,0.003072512214086395,0.0102364141257754,25,0,0,Low Risk
C001650,18,1407.5,0,0,0,0,0.0,0.0,Low Risk,0.00017950210086851065,0.0006468154260419,18,0,0,Low Risk
C001651,17,1123.24,0,0,0,0,0.0,0.0,Low Risk,6.720564054494691e-05,0.0002214347365177,17,0,0,Low Risk
C001652,27,2946.08,0,0,0,0,0.0,0.0,Low Risk,0.007946285835081498,0.0363785704837146,27,0,0,Low Risk
C001653,21,1064.49,0,0,0,0,0.0,0.0,Low Risk,0.0006710144506873423,0.0021285388761748,21,0,0,Low Risk
C001654,16,769.39,0,0,0,0,0.0,0.0,Low Risk,5.2580116459598694e-05,0.0002173945151096,16,0,0,Low Risk
C001655,14,889.3199999999999,0,0,0,0,0.0,0.0,Low Risk,2.1044050127039164e-05,5.8809226599155136e-05,14,0,0,Low Risk
C001656,20,1971.95,0,0,0,0,0.0,0.0,Low Risk,0.00035468279767511025,0.0016261284613704,20,0,0,Low Risk
C001657,15,1390.78,0,0,0,0,0.0,0.0,Low Risk,3.151459441024742e-05,0.0001342965762829,15,0,0,Low Risk
C001658,18,1336.21,0,0,0,0,0.0,0.0,Low Risk,0.00012892251133261106,0.0004681796032809,18,0,0,Low Risk
C001659,20,1153.61,0,0,0,0,0.0,0.0,Low Risk,0.0005164153871452854,0.0016388706154738,20,0,0,Low Risk
C001660,22,1624.84,0,0,0,0,0.0,0.0,Low Risk,0.0009711328634885223,0.0038533838608737,22,0,0,Low Risk
C001661,13,798.94,0,0,0,0,0.0,0.0,Low Risk,1.0431308689245188e-05,3.449269085153548e-05,13,0,0,Low Risk
C001662,21,1235.41,0,0,0,0,0.0,0.0,Low Risk,0.0005314118171959623,0.0019460633186038,21,0,0,Low Risk
C001663,19,1690.03,0,0,0,0,0.0,0.0,Low Risk,0.00023058500870630963,0.0006198504570575,19,0,0,Low Risk
C001664,21,7372.31,1,0,1,1,0.0476190476190476,0.0476190476190476,High Risk (Fraud & Rules),0.04805192287797376,0.9999999326555228,21,1,1,"High Risk (Fraud, Rules & Model)"
C001665,23,1895.43,0,0,0,0,0.0,0.0,Low Risk,0.0015167436934908466,0.0058089255081268,23,0,0,Low Risk
C001666,18,1647.85,0,0,0,0,0.0,0.0,Low Risk,0.00017348085018033938,0.0007004389396375,18,0,0,Low Risk
C001667,17,848.5,0,0,0,0,0.0,0.0,Low Risk,8.694334573987778e-05,0.0003198480717106,17,0,0,Low Risk
C001668,18,1004.09,0,0,0,0,0.0,0.0,Low Risk,0.00010082147814477902,0.0006238892398451,18,0,0,Low Risk
C001669,24,1674.44,0,0,0,0,0.0,0.0,Low Risk,0.0021478022942843433,0.0139808434947119,24,0,0,Low Risk
C001670,33,3805.98,0,0,0,0,0.0,0.0,Low Risk,0.1492615980401533,0.6023059974592203,33,0,0,Medium Risk
C001671,16,882.09,0,0,0,0,0.0,0.0,Low Risk,3.311348468624937e-05,0.0001280890195143,16,0,0,Low Risk
C001672,27,2584.93,0,0,0,0,0.0,0.0,Low Risk,0.008806033384877308,0.0472919672948267,27,0,0,Low Risk
C001673,16,956.79,0,0,0,0,0.0,0.0,Low Risk,4.284183992960161e-05,0.0001456833910492,16,0,0,Low Risk
C001674,21,1727.51,0,0,0,0,0.0,0.0,Low Risk,0.0005705505341122656,0.001550944783859,21,0,0,Low Risk
C001675,17,1135.74,0,0,0,0,0.0,0.0,Low Risk,0.00010620207238702026,0.0002535242445843,17,0,0,Low Risk
C001676,15,12205.250000000002,1,0,1,1,0.0666666666666666,0.0666666666666666,High Risk (Fraud & Rules),0.06666767957689505,0.9999999999991828,15,1,1,"High Risk (Fraud, Rules & Model)"
C001677,18,8907.0,1,0,1,1,0.0555555555555555,0.0555555555555555,High Risk (Fraud & Rules),0.05560053475679499,0.999999999144102,18,1,1,"High Risk (Fraud, Rules & Model)"
C001678,23,1708.53,0,0,0,0,0.0,0.0,Low Risk,0.0017801337061344896,0.0049336469549784,23,0,0,Low Risk
C001679,15,1251.79,0,0,0,0,0.0,0.0,Low Risk,4.7641348261287416e-05,0.0001129393052505,15,0,0,Low Risk
C001680,22,2019.72,0,0,0,0,0.0,0.0,Low Risk,0.0006343011393843933,0.0022067857757929,22,0,0,Low Risk
C001681,26,1861.23,0,0,0,0,0.0,0.0,Low Risk,0.005482499417263482,0.0155253186320402,26,0,0,Low Risk
C001682,18,2397.8,0,0,0,0,0.0,0.0,Low Risk,6.861510802340269e-05,0.0003507662714687,18,0,0,Low Risk
C001683,16,1457.75,0,0,0,0,0.0,0.0,Low Risk,3.64261711311221e-05,0.0001286088199117,16,0,0,Low Risk
C001684,17,1398.14,0,0,0,0,0.0,0.0,Low Risk,8.57276926598099e-05,0.0003072350355486,17,0,0,Low Risk
C001685,21,1349.95,0,0,0,0,0.0,0.0,Low Risk,0.0006891113689035487,0.0023227733552047,21,0,0,Low Risk
C001686,19,2171.09,0,0,0,0,0.0,0.0,Low Risk,0.0002684200759153616,0.0009657578539517,19,0,0,Low Risk
C001687,21,1447.4,0,0,0,0,0.0,0.0,Low Risk,0.0006498649047343471,0.0017916675198176,21,0,0,Low Risk
C001688,31,2400.9,0,0,0,0,0.0,0.0,Low Risk,0.04492271960078091,0.1691501866817923,31,0,0,Low Risk
C001689,21,1761.98,0,0,0,0,0.0,0.0,Low Risk,0.0008155673117212829,0.0023810978050059,21,0,0,Low Risk
C001690,18,1101.69,0,0,0,0,0.0,0.0,Low Risk,0.00018211080973162399,0.0005165158717241,18,0,0,Low Risk
C001691,17,1257.93,0,0,0,0,0.0,0.0,Low Risk,5.031424336284292e-05,0.0003017780011803,17,0,0,Low Risk
C001692,21,2020.54,0,0,0,0,0.0,0.0,Low Risk,0.0005834965199359719,0.0021899033012532,21,0,0,Low Risk
C001693,20,12065.4,1,0,1,1,0.05,0.05,High Risk (Fraud & Rules),0.05019609219204757,0.9999999999999958,20,1,1,"High Risk (Fraud, Rules & Model)"
C001694,27,2285.21,0,0,0,0,0.0,0.0,Low Risk,0.007825096360236716,0.0301065124169171,27,0,0,Low Risk
C001695,25,1273.42,0,0,0,0,0.0,0.0,Low Risk,0.0035401332083991543,0.0109950241709082,25,0,0,Low Risk
C001696,20,1746.06,0,0,0,0,0.0,0.0,Low Risk,0.0003635708991905491,0.0013316408422268,20,0,0,Low Risk
C001697,18,1649.0,0,0,0,0,0.0,0.0,Low Risk,0.00014375930397892306,0.0005468742217144,18,0,0,Low Risk
C001698,22,1787.97,0,0,0,0,0.0,0.0,Low Risk,0.0007528229316844398,0.00314720136182,22,0,0,Low Risk
C001699,17,1045.3,0,0,0,0,0.0,0.0,Low Risk,0.0001614146113565532,0.0003945560381182,17,0,0,Low Risk
C001700,11,514.55,0,0,0,0,0.0,0.0,Low Risk,8.05444295995712e-06,2.688035495102805e-05,11,0,0,Low Risk
C001701,19,1552.22,0,0,0,0,0.0,0.0,Low Risk,0.00020222816379401477,0.0012590647956103,19,0,0,Low Risk
C001702,24,1553.59,0,0,0,0,0.0,0.0,Low Risk,0.0019520909305740797,0.008891523501115,24,0,0,Low Risk
C001703,32,1957.89,0,0,0,0,0.0,0.0,Low Risk,0.08450783249738704,0.2627375772682693,32,0,0,Low Risk
C001704,21,3006.24,0,0,0,0,0.0,0.0,Low Risk,0.0009301576262165286,0.0092536014367966,21,0,0,Low Risk
C001705,23,1093.62,0,0,0,0,0.0,0.0,Low Risk,0.00169092313614693,0.0047665315674871,23,0,0,Low Risk
C001706,20,1168.38,0,0,0,0,0.0,0.0,Low Risk,0.0001998685115928368,0.0010177763951603,20,0,0,Low Risk
C001707,25,1598.43,0,0,0,0,0.0,0.0,Low Risk,0.0033931421346983627,0.0108977763699393,25,0,0,Low Risk
C001708,18,906.48,0,0,0,0,0.0,0.0,Low Risk,0.00013450490168680828,0.0003492364212588,18,0,0,Low Risk
C001709,22,3605.01,0,0,0,0,0.0,0.0,Low Risk,0.001360886137071004,0.0058754160906769,22,0,0,Low Risk
C001710,23,2034.19,0,0,0,0,0.0,0.0,Low Risk,0.0015249272842819397,0.005106270051756,23,0,0,Low Risk
C001711,16,1394.65,0,0,0,0,0.0,0.0,Low Risk,5.5090325775656705e-05,0.0003234442895607,16,0,0,Low Risk
C001712,16,1033.94,0,0,0,0,0.0,0.0,Low Risk,5.428285717501404e-05,0.0002548280671489,16,0,0,Low Risk
C001713,20,1223.62,0,0,0,0,0.0,0.0,Low Risk,0.000272862381016251,0.0008878070492154,20,0,0,Low Risk
C001714,18,1655.6,0,0,0,0,0.0,0.0,Low Risk,0.0001433568356242746,0.0004373166083312,18,0,0,Low Risk
C001715,19,1225.85,0,0,0,0,0.0,0.0,Low Risk,0.00023138025687709297,0.0009659000911177,19,0,0,Low Risk
C001716,22,3145.1,0,0,0,0,0.0,0.0,Low Risk,0.003918170134183063,0.0618904401435049,22,0,0,Low Risk
C001717,26,2721.14,0,0,0,0,0.0,0.0,Low Risk,0.006207468021925688,0.0435460736007953,26,0,0,Low Risk
C001718,14,924.71,0,0,0,0,0.0,0.0,Low Risk,1.6771209955629687e-05,8.781474964524824e-05,14,0,0,Low Risk
C001719,16,1072.39,0,0,0,0,0.0,0.0,Low Risk,5.3881004347369966e-05,0.0001764323668133,16,0,0,Low Risk
C001720,16,1989.81,0,0,0,0,0.0,0.0,Low Risk,5.591725573886908e-05,0.0002545610958413,16,0,0,Low Risk
C001721,19,1240.53,0,0,0,0,0.0,0.0,Low Risk,0.0001790430738571873,0.0005824725191675,19,0,0,Low Risk
C001722,20,1852.7,0,0,0,0,0.0,0.0,Low Risk,0.00038877102138690857,0.0011162564261138,20,0,0,Low Risk
C001723,17,1166.34,0,0,0,0,0.0,0.0,Low Risk,8.61887066735226e-05,0.0004102977069051,17,0,0,Low Risk
C001724,18,985.81,0,0,0,0,0.0,0.0,Low Risk,0.0001601275038467675,0.0005367592239692,18,0,0,Low Risk
C001725,12,929.94,0,0,0,0,0.0,0.0,Low Risk,1.0025830599215375e-05,3.034204922316604e-05,12,0,0,Low Risk
C001726,29,1658.12,0,0,0,0,0.0,0.0,Low Risk,0.016060239309871622,0.0584215297822098,29,0,0,Low Risk
C001727,20,2687.32,0,0,0,0,0.0,0.0,Low Risk,0.0005002267526541058,0.0025721226656817,20,0,0,Low Risk
C001728,22,1357.98,0,0,0,0,0.0,0.0,Low Risk,0.0007641143427133328,0.0032776946759084,22,0,0,Low Risk
C001729,13,670.2,0,0,0,0,0.0,0.0,Low Risk,1.0956816430087298e-05,2.881206631968708e-05,13,0,0,Low Risk
C001730,49,14684.74,19,10,1,11,0.3877551020408163,0.2244897959183673,High Risk (Fraud & Rules),0.797363823471962,1.0,49,19,11,"High Risk (Fraud, Rules & Model)"
C001731,12,505.8,0,0,0,0,0.0,0.0,Low Risk,1.617972759982056e-05,3.9348554574003646e-05,12,0,0,Low Risk
C001732,27,1559.3,0,0,0,0,0.0,0.0,Low Risk,0.00855422008757464,0.0259201052361073,27,0,0,Low Risk
C001733,18,1400.05,0,0,0,0,0.0,0.0,Low Risk,0.00013092558971535275,0.0004675410944741,18,0,0,Low Risk
C001734,24,1768.02,0,0,0,0,0.0,0.0,Low Risk,0.0019164222519159962,0.0103975802159541,24,0,0,Low Risk
C001735,15,1110.07,0,0,0,0,0.0,0.0,Low Risk,4.929554154371538e-05,0.0001479062810982,15,0,0,Low Risk
C001736,20,1763.46,0,0,0,0,0.0,0.0,Low Risk,0.00037029080545855663,0.0012434843802906,20,0,0,Low Risk
C001737,22,2625.73,0,0,0,0,0.0,0.0,Low Risk,0.0011744804805580054,0.0071242769054534,22,0,0,Low Risk
C001738,18,998.71,0,0,0,0,0.0,0.0,Low Risk,0.00010165368432642521,0.0004061327558718,18,0,0,Low Risk
C001739,18,1628.49,0,0,0,0,0.0,0.0,Low Risk,7.136208137065056e-05,0.0004301718904896,18,0,0,Low Risk
C001740,19,1808.29,0,0,0,0,0.0,0.0,Low Risk,0.00016123691501112913,0.0004973870028161,19,0,0,Low Risk
C001741,23,2377.93,0,0,0,0,0.0,0.0,Low Risk,0.001991861679023253,0.0071969445485017,23,0,0,Low Risk
C001742,18,1293.62,0,0,0,0,0.0,0.0,Low Risk,9.699593385782588e-05,0.0011190824894098,18,0,0,Low Risk
C001743,23,13685.79,1,0,1,1,0.0434782608695652,0.0434782608695652,High Risk (Fraud & Rules),0.045113552124701826,0.9999999999999998,23,1,1,"High Risk (Fraud, Rules & Model)"
C001744,11,830.9,0,0,0,0,0.0,0.0,Low Risk,5.027571445682247e-06,2.39547873002852e-05,11,0,0,Low Risk
C001745,21,2182.41,0,0,0,0,0.0,0.0,Low Risk,0.0004532616940115783,0.0015629304613763,21,0,0,Low Risk
C001746,27,3248.4700000000003,0,0,0,0,0.0,0.0,Low Risk,0.01249742523124835,0.0712387723945267,27,0,0,Low Risk
C001747,17,1232.65,0,0,0,0,0.0,0.0,Low Risk,8.311226224183747e-05,0.0002387096945836,17,0,0,Low Risk
C001748,12,1004.68,0,0,0,0,0.0,0.0,Low Risk,1.114127942995533e-05,2.5244532429390528e-05,12,0,0,Low Risk
C001749,23,9435.47,1,0,1,1,0.0434782608695652,0.0434782608695652,High Risk (Fraud & Rules),0.045246123185270104,0.9999999999828172,23,1,1,"High Risk (Fraud, Rules & Model)"
C001750,21,1178.47,0,0,0,0,0.0,0.0,Low Risk,0.00039835673988665763,0.0024614591170994,21,0,0,Low Risk
C001751,13,1296.63,0,0,0,0,0.0,0.0,Low Risk,1.3871176610186136e-05,4.21902479586156e-05,13,0,0,Low Risk
C001752,21,1932.06,0,0,0,0,0.0,0.0,Low Risk,0.0005318015575571014,0.0022623522730501,21,0,0,Low Risk
C001753,14,874.23,0,0,0,0,0.0,0.0,Low Risk,2.1299346434663716e-05,8.163828059014385e-05,14,0,0,Low Risk
C001754,26,2950.8,0,0,0,0,0.0,0.0,Low Risk,0.0050523207352852284,0.0265242613967463,26,0,0,Low Risk
C001755,23,1604.75,0,0,0,0,0.0,0.0,Low Risk,0.0014974929764532945,0.0052913974065387,23,0,0,Low Risk
C001756,23,1053.55,0,0,0,0,0.0,0.0,Low Risk,0.0016656148673844743,0.0059810920852958,23,0,0,Low Risk
C001757,17,1649.08,0,0,0,0,0.0,0.0,Low Risk,8.860110905724452e-05,0.0002492429666879,17,0,0,Low Risk
C001758,22,2309.98,0,0,0,0,0.0,0.0,Low Risk,0.0008677857225387503,0.0034702814910878,22,0,0,Low Risk
C001759,21,2034.78,0,0,0,0,0.0,0.0,Low Risk,0.0004831984295421601,0.004336717709919,21,0,0,Low Risk
C001760,21,1157.88,0,0,0,0,0.0,0.0,Low Risk,0.0007515939256319898,0.0024272186402785,21,0,0,Low Risk
C001761,24,2201.13,0,0,0,0,0.0,0.0,Low Risk,0.002224005036881948,0.0077247426437806,24,0,0,Low Risk
C001762,20,1172.19,0,0,0,0,0.0,0.0,Low Risk,0.00021830710735472157,0.0007250469748737,20,0,0,Low Risk
C001763,51,3413.57,24,17,0,17,0.4705882352941176,0.3333333333333333,High Risk (Fraud & Rules),0.8335137309743064,0.9999955529232863,51,24,17,"High Risk (Fraud, Rules & Model)"
C001764,21,1456.89,0,0,0,0,0.0,0.0,Low Risk,0.0009825217808408014,0.0024161525754167,21,0,0,Low Risk
C001765,18,1326.47,0,0,0,0,0.0,0.0,Low Risk,0.00018094218876269194,0.0007361545653102,18,0,0,Low Risk
C001766,20,1445.0,0,0,0,0,0.0,0.0,Low Risk,0.0004105030937807689,0.0015208910695448,20,0,0,Low Risk
C001767,18,1259.86,0,0,0,0,0.0,0.0,Low Risk,0.00018297493798493639,0.0004270343200733,18,0,0,Low Risk
C001768,25,1502.44,0,0,0,0,0.0,0.0,Low Risk,0.003099733651046629,0.0150723067529928,25,0,0,Low Risk
C001769,19,13367.000000000002,1,0,1,1,0.0526315789473684,0.0526315789473684,High Risk (Fraud & Rules),0.05273367725817408,0.9999999999999978,19,1,1,"High Risk (Fraud, Rules & Model)"
C001770,16,1392.79,0,0,0,0,0.0,0.0,Low Risk,4.842544280174677e-05,0.0001424695818283,16,0,0,Low Risk
C001771,19,931.83,0,0,0,0,0.0,0.0,Low Risk,0.00032741161085379685,0.0008121770466379,19,0,0,Low Risk
C001772,11,592.11,0,0,0,0,0.0,0.0,Low Risk,4.463383192501358e-06,1.3029004926930534e-05,11,0,0,Low Risk
C001773,24,1891.47,0,0,0,0,0.0,0.0,Low Risk,0.0027939933068838545,0.009205228893777,24,0,0,Low Risk
C001774,21,1856.51,0,0,0,0,0.0,0.0,Low Risk,0.0009736028815232724,0.0075486474744823,21,0,0,Low Risk
C001775,21,2846.53,0,0,0,0,0.0,0.0,Low Risk,0.0016158810130809467,0.0218908749630014,21,0,0,Low Risk
C001776,21,2536.33,0,0,0,0,0.0,0.0,Low Risk,0.0004934717580303926,0.0025142606177503,21,0,0,Low Risk
C001777,20,1242.88,0,0,0,0,0.0,0.0,Low Risk,0.00036571799586021606,0.0024464379791713,20,0,0,Low Risk
C001778,19,1711.33,0,0,0,0,0.0,0.0,Low Risk,0.00041441910290460765,0.0017367020739999,19,0,0,Low Risk
C001779,25,2043.63,0,0,0,0,0.0,0.0,Low Risk,0.006504905767227469,0.0742510340952302,25,0,0,Low Risk
C001780,20,5977.709999999999,1,0,0,0,0.05,0.0,Low Risk,0.05030352456401762,0.9995837754333377,20,1,0,"High Risk (Fraud, Rules & Model)"
C001781,16,1110.05,0,0,0,0,0.0,0.0,Low Risk,8.944193571779948e-05,0.0002487948984581,16,0,0,Low Risk
C001782,17,1078.6,0,0,0,0,0.0,0.0,Low Risk,9.434646633034476e-05,0.0002798618634299,17,0,0,Low Risk
C001783,21,2065.82,0,0,0,0,0.0,0.0,Low Risk,0.0005175486364529199,0.0019140111269173,21,0,0,Low Risk
C001784,22,1988.95,0,0,0,0,0.0,0.0,Low Risk,0.0007806113314685982,0.0046507829714042,22,0,0,Low Risk
C001785,17,1926.68,0,0,0,0,0.0,0.0,Low Risk,0.00011379052040952501,0.0003306418489347,17,0,0,Low Risk
C001786,16,923.28,0,0,0,0,0.0,0.0,Low Risk,3.141460839212187e-05,0.0001537893681828,16,0,0,Low Risk
C001787,19,2180.42,0,0,0,0,0.0,0.0,Low Risk,0.0003195736202066714,0.0014220657581479,19,0,0,Low Risk
C001788,23,1454.57,0,0,0,0,0.0,0.0,Low Risk,0.0009112728541835294,0.0042761942510492,23,0,0,Low Risk
C001789,19,780.55,0,0,0,0,0.0,0.0,Low Risk,0.00035383249194338837,0.000897191189164,19,0,0,Low Risk
C001790,18,2323.35,0,0,0,0,0.0,0.0,Low Risk,0.00025921370286450884,0.0011870990696899,18,0,0,Low Risk
C001791,22,1433.89,0,0,0,0,0.0,0.0,Low Risk,0.0008504944430717961,0.0026718001240782,22,0,0,Low Risk
C001792,22,1422.46,0,0,0,0,0.0,0.0,Low Risk,0.0012147472451434702,0.0051657075457807,22,0,0,Low Risk
C001793,26,2899.52,0,0,0,0,0.0,0.0,Low Risk,0.009286120682990777,0.0661771550909413,26,0,0,Low Risk
C001794,18,10484.72,1,0,1,1,0.0555555555555555,0.0555555555555555,High Risk (Fraud & Rules),0.055589743033387894,0.9999999999955158,18,1,1,"High Risk (Fraud, Rules & Model)"
C001795,19,1608.95,0,0,0,0,0.0,0.0,Low Risk,0.00020611623932222643,0.0009998764078043,19,0,0,Low Risk
C001796,23,1485.45,0,0,0,0,0.0,0.0,Low Risk,0.0008756818584652548,0.0037743006392289,23,0,0,Low Risk
C001797,15,1161.74,0,0,0,0,0.0,0.0,Low Risk,3.184267143306043e-05,0.0002913643244521,15,0,0,Low Risk
C001798,15,1862.25,0,0,0,0,0.0,0.0,Low Risk,0.0001388590869359748,0.0017950951062119,15,0,0,Low Risk
C001799,24,1849.64,0,0,0,0,0.0,0.0,Low Risk,0.0025167331487901718,0.0201139980372455,24,0,0,Low Risk
C001800,28,14479.36,1,0,1,1,0.0357142857142857,0.0357142857142857,High Risk (Fraud & Rules),0.08419245058664172,1.0,28,1,1,"High Risk (Fraud, Rules & Model)"
C001801,19,1658.1,0,0,0,0,0.0,0.0,Low Risk,0.0005048004893976036,0.0029740988756337,19,0,0,Low Risk
C001802,24,1730.5,0,0,0,0,0.0,0.0,Low Risk,0.002353652067872312,0.0079580125083698,24,0,0,Low Risk
C001803,19,1241.27,0,0,0,0,0.0,0.0,Low Risk,0.00018900241354591812,0.0005043428694403,19,0,0,Low Risk
C001804,46,12628.87,14,6,1,7,0.3043478260869565,0.1521739130434782,High Risk (Fraud & Rules),0.730955612421711,1.0,46,14,7,"High Risk (Fraud, Rules & Model)"
C001805,24,2229.35,0,0,0,0,0.0,0.0,Low Risk,0.0024679644945297097,0.0192491301563981,24,0,0,Low Risk
C001806,21,1824.65,0,0,0,0,0.0,0.0,Low Risk,0.0005722195435827403,0.0019704836753694,21,0,0,Low Risk
C001807,26,1934.26,0,0,0,0,0.0,0.0,Low Risk,0.005833044128947106,0.0254895194815044,26,0,0,Low Risk
C001808,22,1492.64,0,0,0,0,0.0,0.0,Low Risk,0.0012937892880299509,0.0036421379854051,22,0,0,Low Risk
C001809,24,1852.23,0,0,0,0,0.0,0.0,Low Risk,0.0012899936796228213,0.0081506822674237,24,0,0,Low Risk
C001810,20,1362.27,0,0,0,0,0.0,0.0,Low Risk,0.0005606196123970047,0.0020801664487206,20,0,0,Low Risk
C001811,26,1257.08,0,0,0,0,0.0,0.0,Low Risk,0.005407657702747588,0.0216183435518595,26,0,0,Low Risk
C001812,19,1318.86,0,0,0,0,0.0,0.0,Low Risk,0.00023462135029412987,0.0006586355697723,19,0,0,Low Risk
C001813,25,2413.15,0,0,0,0,0.0,0.0,Low Risk,0.004230115350628103,0.0209874080156087,25,0,0,Low Risk
C001814,15,1373.34,0,0,0,0,0.0,0.0,Low Risk,3.168323163296478e-05,0.0001167984028119,15,0,0,Low Risk
C001815,25,3043.69,0,0,0,0,0.0,0.0,Low Risk,0.004099883317839077,0.016947524485145,25,0,0,Low Risk
C001816,18,1634.61,0,0,0,0,0.0,0.0,Low Risk,0.000165576237404579,0.0010896795248908,18,0,0,Low Risk
C001817,19,1466.95,0,0,0,0,0.0,0.0,Low Risk,0.0003155382843467413,0.0016228972009418,19,0,0,Low Risk
C001818,23,1555.29,0,0,0,0,0.0,0.0,Low Risk,0.000868918943961006,0.0057449871401639,23,0,0,Low Risk
C001819,16,1371.22,0,0,0,0,0.0,0.0,Low Risk,3.319337373588174e-05,0.0001259488426678,16,0,0,Low Risk
C001820,23,1291.33,0,0,0,0,0.0,0.0,Low Risk,0.001697025692178166,0.00553423600878,23,0,0,Low Risk
C001821,9,544.74,0,0,0,0,0.0,0.0,Low Risk,1.853406054870458e-06,5.974499854462153e-06,9,0,0,Low Risk
C001822,21,1179.3,0,0,0,0,0.0,0.0,Low Risk,0.0007531825871336955,0.0020958288737238,21,0,0,Low Risk
C001823,15,1820.08,0,0,0,0,0.0,0.0,Low Risk,4.02861741654509e-05,0.0001886975470367,15,0,0,Low Risk
C001824,26,2446.19,0,0,0,0,0.0,0.0,Low Risk,0.005440886271018757,0.0285701455667842,26,0,0,Low Risk
C001825,19,1572.0700000000002,0,0,0,0,0.0,0.0,Low Risk,0.0001911923750548304,0.0007392249622867,19,0,0,Low Risk
C001826,20,1313.37,0,0,0,0,0.0,0.0,Low Risk,0.00034391360692505774,0.0013682678510822,20,0,0,Low Risk
C001827,16,1116.15,0,0,0,0,0.0,0.0,Low Risk,5.8990529178283166e-05,0.000358849830355,16,0,0,Low Risk
C001828,17,2294.77,0,0,0,0,0.0,0.0,Low Risk,6.884841486314114e-05,0.0004363939187735,17,0,0,Low Risk
C001829,16,1137.15,0,0,0,0,0.0,0.0,Low Risk,4.2596109897879205e-05,0.0001610976908968,16,0,0,Low Risk
C001830,22,2132.09,0,0,0,0,0.0,0.0,Low Risk,0.0011611304123388968,0.0043283183512581,22,0,0,Low Risk
C001831,16,1243.93,0,0,0,0,0.0,0.0,Low Risk,8.101912081104771e-05,0.0002323826346714,16,0,0,Low Risk
C001832,21,2038.19,0,0,0,0,0.0,0.0,Low Risk,0.0004752204357309586,0.0014879533559736,21,0,0,Low Risk
C001833,18,1590.75,0,0,0,0,0.0,0.0,Low Risk,0.0001396021101128519,0.000383293168708,18,0,0,Low Risk
C001834,21,2236.56,0,0,0,0,0.0,0.0,Low Risk,0.0007053463561589561,0.00492433633703,21,0,0,Low Risk
C001835,20,9254.86,1,0,1,1,0.05,0.05,High Risk (Fraud & Rules),0.050298174069307866,0.9999999997536207,20,1,1,"High Risk (Fraud, Rules & Model)"
C001836,15,2333.63,0,0,0,0,0.0,0.0,Low Risk,2.4860572920795785e-05,0.0001096165920228,15,0,0,Low Risk
C001837,21,7321.28,1,0,1,1,0.0476190476190476,0.0476190476190476,High Risk (Fraud & Rules),0.04793172028085593,0.9999998008236258,21,1,1,"High Risk (Fraud, Rules & Model)"
C001838,21,1379.93,0,0,0,0,0.0,0.0,Low Risk,0.0005281101519718547,0.0019978962894609,21,0,0,Low Risk
C001839,26,1873.49,0,0,0,0,0.0,0.0,Low Risk,0.0057250268990346525,0.0185393300298159,26,0,0,Low Risk
C001840,18,1490.54,0,0,0,0,0.0,0.0,Low Risk,0.0001468750460498758,0.0006420099914132,18,0,0,Low Risk
C001841,18,1766.73,0,0,0,0,0.0,0.0,Low Risk,0.00014908618732203501,0.0004326845659397,18,0,0,Low Risk
C001842,19,1753.56,0,0,0,0,0.0,0.0,Low Risk,0.00019022008915134617,0.0007282398137639,19,0,0,Low Risk
C001843,21,1282.8,0,0,0,0,0.0,0.0,Low Risk,0.00017546495441544214,0.000591084284381,21,0,0,Low Risk
C001844,23,1906.75,0,0,0,0,0.0,0.0,Low Risk,0.00203958470523648,0.0061588334714397,23,0,0,Low Risk
C001845,21,1084.22,0,0,0,0,0.0,0.0,Low Risk,0.0006614593832036718,0.0024182775321529,21,0,0,Low Risk
C001846,15,1305.63,0,0,0,0,0.0,0.0,Low Risk,2.1649546235178738e-05,9.7420131474254e-05,15,0,0,Low Risk
C001847,20,1115.93,0,0,0,0,0.0,0.0,Low Risk,0.0003264325509172223,0.0012949653601364,20,0,0,Low Risk
C001848,28,2720.46,0,0,0,0,0.0,0.0,Low Risk,0.022516039139509388,0.0798562498022562,28,0,0,Low Risk
C001849,20,1899.8,0,0,0,0,0.0,0.0,Low Risk,0.0003748069666558319,0.0014209474992644,20,0,0,Low Risk
C001850,50,4978.08,18,10,0,10,0.36,0.2,High Risk (Fraud & Rules),0.7377253122406598,0.9999906872660256,50,18,10,"High Risk (Fraud, Rules & Model)"
C001851,11,891.8499999999999,0,0,0,0,0.0,0.0,Low Risk,1.6409563788160802e-06,8.896771174103994e-06,11,0,0,Low Risk
C001852,12,770.38,0,0,0,0,0.0,0.0,Low Risk,1.3489886103622802e-05,3.430884797380824e-05,12,0,0,Low Risk
C001853,20,3101.57,0,0,0,0,0.0,0.0,Low Risk,0.010015630918013833,0.1928858058169512,20,0,0,Low Risk
C001854,22,1690.56,0,0,0,0,0.0,0.0,Low Risk,0.0013993637290761985,0.004149425438126,22,0,0,Low Risk
C001855,23,1371.23,0,0,0,0,0.0,0.0,Low Risk,0.0011152192796108548,0.0049072687598416,23,0,0,Low Risk
C001856,15,973.6,0,0,0,0,0.0,0.0,Low Risk,3.5769708756809375e-05,0.0001063363070737,15,0,0,Low Risk
C001857,20,1401.31,0,0,0,0,0.0,0.0,Low Risk,0.00016590377291446205,0.0009925248670602,20,0,0,Low Risk
C001858,19,1735.1699999999998,0,0,0,0,0.0,0.0,Low Risk,0.0004256398011343768,0.0042946825621752,19,0,0,Low Risk
C001859,10,809.36,0,0,0,0,0.0,0.0,Low Risk,3.53307615260195e-06,8.96528832228722e-06,10,0,0,Low Risk
C001860,23,1889.39,0,0,0,0,0.0,0.0,Low Risk,0.0017023875270463262,0.01145884934314,23,0,0,Low Risk
C001861,17,1361.28,0,0,0,0,0.0,0.0,Low Risk,6.893584900689943e-05,0.0002685367609228,17,0,0,Low Risk
C001862,28,2124.88,0,0,0,0,0.0,0.0,Low Risk,0.013123260740138419,0.0520471283395419,28,0,0,Low Risk
C001863,17,1726.41,0,0,0,0,0.0,0.0,Low Risk,9.837835234113507e-05,0.0003570710755711,17,0,0,Low Risk
C001864,16,1325.53,0,0,0,0,0.0,0.0,Low Risk,3.714740202253891e-05,0.0001474204768343,16,0,0,Low Risk
C001865,22,2082.32,0,0,0,0,0.0,0.0,Low Risk,0.001273133656487531,0.007377724149609,22,0,0,Low Risk
C001866,25,1408.55,0,0,0,0,0.0,0.0,Low Risk,0.002558433540748439,0.0158370713793804,25,0,0,Low Risk
C001867,18,1477.3000000000002,0,0,0,0,0.0,0.0,Low Risk,0.00018378936110796236,0.000498337672505,18,0,0,Low Risk
C001868,16,1161.56,0,0,0,0,0.0,0.0,Low Risk,7.590475400106724e-05,0.0002856212432034,16,0,0,Low Risk
C001869,21,2524.69,0,0,0,0,0.0,0.0,Low Risk,0.0005830516496148166,0.0028622589602266,21,0,0,Low Risk
C001870,21,1823.26,0,0,0,0,0.0,0.0,Low Risk,0.0006633725359437425,0.0021694795037671,21,0,0,Low Risk
C001871,18,1485.33,0,0,0,0,0.0,0.0,Low Risk,0.0001778422793998957,0.0005704706268974,18,0,0,Low Risk
C001872,21,2718.91,0,0,0,0,0.0,0.0,Low Risk,0.0007900886574142245,0.0085851302926281,21,0,0,Low Risk
C001873,25,2749.91,0,0,0,0,0.0,0.0,Low Risk,0.0030246566125738893,0.0210274148946938,25,0,0,Low Risk
C001874,19,846.73,0,0,0,0,0.0,0.0,Low Risk,0.00023285391641126278,0.0008358869323773,19,0,0,Low Risk
C001875,20,1198.67,0,0,0,0,0.0,0.0,Low Risk,0.0005922411539739864,0.0013859759370096,20,0,0,Low Risk
C001876,19,1569.64,0,0,0,0,0.0,0.0,Low Risk,0.000254043164964206,0.0006785866961244,19,0,0,Low Risk
C001877,18,2862.02,0,0,0,0,0.0,0.0,Low Risk,0.00020168286141608084,0.0011077603128225,18,0,0,Low Risk
C001878,24,2049.45,0,0,0,0,0.0,0.0,Low Risk,0.0026742742386633143,0.0109541025368634,24,0,0,Low Risk
C001879,22,1328.83,0,0,0,0,0.0,0.0,Low Risk,0.00111794224377906,0.0036639548610161,22,0,0,Low Risk
C001880,25,2014.83,0,0,0,0,0.0,0.0,Low Risk,0.00720481983948072,0.0431973300146258,25,0,0,Low Risk
C001881,22,1669.67,0,0,0,0,0.0,0.0,Low Risk,0.0008087317456342796,0.0040465451768409,22,0,0,Low Risk
C001882,18,1360.34,0,0,0,0,0.0,0.0,Low Risk,0.0001313810009377457,0.0004994148106895,18,0,0,Low Risk
C001883,26,2227.73,0,0,0,0,0.0,0.0,Low Risk,0.008252935337121832,0.0283129141944791,26,0,0,Low Risk
C001884,16,1690.63,0,0,0,0,0.0,0.0,Low Risk,6.781784340220257e-05,0.0001962324056018,16,0,0,Low Risk
C001885,17,1153.12,0,0,0,0,0.0,0.0,Low Risk,0.00011397460128722506,0.0004415565370148,17,0,0,Low Risk
C001886,15,1890.65,0,0,0,0,0.0,0.0,Low Risk,2.4189728473390583e-05,0.0001453443616749,15,0,0,Low Risk
C001887,29,2648.39,0,0,0,0,0.0,0.0,Low Risk,0.038108697973823616,0.1941806639462335,29,0,0,Low Risk
C001888,19,10436.02,1,0,1,1,0.0526315789473684,0.0526315789473684,High Risk (Fraud & Rules),0.05266547899459902,0.9999999999978986,19,1,1,"High Risk (Fraud, Rules & Model)"
C001889,15,916.16,0,0,0,0,0.0,0.0,Low Risk,2.2719409869783543e-05,9.091092777278196e-05,15,0,0,Low Risk
C001890,15,1205.36,0,0,0,0,0.0,0.0,Low Risk,4.851827500466436e-05,0.0001373805422474,15,0,0,Low Risk
C001891,21,1239.21,0,0,0,0,0.0,0.0,Low Risk,0.0006547484649099358,0.0024866110971085,21,0,0,Low Risk
C001892,29,1981.37,0,0,0,0,0.0,0.0,Low Risk,0.0216186730450307,0.0621987708692076,29,0,0,Low Risk
C001893,24,2383.11,0,0,0,0,0.0,0.0,Low Risk,0.0011077492775944727,0.006388582264783,24,0,0,Low Risk
C001894,14,1203.09,0,0,0,0,0.0,0.0,Low Risk,2.9824227792825575e-05,7.015130770356437e-05,14,0,0,Low Risk
C001895,21,2135.2,0,0,0,0,0.0,0.0,Low Risk,0.0004932384024733653,0.0026690129889929,21,0,0,Low Risk
C001896,22,1399.76,0,0,0,0,0.0,0.0,Low Risk,0.0008880913688629636,0.0035161921402138,22,0,0,Low Risk
C001897,18,1459.41,0,0,0,0,0.0,0.0,Low Risk,0.00011343063133199851,0.0004136541407054,18,0,0,Low Risk
C001898,13,681.01,0,0,0,0,0.0,0.0,Low Risk,1.1889322981359701e-05,3.997856162243993e-05,13,0,0,Low Risk
C001899,26,1523.1799999999998,0,0,0,0,0.0,0.0,Low Risk,0.0053808348155421504,0.0217987416431464,26,0,0,Low Risk
C001900,24,1633.5,0,0,0,0,0.0,0.0,Low Risk,0.0029339081272989113,0.0078552822705745,24,0,0,Low Risk
C001901,25,1962.42,0,0,0,0,0.0,0.0,Low Risk,0.003925154615605578,0.0199841434326114,25,0,0,Low Risk
C001902,19,2027.03,0,0,0,0,0.0,0.0,Low Risk,0.00014562475539515223,0.0006818137969556,19,0,0,Low Risk
C001903,20,2015.7,0,0,0,0,0.0,0.0,Low Risk,0.00021091622053055807,0.001202147057164,20,0,0,Low Risk
C001904,15,750.45,0,0,0,0,0.0,0.0,Low Risk,5.3312093982160894e-05,0.0001414711085732,15,0,0,Low Risk
C001905,15,985.67,0,0,0,0,0.0,0.0,Low Risk,4.1702901376183594e-05,0.0001056786441369,15,0,0,Low Risk
C001906,24,2526.19,0,0,0,0,0.0,0.0,Low Risk,0.005104528682326797,0.0514664269919379,24,0,0,Low Risk
C001907,22,2587.49,0,0,0,0,0.0,0.0,Low Risk,0.0009206402915333499,0.0034792018513544,22,0,0,Low Risk
C001908,25,2232.6,0,0,0,0,0.0,0.0,Low Risk,0.004118332370113209,0.0155269642744508,25,0,0,Low Risk
C001909,19,1223.48,0,0,0,0,0.0,0.0,Low Risk,0.00028327541112508476,0.0014127561828594,19,0,0,Low Risk
C001910,23,1171.42,0,0,0,0,0.0,0.0,Low Risk,0.001094588443995093,0.0053105402031971,23,0,0,Low Risk
C001911,20,2424.52,0,0,0,0,0.0,0.0,Low Risk,0.0004126973329853726,0.001274484149146,20,0,0,Low Risk
C001912,21,1583.8000000000002,0,0,0,0,0.0,0.0,Low Risk,0.0005668504251009763,0.0019022768661975,21,0,0,Low Risk
C001913,21,1344.61,0,0,0,0,0.0,0.0,Low Risk,0.000484243116714303,0.0025369561608578,21,0,0,Low Risk
C001914,17,7444.269999999999,1,0,1,1,0.0588235294117647,0.0588235294117647,High Risk (Fraud & Rules),0.05884146436479001,0.9999999103195598,17,1,1,"High Risk (Fraud, Rules & Model)"
C001915,18,1114.95,0,0,0,0,0.0,0.0,Low Risk,0.00019636795290390108,0.0005732827852155,18,0,0,Low Risk
C001916,17,1370.27,0,0,0,0,0.0,0.0,Low Risk,9.528758541096678e-05,0.0005222704560883,17,0,0,Low Risk
C001917,14,908.56,0,0,0,0,0.0,0.0,Low Risk,2.557974246718754e-05,9.407309742355295e-05,14,0,0,Low Risk
C001918,17,969.69,0,0,0,0,0.0,0.0,Low Risk,8.880720971028117e-05,0.0002621649928324,17,0,0,Low Risk
C001919,14,1315.53,0,0,0,0,0.0,0.0,Low Risk,4.6208082712336616e-06,2.7427691521485253e-05,14,0,0,Low Risk
C001920,26,1974.27,0,0,0,0,0.0,0.0,Low Risk,0.005475169224919822,0.0494895702380525,26,0,0,Low Risk
C001921,11,1034.03,0,0,0,0,0.0,0.0,Low Risk,7.63658599173708e-06,3.620727897679277e-05,11,0,0,Low Risk
C001922,23,2425.05,0,0,0,0,0.0,0.0,Low Risk,0.0017952399257305002,0.0117905693684339,23,0,0,Low Risk
C001923,22,1032.76,0,0,0,0,0.0,0.0,Low Risk,0.0004858309660957871,0.0033101630593711,22,0,0,Low Risk
C001924,21,1292.02,0,0,0,0,0.0,0.0,Low Risk,0.0004931610417197184,0.0017712321539261,21,0,0,Low Risk
C001925,16,1021.92,0,0,0,0,0.0,0.0,Low Risk,5.72066201562917e-05,0.0001927777893459,16,0,0,Low Risk
C001926,18,1644.43,0,0,0,0,0.0,0.0,Low Risk,0.00010425341908953371,0.0006433339140033,18,0,0,Low Risk
C001927,20,1385.09,0,0,0,0,0.0,0.0,Low Risk,0.0004950281132451158,0.0016056235051785,20,0,0,Low Risk
C001928,18,2157.92,0,0,0,0,0.0,0.0,Low Risk,0.0001496555825045459,0.0012771763273917,18,0,0,Low Risk
C001929,19,1716.98,0,0,0,0,0.0,0.0,Low Risk,0.00020840934811270961,0.0009048891244663,19,0,0,Low Risk
C001930,17,1465.78,0,0,0,0,0.0,0.0,Low Risk,5.48057616292312e-05,0.0002715383143073,17,0,0,Low Risk
C001931,25,2197.04,0,0,0,0,0.0,0.0,Low Risk,0.0036945282538456653,0.0149523305954771,25,0,0,Low Risk
C001932,13,682.34,0,0,0,0,0.0,0.0,Low Risk,2.166521359766055e-05,4.151076284793103e-05,13,0,0,Low Risk
C001933,34,3429.27,0,0,0,0,0.0,0.0,Low Risk,0.1855797114513005,0.5330398332102214,34,0,0,Medium Risk
C001934,25,1614.69,0,0,0,0,0.0,0.0,Low Risk,0.004406600406802433,0.0119990404045243,25,0,0,Low Risk
C001935,28,24845.85,2,0,2,2,0.0714285714285714,0.0714285714285714,High Risk (Fraud & Rules),0.1452808348255312,1.0,28,2,2,"High Risk (Fraud, Rules & Model)"
C001936,17,989.33,0,0,0,0,0.0,0.0,Low Risk,6.921834159340863e-05,0.0002668901685755,17,0,0,Low Risk
C001937,18,1862.61,0,0,0,0,0.0,0.0,Low Risk,7.86853027652017e-05,0.0003846206862268,18,0,0,Low Risk
C001938,16,960.89,0,0,0,0,0.0,0.0,Low Risk,3.146244314241788e-05,0.000135052752175,16,0,0,Low Risk
C001939,12,806.49,0,0,0,0,0.0,0.0,Low Risk,8.989958411005782e-06,2.609669830290205e-05,12,0,0,Low Risk
C001940,20,1328.99,0,0,0,0,0.0,0.0,Low Risk,0.0002752214813365724,0.0012094231003932,20,0,0,Low Risk
C001941,16,1786.32,0,0,0,0,0.0,0.0,Low Risk,5.826413576414809e-05,0.0001701921191905,16,0,0,Low Risk
C001942,25,2493.53,0,0,0,0,0.0,0.0,Low Risk,0.003987243232406305,0.0137505242091612,25,0,0,Low Risk
C001943,20,1383.92,0,0,0,0,0.0,0.0,Low Risk,0.0002701401142209725,0.0010601751596023,20,0,0,Low Risk
C001944,21,974.26,0,0,0,0,0.0,0.0,Low Risk,0.0006496572583718017,0.0022785231253981,21,0,0,Low Risk
C001945,19,902.12,0,0,0,0,0.0,0.0,Low Risk,0.0002694645151941321,0.0008598388194842,19,0,0,Low Risk
C001946,24,1199.62,0,0,0,0,0.0,0.0,Low Risk,0.0024570448318529344,0.0096449866484205,24,0,0,Low Risk
C001947,22,1445.0700000000002,0,0,0,0,0.0,0.0,Low Risk,0.0009732046520184441,0.0038409447268665,22,0,0,Low Risk
C001948,20,1783.19,0,0,0,0,0.0,0.0,Low Risk,0.0002719413667486147,0.0011054615859744,20,0,0,Low Risk
C001949,23,2034.7,0,0,0,0,0.0,0.0,Low Risk,0.001399384656958245,0.0042246277290875,23,0,0,Low Risk
C001950,25,2749.28,0,0,0,0,0.0,0.0,Low Risk,0.004084935554447163,0.0428197003915988,25,0,0,Low Risk
C001951,27,2693.35,0,0,0,0,0.0,0.0,Low Risk,0.012254790849264426,0.0453626453055032,27,0,0,Low Risk
C001952,22,1933.18,0,0,0,0,0.0,0.0,Low Risk,0.0011448295131051393,0.0037175519679278,22,0,0,Low Risk
C001953,26,2259.7200000000003,0,0,0,0,0.0,0.0,Low Risk,0.004925114714823748,0.0274700043416954,26,0,0,Low Risk
C001954,26,1676.8200000000002,0,0,0,0,0.0,0.0,Low Risk,0.005373491633691139,0.0191955406302081,26,0,0,Low Risk
C001955,20,1168.68,0,0,0,0,0.0,0.0,Low Risk,0.0003287542434104028,0.0016851545134891,20,0,0,Low Risk
C001956,25,1881.21,0,0,0,0,0.0,0.0,Low Risk,0.0048497207714946105,0.0323384759751988,25,0,0,Low Risk
C001957,23,7306.78,1,0,1,1,0.0434782608695652,0.0434782608695652,High Risk (Fraud & Rules),0.04471472648940043,0.99999973042964,23,1,1,"High Risk (Fraud, Rules & Model)"
C001958,27,2177.46,0,0,0,0,0.0,0.0,Low Risk,0.009326855110769798,0.0434797935579482,27,0,0,Low Risk
C001959,17,1488.82,0,0,0,0,0.0,0.0,Low Risk,8.552317992923243e-05,0.0003770595114376,17,0,0,Low Risk
C001960,17,1234.45,0,0,0,0,0.0,0.0,Low Risk,8.651059590763478e-05,0.0003149226939303,17,0,0,Low Risk
C001961,21,2469.94,0,0,0,0,0.0,0.0,Low Risk,0.0008590127633134411,0.0035111711292477,21,0,0,Low Risk
C001962,16,866.68,0,0,0,0,0.0,0.0,Low Risk,5.554338043007849e-05,0.0002380862095582,16,0,0,Low Risk
C001963,19,1029.75,0,0,0,0,0.0,0.0,Low Risk,0.00019411487494962822,0.00076626793379,19,0,0,Low Risk
C001964,23,2528.36,0,0,0,0,0.0,0.0,Low Risk,0.0010843431218231874,0.0043764522271492,23,0,0,Low Risk
C001965,16,1512.43,0,0,0,0,0.0,0.0,Low Risk,2.6139336471964137e-05,9.904763287328808e-05,16,0,0,Low Risk
C001966,24,1333.68,0,0,0,0,0.0,0.0,Low Risk,0.0026753572109796935,0.0070560945120276,24,0,0,Low Risk
C001967,24,1445.28,0,0,0,0,0.0,0.0,Low Risk,0.0020922835587081517,0.0104487131181595,24,0,0,Low Risk
C001968,26,2315.22,0,0,0,0,0.0,0.0,Low Risk,0.008552728287306306,0.0346487017176147,26,0,0,Low Risk
C001969,29,3571.9500000000003,0,0,0,0,0.0,0.0,Low Risk,0.026884389739295106,0.0839018938275221,29,0,0,Low Risk
C001970,27,2262.23,0,0,0,0,0.0,0.0,Low Risk,0.013789035001613636,0.0462442199858719,27,0,0,Low Risk
C001971,15,1005.44,0,0,0,0,0.0,0.0,Low Risk,4.909968000009026e-05,0.0001209104954767,15,0,0,Low Risk
C001972,13,1376.72,0,0,0,0,0.0,0.0,Low Risk,1.1292609604459605e-05,5.447880163231209e-05,13,0,0,Low Risk
C001973,20,1684.62,0,0,0,0,0.0,0.0,Low Risk,0.0005872197676026573,0.001310262448456,20,0,0,Low Risk
C001974,10,728.87,0,0,0,0,0.0,0.0,Low Risk,3.2277683104703496e-06,8.176628356877106e-06,10,0,0,Low Risk
C001975,12,955.12,0,0,0,0,0.0,0.0,Low Risk,6.6278283496367745e-06,2.7403917768403e-05,12,0,0,Low Risk
C001976,22,1703.24,0,0,0,0,0.0,0.0,Low Risk,0.0011350319988813176,0.005206997972392,22,0,0,Low Risk
C001977,25,2678.77,0,0,0,0,0.0,0.0,Low Risk,0.005694865105479926,0.0261606021526687,25,0,0,Low Risk
C001978,18,1196.35,0,0,0,0,0.0,0.0,Low Risk,0.0002000213277325462,0.0006164715270345,18,0,0,Low Risk
C001979,16,973.6,0,0,0,0,0.0,0.0,Low Risk,4.857529109756016e-05,0.0002315574865983,16,0,0,Low Risk
C001980,21,1593.71,0,0,0,0,0.0,0.0,Low Risk,0.0007416549472385598,0.002225652503244,21,0,0,Low Risk
C001981,19,1502.1,0,0,0,0,0.0,0.0,Low Risk,0.0002450503059926128,0.0005869538339769,19,0,0,Low Risk
C001982,22,1135.56,0,0,0,0,0.0,0.0,Low Risk,0.0009163134651937687,0.0034817334669214,22,0,0,Low Risk
C001983,22,1448.63,0,0,0,0,0.0,0.0,Low Risk,0.0007958315273628349,0.0029989207493491,22,0,0,Low Risk
C001984,24,1965.7,0,0,0,0,0.0,0.0,Low Risk,0.0031134768204867293,0.0105849048124152,24,0,0,Low Risk
C001985,22,2331.62,0,0,0,0,0.0,0.0,Low Risk,0.0010702380382177476,0.0047419685613053,22,0,0,Low Risk
C001986,19,1142.34,0,0,0,0,0.0,0.0,Low Risk,0.0004043982674024162,0.0008243893123604,19,0,0,Low Risk
C001987,13,1252.23,0,0,0,0,0.0,0.0,Low Risk,1.5412707103436324e-05,5.486995622276628e-05,13,0,0,Low Risk
C001988,19,1879.8,0,0,0,0,0.0,0.0,Low Risk,0.00019842030120363122,0.0009838693798953,19,0,0,Low Risk
C001989,15,731.85,0,0,0,0,0.0,0.0,Low Risk,5.01894661464489e-05,0.0001313618096974,15,0,0,Low Risk
C001990,31,1821.0,0,0,0,0,0.0,0.0,Low Risk,0.05436430224320541,0.1727640692446463,31,0,0,Low Risk
C001991,24,1740.3,0,0,0,0,0.0,0.0,Low Risk,0.0016148003330511255,0.0069847496659782,24,0,0,Low Risk
C001992,18,973.29,0,0,0,0,0.0,0.0,Low Risk,7.765997837276476e-05,0.0004515373787633,18,0,0,Low Risk
C001993,16,1287.11,0,0,0,0,0.0,0.0,Low Risk,7.155132495651595e-05,0.0001638458977606,16,0,0,Low Risk
C001994,20,1789.49,0,0,0,0,0.0,0.0,Low Risk,0.00027849724243857876,0.0011667451783348,20,0,0,Low Risk
C001995,18,1564.47,0,0,0,0,0.0,0.0,Low Risk,9.953621031797898e-05,0.0003329958575723,18,0,0,Low Risk
C001996,27,3197.19,0,0,0,0,0.0,0.0,Low Risk,0.01049647939256174,0.1084267911702761,27,0,0,Low Risk
C001997,16,1508.4299999999998,0,0,0,0,0.0,0.0,Low Risk,7.55012083529884e-05,0.0002221787613967,16,0,0,Low Risk
C001998,25,2173.21,0,0,0,0,0.0,0.0,Low Risk,0.003838045522414124,0.0198253252174822,25,0,0,Low Risk
C001999,24,12002.38,1,0,1,1,0.0416666666666666,0.0416666666666666,High Risk (Fraud & Rules),0.04398713835365941,0.9999999999999872,24,1,1,"High Risk (Fraud, Rules & Model)"
C002000,19,1375.95,0,0,0,0,0.0,0.0,Low Risk,0.00022088239095109378,0.0007700075722089,19,0,0,Low Risk
C002001,21,1193.85,0,0,0,0,0.0,0.0,Low Risk,0.000721858941183712,0.0021277077218118,21,0,0,Low Risk
C002002,19,2008.27,0,0,0,0,0.0,0.0,Low Risk,0.00019926025603094077,0.000737549555024,19,0,0,Low Risk
C002003,26,2663.96,0,0,0,0,0.0,0.0,Low Risk,0.007307436314843139,0.0465294650181216,26,0,0,Low Risk
C002004,24,2207.18,0,0,0,0,0.0,0.0,Low Risk,0.00282283737683829,0.0157066911346453,24,0,0,Low Risk
C002005,19,1764.62,0,0,0,0,0.0,0.0,Low Risk,0.00027456830263488416,0.0009234346833804,19,0,0,Low Risk
C002006,17,1965.75,0,0,0,0,0.0,0.0,Low Risk,8.251240173494057e-05,0.0003214625153516,17,0,0,Low Risk
C002007,20,1825.4,0,0,0,0,0.0,0.0,Low Risk,0.00044059845145672926,0.0017042274974122,20,0,0,Low Risk
C002008,23,1981.04,0,0,0,0,0.0,0.0,Low Risk,0.001909318817619383,0.0060682554355615,23,0,0,Low Risk
C002009,19,1402.3300000000002,0,0,0,0,0.0,0.0,Low Risk,0.00015588818696030175,0.0007863143217707,19,0,0,Low Risk
C002010,21,1207.82,0,0,0,0,0.0,0.0,Low Risk,0.0005608717680833543,0.0017614858984251,21,0,0,Low Risk
C002011,21,9948.77,1,0,1,1,0.0476190476190476,0.0476190476190476,High Risk (Fraud & Rules),0.0478508923523289,0.9999999999827588,21,1,1,"High Risk (Fraud, Rules & Model)"
C002012,23,891.45,0,0,0,0,0.0,0.0,Low Risk,0.0006060266829516962,0.00419780837436,23,0,0,Low Risk
C002013,19,1867.8,0,0,0,0,0.0,0.0,Low Risk,0.0004640003021166144,0.004662776286846,19,0,0,Low Risk
C002014,18,891.86,0,0,0,0,0.0,0.0,Low Risk,0.00018953077344439375,0.0004746948737907,18,0,0,Low Risk
C002015,14,8083.839999999999,1,0,1,1,0.0714285714285714,0.0714285714285714,High Risk (Fraud & Rules),0.07143117617264509,0.9999995597454784,14,1,1,"High Risk (Fraud, Rules & Model)"
C002016,20,908.45,0,0,0,0,0.0,0.0,Low Risk,0.00018332165851587395,0.0010604196873344,20,0,0,Low Risk
C002017,15,897.13,0,0,0,0,0.0,0.0,Low Risk,3.67487341749573e-05,0.0001430244999268,15,0,0,Low Risk
C002018,16,789.62,0,0,0,0,0.0,0.0,Low Risk,5.985406819326484e-05,0.0002617178977762,16,0,0,Low Risk
C002019,22,1449.9299999999998,0,0,0,0,0.0,0.0,Low Risk,0.000944391055169429,0.0034553352589698,22,0,0,Low Risk
C002020,18,939.63,0,0,0,0,0.0,0.0,Low Risk,0.0001708338387900098,0.0007216521857429,18,0,0,Low Risk
C002021,34,3602.32,0,0,0,0,0.0,0.0,Low Risk,0.19015077713491133,0.6673695750441858,34,0,0,Medium Risk
C002022,20,11660.579999999998,1,0,1,1,0.05,0.05,High Risk (Fraud & Rules),0.05017155661679189,0.9999999999997344,20,1,1,"High Risk (Fraud, Rules & Model)"
C002023,22,1641.88,0,0,0,0,0.0,0.0,Low Risk,0.000795094840883976,0.0031338491413187,22,0,0,Low Risk
C002024,24,1946.13,0,0,0,0,0.0,0.0,Low Risk,0.002538705089352555,0.0090069049077022,24,0,0,Low Risk
C002025,17,1954.09,0,0,0,0,0.0,0.0,Low Risk,0.00010651036474151604,0.0004087832627578,17,0,0,Low Risk
C002026,16,1146.49,0,0,0,0,0.0,0.0,Low Risk,6.047246559475352e-05,0.0001819492924092,16,0,0,Low Risk
C002027,12,521.78,0,0,0,0,0.0,0.0,Low Risk,1.183692146204247e-05,3.574632794725784e-05,12,0,0,Low Risk
C002028,21,1840.9,0,0,0,0,0.0,0.0,Low Risk,0.0007366630434909429,0.003932106462574,21,0,0,Low Risk
C002029,14,1184.0,0,0,0,0,0.0,0.0,Low Risk,2.7881938856735783e-05,9.682091013518098e-05,14,0,0,Low Risk
C002030,20,1364.04,0,0,0,0,0.0,0.0,Low Risk,0.00035587940678619265,0.0010583925806803,20,0,0,Low Risk
C002031,17,1085.98,0,0,0,0,0.0,0.0,Low Risk,0.0001013694863991219,0.0003687074699555,17,0,0,Low Risk
C002032,16,6502.98,1,0,0,0,0.0625,0.0,Low Risk,0.06159956975420735,0.9853019868088856,16,1,0,"High Risk (Fraud, Rules & Model)"
C002033,21,1526.21,0,0,0,0,0.0,0.0,Low Risk,0.0007544020280986222,0.0023604357828335,21,0,0,Low Risk
C002034,14,1188.98,0,0,0,0,0.0,0.0,Low Risk,1.7590795509879828e-05,7.130941785942097e-05,14,0,0,Low Risk
C002035,16,1117.77,0,0,0,0,0.0,0.0,Low Risk,6.0909200190249397e-05,0.0002530553913089,16,0,0,Low Risk
C002036,18,2008.15,0,0,0,0,0.0,0.0,Low Risk,0.00012154883586897263,0.0006662285793886,18,0,0,Low Risk
C002037,27,1870.19,0,0,0,0,0.0,0.0,Low Risk,0.007678459283982712,0.0368534014995947,27,0,0,Low Risk
C002038,21,12697.26,1,0,1,1,0.0476190476190476,0.0476190476190476,High Risk (Fraud & Rules),0.0478554660247218,0.9999999999999976,21,1,1,"High Risk (Fraud, Rules & Model)"
C002039,31,2211.09,0,0,0,0,0.0,0.0,Low Risk,0.05022910271880616,0.1727368418637409,31,0,0,Low Risk
C002040,20,1221.29,0,0,0,0,0.0,0.0,Low Risk,0.00040565620955749723,0.001557301294305,20,0,0,Low Risk
C002041,22,2845.76,0,0,0,0,0.0,0.0,Low Risk,0.0016322667663017597,0.0156849813619321,22,0,0,Low Risk
C002042,25,12540.69,1,0,1,1,0.04,0.04,High Risk (Fraud & Rules),0.04367674912538384,1.0,25,1,1,"High Risk (Fraud, Rules & Model)"
C002043,21,1756.66,0,0,0,0,0.0,0.0,Low Risk,0.0007500034700005549,0.0041881740206486,21,0,0,Low Risk
C002044,23,1739.53,0,0,0,0,0.0,0.0,Low Risk,0.0013434694713888367,0.0067676679147627,23,0,0,Low Risk
C002045,14,1833.66,0,0,0,0,0.0,0.0,Low Risk,2.8004886979491497e-05,0.0002096831894931,14,0,0,Low Risk
C002046,22,1332.39,0,0,0,0,0.0,0.0,Low Risk,0.0010438637067352594,0.0031857877570698,22,0,0,Low Risk
C002047,13,1227.19,0,0,0,0,0.0,0.0,Low Risk,1.957972156935095e-05,5.26683994877148e-05,13,0,0,Low Risk
C002048,21,2219.19,0,0,0,0,0.0,0.0,Low Risk,0.0007625234760271349,0.0044749276248249,21,0,0,Low Risk
C002049,14,1063.11,0,0,0,0,0.0,0.0,Low Risk,1.7861812622409386e-05,7.658380008129787e-05,14,0,0,Low Risk
C002050,34,3032.68,0,0,0,0,0.0,0.0,Low Risk,0.1808599414828536,0.5824757197245507,34,0,0,Medium Risk
C002051,13,1001.28,0,0,0,0,0.0,0.0,Low Risk,1.5807463925474937e-05,5.285394827755538e-05,13,0,0,Low Risk
C002052,15,1109.33,0,0,0,0,0.0,0.0,Low Risk,3.734338339549216e-05,9.937743574731186e-05,15,0,0,Low Risk
C002053,17,812.6,0,0,0,0,0.0,0.0,Low Risk,9.260682697934061e-05,0.0002515264279235,17,0,0,Low Risk
C002054,11,528.17,0,0,0,0,0.0,0.0,Low Risk,8.639241756827593e-06,1.898623961169557e-05,11,0,0,Low Risk
C002055,23,3143.01,0,0,0,0,0.0,0.0,Low Risk,0.0013215978467307876,0.0059065125150397,23,0,0,Low Risk
C002056,17,725.69,0,0,0,0,0.0,0.0,Low Risk,7.986532632297867e-05,0.0002819713688969,17,0,0,Low Risk
C002057,20,1390.31,0,0,0,0,0.0,0.0,Low Risk,0.00024333377197202475,0.0011303561485705,20,0,0,Low Risk
C002058,18,1056.03,0,0,0,0,0.0,0.0,Low Risk,0.00011480814310630131,0.0004181905371016,18,0,0,Low Risk
C002059,17,1177.01,0,0,0,0,0.0,0.0,Low Risk,0.00017474414998049445,0.0004887513359865,17,0,0,Low Risk
C002060,11,660.87,0,0,0,0,0.0,0.0,Low Risk,7.007811652022476e-06,1.541155647051939e-05,11,0,0,Low Risk
C002061,16,814.0600000000001,0,0,0,0,0.0,0.0,Low Risk,6.671884626310773e-05,0.0002440936995136,16,0,0,Low Risk
C002062,23,1322.24,0,0,0,0,0.0,0.0,Low Risk,0.0012299902973274654,0.0053693273635109,23,0,0,Low Risk
C002063,10,838.54,0,0,0,0,0.0,0.0,Low Risk,7.393474680578722e-06,1.9852922367857367e-05,10,0,0,Low Risk
C002064,19,1201.35,0,0,0,0,0.0,0.0,Low Risk,0.0002409385575799036,0.0007247527169237,19,0,0,Low Risk
C002065,21,1571.94,0,0,0,0,0.0,0.0,Low Risk,0.0005077923355126375,0.0020648090961404,21,0,0,Low Risk
C002066,20,2139.64,0,0,0,0,0.0,0.0,Low Risk,0.0002863281966384351,0.0016218578679946,20,0,0,Low Risk
C002067,30,2558.91,0,0,0,0,0.0,0.0,Low Risk,0.04582932555799675,0.1529117016960298,30,0,0,Low Risk
C002068,17,3798.48,0,0,0,0,0.0,0.0,Low Risk,0.00018741118376485304,0.0006194311911983,17,0,0,Low Risk
C002069,24,2319.08,0,0,0,0,0.0,0.0,Low Risk,0.0019907547541326114,0.0072967077721259,24,0,0,Low Risk
C002070,18,838.17,0,0,0,0,0.0,0.0,Low Risk,0.0002010544053462352,0.0005851103099459,18,0,0,Low Risk
C002071,49,3395.73,21,13,0,13,0.4285714285714285,0.2653061224489796,High Risk (Fraud & Rules),0.7228623694121674,0.9999793079373104,49,21,13,"High Risk (Fraud, Rules & Model)"
C002072,27,2303.4300000000003,0,0,0,0,0.0,0.0,Low Risk,0.015287968659954609,0.0703498085685916,27,0,0,Low Risk
C002073,25,2041.14,0,0,0,0,0.0,0.0,Low Risk,0.003996342175733049,0.0200051478558607,25,0,0,Low Risk
C002074,15,1040.14,0,0,0,0,0.0,0.0,Low Risk,2.5726477173258718e-05,0.0001087957094944,15,0,0,Low Risk
C002075,17,1186.53,0,0,0,0,0.0,0.0,Low Risk,8.051329026025579e-05,0.0003338302137583,17,0,0,Low Risk
C002076,16,1877.67,0,0,0,0,0.0,0.0,Low Risk,6.159677694748356e-05,0.0002149289126303,16,0,0,Low Risk
C002077,14,957.83,0,0,0,0,0.0,0.0,Low Risk,2.4140177089357924e-05,8.455286206276138e-05,14,0,0,Low Risk
C002078,18,967.83,0,0,0,0,0.0,0.0,Low Risk,0.00013326495096182645,0.000614729984288,18,0,0,Low Risk
C002079,19,2120.51,0,0,0,0,0.0,0.0,Low Risk,0.0002166012363541545,0.0008783531996626,19,0,0,Low Risk
C002080,13,1006.55,0,0,0,0,0.0,0.0,Low Risk,1.9322447765316154e-05,5.122208471194639e-05,13,0,0,Low Risk
C002081,25,1993.41,0,0,0,0,0.0,0.0,Low Risk,0.003755053534409279,0.015694413513457,25,0,0,Low Risk
C002082,20,1322.64,0,0,0,0,0.0,0.0,Low Risk,0.00019288739441145192,0.0010009645329512,20,0,0,Low Risk
C002083,12,1028.05,0,0,0,0,0.0,0.0,Low Risk,6.062121700795475e-06,1.8424313298962757e-05,12,0,0,Low Risk
C002084,24,1519.49,0,0,0,0,0.0,0.0,Low Risk,0.0021635800462281338,0.0067232298139954,24,0,0,Low Risk
C002085,24,1506.07,0,0,0,0,0.0,0.0,Low Risk,0.0012600842266962075,0.0066304186854333,24,0,0,Low Risk
C002086,18,10531.55,1,0,1,1,0.0555555555555555,0.0555555555555555,High Risk (Fraud & Rules),0.055596800299706345,0.9999999999935834,18,1,1,"High Risk (Fraud, Rules & Model)"
C002087,21,2261.01,0,0,0,0,0.0,0.0,Low Risk,0.001325988723544405,0.0154453661047152,21,0,0,Low Risk
C002088,22,3046.78,0,0,0,0,0.0,0.0,Low Risk,0.001006081979480775,0.0059735237964915,22,0,0,Low Risk
C002089,19,909.1,0,0,0,0,0.0,0.0,Low Risk,0.0002283031423119653,0.0008077545689824,19,0,0,Low Risk
C002090,28,2332.45,0,0,0,0,0.0,0.0,Low Risk,0.017573483984621874,0.0950854441632535,28,0,0,Low Risk
C002091,22,1930.49,0,0,0,0,0.0,0.0,Low Risk,0.0007988527641918298,0.0027771973776857,22,0,0,Low Risk
C002092,23,6405.25,1,0,0,0,0.0434782608695652,0.0,Low Risk,0.04469968267044194,0.9998658167527912,23,1,0,"High Risk (Fraud, Rules & Model)"
C002093,20,2121.64,0,0,0,0,0.0,0.0,Low Risk,0.0003786193449139702,0.0012730595363868,20,0,0,Low Risk
C002094,21,1609.7,0,0,0,0,0.0,0.0,Low Risk,0.0004702580964997182,0.0020887706233084,21,0,0,Low Risk
C002095,24,1893.85,0,0,0,0,0.0,0.0,Low Risk,0.0020989058298338577,0.0130796199218653,24,0,0,Low Risk
C002096,41,2635.67,14,7,0,7,0.3414634146341463,0.1707317073170731,High Risk (Fraud & Rules),0.6317295559100818,0.9994718305977108,41,14,7,"High Risk (Fraud, Rules & Model)"
C002097,16,1011.36,0,0,0,0,0.0,0.0,Low Risk,8.536301469846376e-05,0.0002677038358678,16,0,0,Low Risk
C002098,22,1816.52,0,0,0,0,0.0,0.0,Low Risk,0.0003784360876778294,0.0021577666512302,22,0,0,Low Risk
C002099,16,1142.32,0,0,0,0,0.0,0.0,Low Risk,4.448439114541517e-05,0.0002324001822385,16,0,0,Low Risk
C002100,22,1856.42,0,0,0,0,0.0,0.0,Low Risk,0.0011880256251198134,0.0040578528075496,22,0,0,Low Risk
C002101,23,2205.84,0,0,0,0,0.0,0.0,Low Risk,0.0014109919590156444,0.0060938513658876,23,0,0,Low Risk
C002102,29,13617.4,1,0,1,1,0.0344827586206896,0.0344827586206896,High Risk (Fraud & Rules),0.09429450827617947,1.0,29,1,1,"High Risk (Fraud, Rules & Model)"
C002103,16,1544.24,0,0,0,0,0.0,0.0,Low Risk,3.7082821628073556e-05,0.0001422088808979,16,0,0,Low Risk
C002104,17,1572.13,0,0,0,0,0.0,0.0,Low Risk,0.00011415126424975679,0.0002633639601599,17,0,0,Low Risk
C002105,16,1725.99,0,0,0,0,0.0,0.0,Low Risk,3.867188160406553e-05,0.0001685041261569,16,0,0,Low Risk
C002106,21,1151.54,0,0,0,0,0.0,0.0,Low Risk,0.0007318239632288245,0.0023845656043105,21,0,0,Low Risk
C002107,19,1693.9299999999998,0,0,0,0,0.0,0.0,Low Risk,0.00022247124106655495,0.0007952975649407,19,0,0,Low Risk
C002108,19,1171.41,0,0,0,0,0.0,0.0,Low Risk,0.00015839209701992065,0.0009187156829784,19,0,0,Low Risk
C002109,18,2003.92,0,0,0,0,0.0,0.0,Low Risk,0.00016543149466534136,0.0004800404044831,18,0,0,Low Risk
C002110,25,2358.14,0,0,0,0,0.0,0.0,Low Risk,0.004573692922608586,0.0133751045640791,25,0,0,Low Risk
C002111,18,1548.61,0,0,0,0,0.0,0.0,Low Risk,0.00019775548651405325,0.0004760601821624,18,0,0,Low Risk
C002112,21,1753.3,0,0,0,0,0.0,0.0,Low Risk,0.0010259119302656536,0.0021895874979539,21,0,0,Low Risk
C002113,12,827.14,0,0,0,0,0.0,0.0,Low Risk,1.1258386927921647e-05,3.127327134047629e-05,12,0,0,Low Risk
C002114,24,5677.950000000001,0,0,0,0,0.0,0.0,Low Risk,0.032659301797608474,0.7375456885945264,24,0,0,Medium Risk
C002115,24,1814.51,0,0,0,0,0.0,0.0,Low Risk,0.0019571169233542603,0.0086318409739191,24,0,0,Low Risk
C002116,26,2157.17,0,0,0,0,0.0,0.0,Low Risk,0.008863085831394895,0.0241921166795279,26,0,0,Low Risk
C002117,19,1223.73,0,0,0,0,0.0,0.0,Low Risk,0.00029365100823605515,0.000984811219776,19,0,0,Low Risk
C002118,21,1511.44,0,0,0,0,0.0,0.0,Low Risk,0.0004870899717371351,0.002456363477057,21,0,0,Low Risk
C002119,20,1376.31,0,0,0,0,0.0,0.0,Low Risk,0.0004405760233201522,0.0015211121947267,20,0,0,Low Risk
C002120,24,2299.04,0,0,0,0,0.0,0.0,Low Risk,0.0030397504848248234,0.0128990558553337,24,0,0,Low Risk
C002121,21,1791.24,0,0,0,0,0.0,0.0,Low Risk,0.0004983016299128378,0.002078929242184,21,0,0,Low Risk
C002122,17,1867.63,0,0,0,0,0.0,0.0,Low Risk,0.00010773681798634997,0.0005239144912912,17,0,0,Low Risk
C002123,19,2650.63,0,0,0,0,0.0,0.0,Low Risk,0.0005704109071639141,0.0032358492730487,19,0,0,Low Risk
C002124,26,2032.01,0,0,0,0,0.0,0.0,Low Risk,0.006263952527418898,0.0208046667264953,26,0,0,Low Risk
C002125,23,1496.23,0,0,0,0,0.0,0.0,Low Risk,0.001148863896766867,0.0064936095446021,23,0,0,Low Risk
C002126,18,847.92,0,0,0,0,0.0,0.0,Low Risk,7.016791276868191e-05,0.0005432066613795,18,0,0,Low Risk
C002127,25,1860.28,0,0,0,0,0.0,0.0,Low Risk,0.002862287001759776,0.0122965053011106,25,0,0,Low Risk
C002128,17,1130.71,0,0,0,0,0.0,0.0,Low Risk,9.455298309469026e-05,0.0003324447186591,17,0,0,Low Risk
C002129,19,2139.5,0,0,0,0,0.0,0.0,Low Risk,0.00029426065744370854,0.0021265821313852,19,0,0,Low Risk
C002130,21,1479.05,0,0,0,0,0.0,0.0,Low Risk,0.0004790772422595881,0.0014982585019703,21,0,0,Low Risk
C002131,17,790.72,0,0,0,0,0.0,0.0,Low Risk,7.064233934847921e-05,0.0003058711476602,17,0,0,Low Risk
C002132,15,891.38,0,0,0,0,0.0,0.0,Low Risk,2.472196462379844e-05,0.0001374466979878,15,0,0,Low Risk
C002133,13,883.2,0,0,0,0,0.0,0.0,Low Risk,2.0444988243386432e-05,4.442368468387988e-05,13,0,0,Low Risk
C002134,14,870.44,0,0,0,0,0.0,0.0,Low Risk,1.9734642807089805e-05,8.189657959012182e-05,14,0,0,Low Risk
C002135,16,1598.47,0,0,0,0,0.0,0.0,Low Risk,6.0355978881113944e-05,0.0001993766877965,16,0,0,Low Risk
C002136,48,3288.61,18,11,0,11,0.375,0.2291666666666666,High Risk (Fraud & Rules),0.7881906599191066,0.9999784595509256,48,18,11,"High Risk (Fraud, Rules & Model)"
C002137,18,2596.32,0,0,0,0,0.0,0.0,Low Risk,0.00020643281508966408,0.0012583185848464,18,0,0,Low Risk
C002138,17,1601.71,0,0,0,0,0.0,0.0,Low Risk,9.1519746854629e-05,0.0005380320222245,17,0,0,Low Risk
C002139,19,1611.5,0,0,0,0,0.0,0.0,Low Risk,0.00033260118879470114,0.0007965216637368,19,0,0,Low Risk
C002140,21,1338.88,0,0,0,0,0.0,0.0,Low Risk,0.0005431721538515551,0.0024285703154329,21,0,0,Low Risk
C002141,16,2735.17,0,0,0,0,0.0,0.0,Low Risk,0.00012241759947837063,0.0009225819646708,16,0,0,Low Risk
C002142,24,1985.48,0,0,0,0,0.0,0.0,Low Risk,0.0018412605728510688,0.008288340930758,24,0,0,Low Risk
C002143,19,1805.96,0,0,0,0,0.0,0.0,Low Risk,0.0002888038499276987,0.0012539699338487,19,0,0,Low Risk
C002144,27,3173.24,0,0,0,0,0.0,0.0,Low Risk,0.008858943362512115,0.0351458359000012,27,0,0,Low Risk
C002145,13,1253.79,0,0,0,0,0.0,0.0,Low Risk,2.0950853946565835e-05,9.830061938051532e-05,13,0,0,Low Risk
C002146,15,1143.05,0,0,0,0,0.0,0.0,Low Risk,5.408489959448338e-05,0.0001582185254993,15,0,0,Low Risk
C002147,20,1882.48,0,0,0,0,0.0,0.0,Low Risk,0.0003282752159054537,0.0013506588790369,20,0,0,Low Risk
C002148,17,1057.97,0,0,0,0,0.0,0.0,Low Risk,0.00010693976676233074,0.0003934586892589,17,0,0,Low Risk
C002149,13,826.55,0,0,0,0,0.0,0.0,Low Risk,1.4286310608498269e-05,4.573196541894245e-05,13,0,0,Low Risk
C002150,25,2594.37,0,0,0,0,0.0,0.0,Low Risk,0.004751230918440765,0.02036132218048,25,0,0,Low Risk
C002151,26,1258.77,0,0,0,0,0.0,0.0,Low Risk,0.004804347240216103,0.0166062939207205,26,0,0,Low Risk
C002152,18,1880.17,0,0,0,0,0.0,0.0,Low Risk,0.00014122840525470184,0.0008649108600288,18,0,0,Low Risk
C002153,19,2330.62,0,0,0,0,0.0,0.0,Low Risk,0.0004679120921519639,0.0025288680235013,19,0,0,Low Risk
C002154,17,1066.5,0,0,0,0,0.0,0.0,Low Risk,7.210814279746795e-05,0.0004009934268059,17,0,0,Low Risk
C002155,22,1387.01,0,0,0,0,0.0,0.0,Low Risk,0.0011328805999734936,0.0031799093531757,22,0,0,Low Risk
C002156,11,1596.63,0,0,0,0,0.0,0.0,Low Risk,3.1206997049582686e-05,0.0002941541661847,11,0,0,Low Risk
C002157,19,2087.41,0,0,0,0,0.0,0.0,Low Risk,0.00015466325996308316,0.0006106319159833,19,0,0,Low Risk
C002158,18,2206.02,0,0,0,0,0.0,0.0,Low Risk,0.00017238780572700964,0.001056952380304,18,0,0,Low Risk
C002159,23,2637.29,0,0,0,0,0.0,0.0,Low Risk,0.0020106061817285747,0.0069516978288582,23,0,0,Low Risk
C002160,46,3912.67,17,9,0,9,0.3695652173913043,0.1956521739130435,High Risk (Fraud & Rules),0.7581862139620289,0.999962342336036,46,17,9,"High Risk (Fraud, Rules & Model)"
C002161,23,1542.42,0,0,0,0,0.0,0.0,Low Risk,0.0013907078227122288,0.0041963577139692,23,0,0,Low Risk
C002162,15,1596.39,0,0,0,0,0.0,0.0,Low Risk,2.6783929073504962e-05,0.0001091396801039,15,0,0,Low Risk
C002163,17,1032.51,0,0,0,0,0.0,0.0,Low Risk,5.8362277127042764e-05,0.0002202332817124,17,0,0,Low Risk
C002164,17,1150.51,0,0,0,0,0.0,0.0,Low Risk,0.00015812474201287364,0.0003355562587214,17,0,0,Low Risk
C002165,20,1368.41,0,0,0,0,0.0,0.0,Low Risk,0.0003879164583394145,0.0015456172639128,20,0,0,Low Risk
C002166,19,14811.35,2,0,2,2,0.1052631578947368,0.1052631578947368,High Risk (Fraud & Rules),0.10529099633378622,0.9999999999304064,19,2,2,"High Risk (Fraud, Rules & Model)"
C002167,11,576.0,0,0,0,0,0.0,0.0,Low Risk,6.849504599813429e-06,2.0928182506608767e-05,11,0,0,Low Risk
C002168,25,2209.9,0,0,0,0,0.0,0.0,Low Risk,0.004148996473394252,0.0147209365375771,25,0,0,Low Risk
C002169,20,1561.93,0,0,0,0,0.0,0.0,Low Risk,0.0005314507424319638,0.0011870855695104,20,0,0,Low Risk
C002170,20,1911.35,0,0,0,0,0.0,0.0,Low Risk,0.00029499783010097897,0.0012966475511251,20,0,0,Low Risk
C002171,26,1488.81,0,0,0,0,0.0,0.0,Low Risk,0.00508484647281401,0.0209297744327609,26,0,0,Low Risk
C002172,18,1491.1,0,0,0,0,0.0,0.0,Low Risk,0.00014614486835555637,0.0006168630564217,18,0,0,Low Risk
C002173,29,8892.02,1,0,1,1,0.0344827586206896,0.0344827586206896,High Risk (Fraud & Rules),0.08243202907882433,0.9999999999268094,29,1,1,"High Risk (Fraud, Rules & Model)"
C002174,16,909.57,0,0,0,0,0.0,0.0,Low Risk,8.605246776467759e-05,0.0002653038333139,16,0,0,Low Risk
C002175,14,579.86,0,0,0,0,0.0,0.0,Low Risk,2.0514563543075564e-05,0.0001184396007708,14,0,0,Low Risk
C002176,17,1099.72,0,0,0,0,0.0,0.0,Low Risk,0.0001338336491981668,0.0003308622737424,17,0,0,Low Risk
C002177,22,1687.38,0,0,0,0,0.0,0.0,Low Risk,0.0009970810059069064,0.0048811188005835,22,0,0,Low Risk
C002178,19,2176.86,0,0,0,0,0.0,0.0,Low Risk,0.0002841071358964206,0.0008096476272728,19,0,0,Low Risk
C002179,23,2361.34,0,0,0,0,0.0,0.0,Low Risk,0.002344286323951997,0.0112977532083759,23,0,0,Low Risk
C002180,13,2093.39,0,0,0,0,0.0,0.0,Low Risk,2.6815583975566363e-05,0.0002259005768111,13,0,0,Low Risk
C002181,16,2198.7,0,0,0,0,0.0,0.0,Low Risk,7.805343386924375e-05,0.0003501078400167,16,0,0,Low Risk
C002182,20,1116.88,0,0,0,0,0.0,0.0,Low Risk,0.0006523054164705663,0.0016134139741829,20,0,0,Low Risk
C002183,21,1305.17,0,0,0,0,0.0,0.0,Low Risk,0.00047672010696618106,0.0023463669528925,21,0,0,Low Risk
C002184,20,2367.11,0,0,0,0,0.0,0.0,Low Risk,0.0006756314601986608,0.0069750229785936,20,0,0,Low Risk
C002185,23,12802.2,1,0,1,1,0.0434782608695652,0.0434782608695652,High Risk (Fraud & Rules),0.044372469653998436,0.9999999999999972,23,1,1,"High Risk (Fraud, Rules & Model)"
C002186,12,950.63,0,0,0,0,0.0,0.0,Low Risk,1.159289688616179e-05,9.480040935498212e-05,12,0,0,Low Risk
C002187,15,964.01,0,0,0,0,0.0,0.0,Low Risk,5.06678236326443e-05,0.0001288192329045,15,0,0,Low Risk
C002188,24,1286.52,0,0,0,0,0.0,0.0,Low Risk,0.002116470855029867,0.0055333374990243,24,0,0,Low Risk
C002189,21,1451.18,0,0,0,0,0.0,0.0,Low Risk,0.0006558293795688404,0.0019304208035939,21,0,0,Low Risk
C002190,17,1462.1,0,0,0,0,0.0,0.0,Low Risk,7.232083994563628e-05,0.0003316179544546,17,0,0,Low Risk
C002191,21,1971.2,0,0,0,0,0.0,0.0,Low Risk,0.0010074467307957886,0.0106083162443476,21,0,0,Low Risk
C002192,7,600.7,0,0,0,0,0.0,0.0,Low Risk,5.950532717847092e-07,2.5791903484437423e-06,7,0,0,Low Risk
C002193,13,1035.08,0,0,0,0,0.0,0.0,Low Risk,1.4905579499375371e-05,5.481340847558754e-05,13,0,0,Low Risk
C002194,24,1360.43,0,0,0,0,0.0,0.0,Low Risk,0.0023691190265977564,0.0087859542031372,24,0,0,Low Risk
C002195,18,1493.24,0,0,0,0,0.0,0.0,Low Risk,0.00019233899855861992,0.0008610358906043,18,0,0,Low Risk
C002196,23,1030.14,0,0,0,0,0.0,0.0,Low Risk,0.0012291369719598173,0.0052835824793991,23,0,0,Low Risk
C002197,21,1851.11,0,0,0,0,0.0,0.0,Low Risk,0.0006252990421617379,0.0018708600632958,21,0,0,Low Risk
C002198,43,2886.43,13,5,0,5,0.3023255813953488,0.1162790697674418,High Risk (Fraud & Rules),0.6192629955051775,0.9997850780756696,43,13,5,"High Risk (Fraud, Rules & Model)"
C002199,30,2451.69,0,0,0,0,0.0,0.0,Low Risk,0.03251232602499052,0.114219149702581,30,0,0,Low Risk
C002200,26,3362.65,0,0,0,0,0.0,0.0,Low Risk,0.0027645189949010132,0.0157543699981681,26,0,0,Low Risk
C002201,18,1814.14,0,0,0,0,0.0,0.0,Low Risk,9.751982852283194e-05,0.0004238504085524,18,0,0,Low Risk
C002202,24,2000.9,0,0,0,0,0.0,0.0,Low Risk,0.0028281826595109422,0.0210134665907204,24,0,0,Low Risk
C002203,19,1324.04,0,0,0,0,0.0,0.0,Low Risk,0.00036506191561832825,0.0009709365367011,19,0,0,Low Risk
C002204,19,1661.42,0,0,0,0,0.0,0.0,Low Risk,0.00030437683453493327,0.0011813588167017,19,0,0,Low Risk
C002205,21,1054.41,0,0,0,0,0.0,0.0,Low Risk,0.0005361234980648117,0.0020621711157561,21,0,0,Low Risk
C002206,19,1180.66,0,0,0,0,0.0,0.0,Low Risk,0.000220372883064528,0.0007955954524043,19,0,0,Low Risk
C002207,18,1453.18,0,0,0,0,0.0,0.0,Low Risk,0.00017097092468199197,0.0005364270529347,18,0,0,Low Risk
C002208,16,1628.16,0,0,0,0,0.0,0.0,Low Risk,9.800574813714858e-05,0.0004936015019575,16,0,0,Low Risk
C002209,16,1602.56,0,0,0,0,0.0,0.0,Low Risk,0.00010481550512418933,0.0003947550741197,16,0,0,Low Risk
C002210,25,2708.46,0,0,0,0,0.0,0.0,Low Risk,0.002993232615377491,0.0124611129734866,25,0,0,Low Risk
C002211,18,1532.48,0,0,0,0,0.0,0.0,Low Risk,0.00015962846951716374,0.0006148080435368,18,0,0,Low Risk
C002212,20,1855.54,0,0,0,0,0.0,0.0,Low Risk,0.0005903801912321163,0.0068218884039983,20,0,0,Low Risk
C002213,22,2501.98,0,0,0,0,0.0,0.0,Low Risk,0.0008725623794169995,0.0038205753491512,22,0,0,Low Risk
C002214,16,1179.16,0,0,0,0,0.0,0.0,Low Risk,7.330086107693509e-05,0.0002094481499683,16,0,0,Low Risk
C002215,31,2083.59,0,0,0,0,0.0,0.0,Low Risk,0.06510758283640605,0.1754728594608844,31,0,0,Low Risk
C002216,13,879.8800000000001,0,0,0,0,0.0,0.0,Low Risk,1.6956980255802692e-05,4.601198207905368e-05,13,0,0,Low Risk
C002217,22,2402.57,0,0,0,0,0.0,0.0,Low Risk,0.001098102105376879,0.0115931309260115,22,0,0,Low Risk
C002218,22,2014.33,0,0,0,0,0.0,0.0,Low Risk,0.0008727298524520554,0.0029407425639143,22,0,0,Low Risk
C002219,21,1904.64,0,0,0,0,0.0,0.0,Low Risk,0.0004992181360636682,0.0017522938414224,21,0,0,Low Risk
C002220,23,1308.23,0,0,0,0,0.0,0.0,Low Risk,0.0012695221926567694,0.0050846375630572,23,0,0,Low Risk
C002221,20,1029.26,0,0,0,0,0.0,0.0,Low Risk,0.0002616655910749498,0.0012463626839723,20,0,0,Low Risk
C002222,23,2134.99,0,0,0,0,0.0,0.0,Low Risk,0.001186801123224603,0.0045546782552196,23,0,0,Low Risk
C002223,19,2791.63,0,0,0,0,0.0,0.0,Low Risk,0.00029398146534357294,0.0020958340719868,19,0,0,Low Risk
C002224,14,1223.44,0,0,0,0,0.0,0.0,Low Risk,2.3616755827085593e-05,9.971769468144316e-05,14,0,0,Low Risk
C002225,14,738.95,0,0,0,0,0.0,0.0,Low Risk,1.666309064763179e-05,8.341218046968524e-05,14,0,0,Low Risk
C002226,16,1105.84,0,0,0,0,0.0,0.0,Low Risk,5.8808517452906536e-05,0.0002904393766687,16,0,0,Low Risk
C002227,20,1277.73,0,0,0,0,0.0,0.0,Low Risk,0.0003161118146718508,0.0013560902256524,20,0,0,Low Risk
C002228,16,1283.28,0,0,0,0,0.0,0.0,Low Risk,7.433454136103147e-05,0.0004011182179966,16,0,0,Low Risk
C002229,14,1292.77,0,0,0,0,0.0,0.0,Low Risk,1.5159492462079914e-05,6.343344890864535e-05,14,0,0,Low Risk
C002230,27,3249.0,0,0,0,0,0.0,0.0,Low Risk,0.04208382618424438,0.9216175338640982,27,0,0,Medium Risk (Model Only)
C002231,15,1762.53,0,0,0,0,0.0,0.0,Low Risk,1.7244581411504387e-05,8.579724866461698e-05,15,0,0,Low Risk
C002232,24,1812.88,0,0,0,0,0.0,0.0,Low Risk,0.002539783485109387,0.0070447129430309,24,0,0,Low Risk
C002233,18,1118.8,0,0,0,0,0.0,0.0,Low Risk,0.00015443278262121688,0.0005412572263404,18,0,0,Low Risk
C002234,22,1648.89,0,0,0,0,0.0,0.0,Low Risk,0.00040845685095512995,0.0041433931794876,22,0,0,Low Risk
C002235,14,1631.8,0,0,0,0,0.0,0.0,Low Risk,1.41663485633778e-05,8.466693150489758e-05,14,0,0,Low Risk
C002236,14,1824.42,0,0,0,0,0.0,0.0,Low Risk,4.6854430102723045e-05,0.0003200216975357,14,0,0,Low Risk
C002237,22,1043.65,0,0,0,0,0.0,0.0,Low Risk,0.0009186119486950506,0.0029436382059661,22,0,0,Low Risk
C002238,16,937.79,0,0,0,0,0.0,0.0,Low Risk,4.430033128390055e-05,0.0001583711579488,16,0,0,Low Risk
C002239,21,1338.18,0,0,0,0,0.0,0.0,Low Risk,0.0008180707481389725,0.0023198393948381,21,0,0,Low Risk
C002240,28,2618.75,0,0,0,0,0.0,0.0,Low Risk,0.02351483381611936,0.0531285648570886,28,0,0,Low Risk
C002241,19,1672.95,0,0,0,0,0.0,0.0,Low Risk,0.00024796330384560614,0.0007013636210069,19,0,0,Low Risk
C002242,20,956.69,0,0,0,0,0.0,0.0,Low Risk,0.000222107606445028,0.0009342834655045,20,0,0,Low Risk
C002243,19,2321.95,0,0,0,0,0.0,0.0,Low Risk,0.0003567903239995797,0.0015164151207677,19,0,0,Low Risk
C002244,19,1893.46,0,0,0,0,0.0,0.0,Low Risk,0.0002967351551773464,0.0010864909701053,19,0,0,Low Risk
C002245,17,2039.98,0,0,0,0,0.0,0.0,Low Risk,7.603515380872526e-05,0.0006222208348871,17,0,0,Low Risk
C002246,21,1611.09,0,0,0,0,0.0,0.0,Low Risk,0.000746393724479059,0.0024045156598149,21,0,0,Low Risk
C002247,14,799.31,0,0,0,0,0.0,0.0,Low Risk,1.4651250592314839e-05,8.476286741811296e-05,14,0,0,Low Risk
C002248,24,2704.71,0,0,0,0,0.0,0.0,Low Risk,0.003089485267619948,0.01817925493832,24,0,0,Low Risk
C002249,16,1034.97,0,0,0,0,0.0,0.0,Low Risk,5.320789084758472e-05,0.000201648439273,16,0,0,Low Risk
C002250,8,783.02,0,0,0,0,0.0,0.0,Low Risk,1.0928406305389467e-06,2.881980409086462e-06,8,0,0,Low Risk
C002251,22,1236.65,0,0,0,0,0.0,0.0,Low Risk,0.0012088372329822341,0.0037101394324854,22,0,0,Low Risk
C002252,18,1862.27,0,0,0,0,0.0,0.0,Low Risk,0.00015642079080271855,0.0004353964500337,18,0,0,Low Risk
C002253,15,1468.91,0,0,0,0,0.0,0.0,Low Risk,3.941244744236418e-05,0.0001120829100954,15,0,0,Low Risk
C002254,20,3008.35,0,0,0,0,0.0,0.0,Low Risk,0.00041884399159919383,0.0015061749190439,20,0,0,Low Risk
C002255,23,2558.88,0,0,0,0,0.0,0.0,Low Risk,0.001208907038429921,0.0036638403364565,23,0,0,Low Risk
C002256,15,769.22,0,0,0,0,0.0,0.0,Low Risk,2.3599944687006907e-05,9.122680311346196e-05,15,0,0,Low Risk
C002257,25,1517.93,0,0,0,0,0.0,0.0,Low Risk,0.0036796117580460636,0.0134197156466683,25,0,0,Low Risk
C002258,18,1170.9,0,0,0,0,0.0,0.0,Low Risk,0.00011199251163245009,0.0005137055346716,18,0,0,Low Risk
C002259,18,1593.45,0,0,0,0,0.0,0.0,Low Risk,0.0001912554355290154,0.0004885834912931,18,0,0,Low Risk
C002260,19,1303.27,0,0,0,0,0.0,0.0,Low Risk,0.0002033895550918581,0.0006608466133148,19,0,0,Low Risk
C002261,21,8848.24,1,0,1,1,0.0476190476190476,0.0476190476190476,High Risk (Fraud & Rules),0.04787248162606543,0.9999999990291246,21,1,1,"High Risk (Fraud, Rules & Model)"
C002262,15,1127.04,0,0,0,0,0.0,0.0,Low Risk,5.065829035051962e-05,0.0001497964808969,15,0,0,Low Risk
C002263,16,907.57,0,0,0,0,0.0,0.0,Low Risk,6.310912042718435e-05,0.0002671544004822,16,0,0,Low Risk
C002264,19,1586.68,0,0,0,0,0.0,0.0,Low Risk,0.00022460086012645057,0.0009118547690055,19,0,0,Low Risk
C002265,17,2022.92,0,0,0,0,0.0,0.0,Low Risk,6.2180725440307e-05,0.0006070486836923,17,0,0,Low Risk
C002266,21,1737.37,0,0,0,0,0.0,0.0,Low Risk,0.0005545176502365129,0.0024259516065262,21,0,0,Low Risk
C002267,22,2162.63,0,0,0,0,0.0,0.0,Low Risk,0.0005564036622584089,0.0030610962016926,22,0,0,Low Risk
C002268,16,1188.28,0,0,0,0,0.0,0.0,Low Risk,6.499746106832245e-05,0.0002020434801919,16,0,0,Low Risk
C002269,17,11642.51,1,0,1,1,0.0588235294117647,0.0588235294117647,High Risk (Fraud & Rules),0.058886081597705475,0.9999999999761636,17,1,1,"High Risk (Fraud, Rules & Model)"
C002270,22,1187.03,0,0,0,0,0.0,0.0,Low Risk,0.0010867584532617243,0.0033463243755907,22,0,0,Low Risk
C002271,14,7146.02,1,0,1,1,0.0714285714285714,0.0714285714285714,High Risk (Fraud & Rules),0.07143084975510043,0.9999920173071092,14,1,1,"High Risk (Fraud, Rules & Model)"
C002272,19,1203.73,0,0,0,0,0.0,0.0,Low Risk,0.00029259998688883817,0.000998158541891,19,0,0,Low Risk
C002273,26,1584.8,0,0,0,0,0.0,0.0,Low Risk,0.002850096111527605,0.0127713318243858,26,0,0,Low Risk
C002274,21,1632.79,0,0,0,0,0.0,0.0,Low Risk,0.000770483262079484,0.0023179966258814,21,0,0,Low Risk
C002275,14,824.15,0,0,0,0,0.0,0.0,Low Risk,2.0091012044692576e-05,6.886014218446283e-05,14,0,0,Low Risk
C002276,16,970.02,0,0,0,0,0.0,0.0,Low Risk,4.605057123330276e-05,0.0002241273908865,16,0,0,Low Risk
C002277,17,2188.75,0,0,0,0,0.0,0.0,Low Risk,0.00013627510119618936,0.0009121219866908,17,0,0,Low Risk
C002278,14,8113.67,1,0,1,1,0.0714285714285714,0.0714285714285714,High Risk (Fraud & Rules),0.07143073959439246,0.9999998181895504,14,1,1,"High Risk (Fraud, Rules & Model)"
C002279,18,1845.98,0,0,0,0,0.0,0.0,Low Risk,0.0001684782720333049,0.000566867024912,18,0,0,Low Risk
C002280,18,1205.24,0,0,0,0,0.0,0.0,Low Risk,0.0001740722746921637,0.0003852497939511,18,0,0,Low Risk
C002281,9,280.34,0,0,0,0,0.0,0.0,Low Risk,2.1806816753199466e-06,9.110440698899097e-06,9,0,0,Low Risk
C002282,19,934.35,0,0,0,0,0.0,0.0,Low Risk,0.00025061288777011924,0.0010292889329924,19,0,0,Low Risk
C002283,21,1480.78,0,0,0,0,0.0,0.0,Low Risk,0.0004495046565321259,0.0020624423139145,21,0,0,Low Risk
C002284,19,1683.06,0,0,0,0,0.0,0.0,Low Risk,0.0002170774842522661,0.0010405125008788,19,0,0,Low Risk
C002285,20,2467.65,0,0,0,0,0.0,0.0,Low Risk,0.00035195233225467396,0.0015813871051556,20,0,0,Low Risk
C002286,28,2037.72,0,0,0,0,0.0,0.0,Low Risk,0.01536900637948849,0.0873037497127538,28,0,0,Low Risk
C002287,9,12324.69,1,0,1,1,0.1111111111111111,0.1111111111111111,High Risk (Fraud & Rules),0.11111111142908398,0.9999999999385124,9,1,1,"High Risk (Fraud, Rules & Model)"
C002288,16,1822.48,0,0,0,0,0.0,0.0,Low Risk,6.921516846841619e-05,0.0001463030231318,16,0,0,Low Risk
C002289,20,1988.37,0,0,0,0,0.0,0.0,Low Risk,0.0003739243304997706,0.0011833027265742,20,0,0,Low Risk
C002290,18,1719.4,0,0,0,0,0.0,0.0,Low Risk,7.569812078044727e-05,0.0004182214993182,18,0,0,Low Risk
C002291,17,1146.82,0,0,0,0,0.0,0.0,Low Risk,8.808776451308009e-05,0.0003434983992247,17,0,0,Low Risk
C002292,18,977.33,0,0,0,0,0.0,0.0,Low Risk,0.00021753702363449458,0.000567799010677,18,0,0,Low Risk
C002293,16,783.66,0,0,0,0,0.0,0.0,Low Risk,6.987163501174949e-05,0.0002076694820603,16,0,0,Low Risk
C002294,15,738.4399999999999,0,0,0,0,0.0,0.0,Low Risk,3.530254786443012e-05,6.44665394588655e-05,15,0,0,Low Risk
C002295,17,1627.71,0,0,0,0,0.0,0.0,Low Risk,0.0001453954303918511,0.0005637447615677,17,0,0,Low Risk
C002296,20,2453.34,0,0,0,0,0.0,0.0,Low Risk,0.0006365262029672029,0.0023799987084886,20,0,0,Low Risk
C002297,27,2597.47,0,0,0,0,0.0,0.0,Low Risk,0.010655730622243408,0.0370184785086333,27,0,0,Low Risk
C002298,26,1569.1,0,0,0,0,0.0,0.0,Low Risk,0.003166059555367009,0.0212694660251759,26,0,0,Low Risk
C002299,21,1915.31,0,0,0,0,0.0,0.0,Low Risk,0.001046303191736847,0.0131756067528907,21,0,0,Low Risk
C002300,21,2413.62,0,0,0,0,0.0,0.0,Low Risk,0.0005096414273382587,0.0025533194555866,21,0,0,Low Risk
C002301,20,1331.96,0,0,0,0,0.0,0.0,Low Risk,0.00013410315756453938,0.0012876523378831,20,0,0,Low Risk
C002302,16,1278.84,0,0,0,0,0.0,0.0,Low Risk,5.315580715478015e-05,0.0001688856269103,16,0,0,Low Risk
C002303,33,3432.03,0,0,0,0,0.0,0.0,Low Risk,0.09598179685040328,0.3720281669742535,33,0,0,Low Risk
C002304,22,1560.47,0,0,0,0,0.0,0.0,Low Risk,0.0007264077589855304,0.0035557276381398,22,0,0,Low Risk
C002305,29,4111.64,0,0,0,0,0.0,0.0,Low Risk,0.042584609114799735,0.5628521874102069,29,0,0,Medium Risk
C002306,15,1200.76,0,0,0,0,0.0,0.0,Low Risk,2.6160270472380536e-05,8.690448889652914e-05,15,0,0,Low Risk
C002307,20,1670.03,0,0,0,0,0.0,0.0,Low Risk,0.00030272625245850865,0.0010632963774805,20,0,0,Low Risk
C002308,22,1365.39,0,0,0,0,0.0,0.0,Low Risk,0.0008500878930257374,0.0030923098217434,22,0,0,Low Risk
C002309,14,1334.8,0,0,0,0,0.0,0.0,Low Risk,3.059766832978007e-05,7.863652675274278e-05,14,0,0,Low Risk
C002310,25,1640.13,0,0,0,0,0.0,0.0,Low Risk,0.002071742845458906,0.0131231658711753,25,0,0,Low Risk
C002311,21,1148.19,0,0,0,0,0.0,0.0,Low Risk,0.0005995356537810638,0.0022135450024245,21,0,0,Low Risk
C002312,18,1602.58,0,0,0,0,0.0,0.0,Low Risk,0.00012495321734411525,0.0005405865387707,18,0,0,Low Risk
C002313,20,1593.55,0,0,0,0,0.0,0.0,Low Risk,0.00032669189012036234,0.0010332187852382,20,0,0,Low Risk
C002314,16,1133.4,0,0,0,0,0.0,0.0,Low Risk,6.111260315287062e-05,0.0002043695769282,16,0,0,Low Risk
C002315,23,2099.74,0,0,0,0,0.0,0.0,Low Risk,0.0034117329341588924,0.0494255891120863,23,0,0,Low Risk
C002316,19,1310.7,0,0,0,0,0.0,0.0,Low Risk,0.00013046463259401182,0.0006269846331306,19,0,0,Low Risk
C002317,21,1235.11,0,0,0,0,0.0,0.0,Low Risk,0.0005522933985039975,0.0016936195569945,21,0,0,Low Risk
C002318,20,1284.49,0,0,0,0,0.0,0.0,Low Risk,0.0005663926392041189,0.0015442299590614,20,0,0,Low Risk
C002319,25,2581.46,0,0,0,0,0.0,0.0,Low Risk,0.003492382743662644,0.0202092178317674,25,0,0,Low Risk
C002320,19,1135.64,0,0,0,0,0.0,0.0,Low Risk,0.00030752881681168865,0.0009498366988609,19,0,0,Low Risk
C002321,24,1727.56,0,0,0,0,0.0,0.0,Low Risk,0.0015369149419709467,0.0066365802004088,24,0,0,Low Risk
C002322,16,7161.59,1,0,0,0,0.0625,0.0,Low Risk,0.06229726555683705,0.9964916249621836,16,1,0,"High Risk (Fraud, Rules & Model)"
C002323,42,2454.14,11,4,0,4,0.2619047619047619,0.0952380952380952,High Risk (Fraud & Rules),0.5540458996611145,0.9993071936700042,42,11,4,"High Risk (Fraud, Rules & Model)"
C002324,20,1826.45,0,0,0,0,0.0,0.0,Low Risk,0.00022556928958079365,0.0010277483065319,20,0,0,Low Risk
C002325,22,1541.49,0,0,0,0,0.0,0.0,Low Risk,0.0006294374178445229,0.0032514333081046,22,0,0,Low Risk
C002326,22,2175.48,0,0,0,0,0.0,0.0,Low Risk,0.0015822119966199327,0.0051090447102302,22,0,0,Low Risk
C002327,16,1277.42,0,0,0,0,0.0,0.0,Low Risk,5.534459495274506e-05,0.0002288130989957,16,0,0,Low Risk
C002328,20,1271.69,0,0,0,0,0.0,0.0,Low Risk,0.0004012686587266082,0.001636801126598,20,0,0,Low Risk
C002329,32,2314.25,0,0,0,0,0.0,0.0,Low Risk,0.08203163409485384,0.6176758384186295,32,0,0,Medium Risk
C002330,23,1645.87,0,0,0,0,0.0,0.0,Low Risk,0.0014647878001727915,0.0050592372485414,23,0,0,Low Risk
C002331,15,1655.89,0,0,0,0,0.0,0.0,Low Risk,5.9035868780465225e-05,0.0002830046321769,15,0,0,Low Risk
C002332,18,1870.32,0,0,0,0,0.0,0.0,Low Risk,9.410002978088286e-05,0.0004626520264646,18,0,0,Low Risk
C002333,22,1843.71,0,0,0,0,0.0,0.0,Low Risk,0.0010828090653736877,0.0040327604593497,22,0,0,Low Risk
C002334,18,1140.14,0,0,0,0,0.0,0.0,Low Risk,0.0001222663116075416,0.0005909733361328,18,0,0,Low Risk
C002335,20,1663.68,0,0,0,0,0.0,0.0,Low Risk,0.0004349380513788073,0.0021860864789204,20,0,0,Low Risk
C002336,15,1264.41,0,0,0,0,0.0,0.0,Low Risk,5.7530158030410304e-05,0.0002950376198338,15,0,0,Low Risk
C002337,18,2081.94,0,0,0,0,0.0,0.0,Low Risk,0.0001966459789232662,0.0007273118594907,18,0,0,Low Risk
C002338,22,1952.08,0,0,0,0,0.0,0.0,Low Risk,0.0007891163864377589,0.0039033892308885,22,0,0,Low Risk
C002339,21,2508.33,0,0,0,0,0.0,0.0,Low Risk,0.00025009092645071466,0.0013179096550728,21,0,0,Low Risk
C002340,27,2737.35,0,0,0,0,0.0,0.0,Low Risk,0.011694068336966897,0.0759832634929247,27,0,0,Low Risk
C002341,31,3175.79,0,0,0,0,0.0,0.0,Low Risk,0.05574889394422683,0.2263090388776148,31,0,0,Low Risk
C002342,23,1885.77,0,0,0,0,0.0,0.0,Low Risk,0.0006614388157860906,0.0036671074069726,23,0,0,Low Risk
C002343,23,1829.9,0,0,0,0,0.0,0.0,Low Risk,0.0013622005127782444,0.0079553712428118,23,0,0,Low Risk
C002344,17,803.6500000000001,0,0,0,0,0.0,0.0,Low Risk,0.00010557188117496979,0.0002794047843137,17,0,0,Low Risk
C002345,17,1044.29,0,0,0,0,0.0,0.0,Low Risk,0.00011423408191892736,0.0003911755412322,17,0,0,Low Risk
C002346,20,1390.55,0,0,0,0,0.0,0.0,Low Risk,0.00024524517467624173,0.0013995906275124,20,0,0,Low Risk
C002347,23,2171.9,0,0,0,0,0.0,0.0,Low Risk,0.0012478502869192217,0.0043774457141495,23,0,0,Low Risk
C002348,12,1384.62,0,0,0,0,0.0,0.0,Low Risk,5.60953687724136e-06,2.903252716916957e-05,12,0,0,Low Risk
C002349,20,2958.35,0,0,0,0,0.0,0.0,Low Risk,0.0005501991670309372,0.0040615823636829,20,0,0,Low Risk
C002350,19,1794.39,0,0,0,0,0.0,0.0,Low Risk,0.00020812443091230867,0.0009095865078855,19,0,0,Low Risk
C002351,24,1719.3,0,0,0,0,0.0,0.0,Low Risk,0.0017610430251372756,0.0066347796710786,24,0,0,Low Risk
C002352,12,914.05,0,0,0,0,0.0,0.0,Low Risk,1.0324361256868719e-05,4.4868241057301126e-05,12,0,0,Low Risk
C002353,11,485.11,0,0,0,0,0.0,0.0,Low Risk,5.8007859198798215e-06,2.878159671289696e-05,11,0,0,Low Risk
C002354,23,1704.29,0,0,0,0,0.0,0.0,Low Risk,0.0014419736439501949,0.0058927357592531,23,0,0,Low Risk
C002355,12,648.88,0,0,0,0,0.0,0.0,Low Risk,5.510458815437333e-06,2.2756090888010856e-05,12,0,0,Low Risk
C002356,15,1823.68,0,0,0,0,0.0,0.0,Low Risk,5.798299287174394e-05,0.0005325435678103,15,0,0,Low Risk
C002357,25,2487.88,0,0,0,0,0.0,0.0,Low Risk,0.003394823231810924,0.0118498383991671,25,0,0,Low Risk
C002358,19,1317.24,0,0,0,0,0.0,0.0,Low Risk,0.00016214991430334484,0.0006846239798793,19,0,0,Low Risk
C002359,12,1660.96,0,0,0,0,0.0,0.0,Low Risk,5.621298104137997e-06,2.0288439103501186e-05,12,0,0,Low Risk
C002360,24,1984.86,0,0,0,0,0.0,0.0,Low Risk,0.0016011066134113319,0.0062774896520399,24,0,0,Low Risk
C002361,19,1247.51,0,0,0,0,0.0,0.0,Low Risk,0.00010844364052748169,0.0005751747173851,19,0,0,Low Risk
C002362,19,788.91,0,0,0,0,0.0,0.0,Low Risk,0.0001504114175767554,0.0007552399817347,19,0,0,Low Risk
C002363,23,1776.27,0,0,0,0,0.0,0.0,Low Risk,0.0016448615236853154,0.0061198659695533,23,0,0,Low Risk
C002364,16,1430.0,0,0,0,0,0.0,0.0,Low Risk,5.514381691753737e-05,0.0005088010095379,16,0,0,Low Risk
C002365,14,602.35,0,0,0,0,0.0,0.0,Low Risk,2.147409314235505e-05,7.190823680665607e-05,14,0,0,Low Risk
C002366,20,1650.12,0,0,0,0,0.0,0.0,Low Risk,0.00025045890961680387,0.0010263437684454,20,0,0,Low Risk
C002367,17,1585.15,0,0,0,0,0.0,0.0,Low Risk,0.00012479802293033715,0.0006345542438778,17,0,0,Low Risk
C002368,23,1143.36,0,0,0,0,0.0,0.0,Low Risk,0.0020508016008246558,0.0054514942900338,23,0,0,Low Risk
C002369,21,11092.43,1,0,1,1,0.0476190476190476,0.0476190476190476,High Risk (Fraud & Rules),0.0478475253352799,0.9999999999991916,21,1,1,"High Risk (Fraud, Rules & Model)"
C002370,23,2219.83,0,0,0,0,0.0,0.0,Low Risk,0.0016862422239451733,0.0064988974538376,23,0,0,Low Risk
C002371,27,2350.34,0,0,0,0,0.0,0.0,Low Risk,0.00907319203161596,0.0393376060736796,27,0,0,Low Risk
C002372,27,3060.1,0,0,0,0,0.0,0.0,Low Risk,0.010114365712562643,0.0379261885777942,27,0,0,Low Risk
C002373,22,10971.28,1,0,1,1,0.0454545454545454,0.0454545454545454,High Risk (Fraud & Rules),0.046456573726649304,0.9999999999988416,22,1,1,"High Risk (Fraud, Rules & Model)"
C002374,20,2225.02,0,0,0,0,0.0,0.0,Low Risk,0.0005521874451690902,0.0020602735394955,20,0,0,Low Risk
C002375,25,1748.41,0,0,0,0,0.0,0.0,Low Risk,0.003567759502454706,0.0146048385731536,25,0,0,Low Risk
C002376,18,10460.5,1,0,1,1,0.0555555555555555,0.0555555555555555,High Risk (Fraud & Rules),0.05559511598075099,0.999999999988782,18,1,1,"High Risk (Fraud, Rules & Model)"
C002377,21,12957.59,1,0,1,1,0.0476190476190476,0.0476190476190476,High Risk (Fraud & Rules),0.04781596293611541,0.9999999999999998,21,1,1,"High Risk (Fraud, Rules & Model)"
C002378,14,1444.67,0,0,0,0,0.0,0.0,Low Risk,2.18658575983084e-05,9.63651146795766e-05,14,0,0,Low Risk
C002379,14,1200.6,0,0,0,0,0.0,0.0,Low Risk,2.5971782501327104e-05,6.0603064019325366e-05,14,0,0,Low Risk
C002380,21,1954.34,0,0,0,0,0.0,0.0,Low Risk,0.0006143463521387371,0.0022544258515006,21,0,0,Low Risk
C002381,22,1247.4,0,0,0,0,0.0,0.0,Low Risk,0.0007695229121859547,0.0030625006291364,22,0,0,Low Risk
C002382,19,2105.72,0,0,0,0,0.0,0.0,Low Risk,0.00018774881445633314,0.0007947477785286,19,0,0,Low Risk
C002383,24,1507.93,0,0,0,0,0.0,0.0,Low Risk,0.0019548913826967656,0.0055169107313557,24,0,0,Low Risk
C002384,22,11232.01,1,0,1,1,0.0454545454545454,0.0454545454545454,High Risk (Fraud & Rules),0.045902127829450905,0.9999999999999808,22,1,1,"High Risk (Fraud, Rules & Model)"
C002385,20,1084.46,0,0,0,0,0.0,0.0,Low Risk,0.0003510367517853475,0.0016521702471758,20,0,0,Low Risk
C002386,17,1006.99,0,0,0,0,0.0,0.0,Low Risk,0.00012041644690670402,0.0002921995534791,17,0,0,Low Risk
C002387,23,3014.03,0,0,0,0,0.0,0.0,Low Risk,0.0016417436844159362,0.0154461889157994,23,0,0,Low Risk
C002388,16,10299.829999999998,1,0,1,1,0.0625,0.0625,High Risk (Fraud & Rules),0.06250980186367809,0.9999999984790272,16,1,1,"High Risk (Fraud, Rules & Model)"
C002389,17,1314.87,0,0,0,0,0.0,0.0,Low Risk,9.32992775541203e-05,0.0003807239111825,17,0,0,Low Risk
C002390,26,11410.169999999998,1,0,1,1,0.0384615384615384,0.0384615384615384,High Risk (Fraud & Rules),0.04632785948077876,0.9999999999999968,26,1,1,"High Risk (Fraud, Rules & Model)"
C002391,15,1205.51,0,0,0,0,0.0,0.0,Low Risk,4.572786374528933e-05,0.0001617331881036,15,0,0,Low Risk
C002392,24,1358.2,0,0,0,0,0.0,0.0,Low Risk,0.002690391630814645,0.0085412888468451,24,0,0,Low Risk
C002393,17,868.4,0,0,0,0,0.0,0.0,Low Risk,6.230376976733114e-05,0.0002299133160958,17,0,0,Low Risk
C002394,16,1868.52,0,0,0,0,0.0,0.0,Low Risk,5.341571552108403e-05,0.0001624703398173,16,0,0,Low Risk
C002395,19,1539.84,0,0,0,0,0.0,0.0,Low Risk,0.0002809629213500309,0.0006977642025064,19,0,0,Low Risk
C002396,17,1148.43,0,0,0,0,0.0,0.0,Low Risk,8.705023232987257e-05,0.0004884285792582,17,0,0,Low Risk
C002397,16,1638.15,0,0,0,0,0.0,0.0,Low Risk,5.161203196767212e-05,0.0001904138262958,16,0,0,Low Risk
C002398,27,2936.52,0,0,0,0,0.0,0.0,Low Risk,0.010527670396213693,0.0724714799504685,27,0,0,Low Risk
C002399,21,1881.26,0,0,0,0,0.0,0.0,Low Risk,0.0007403177101711547,0.0033260586924658,21,0,0,Low Risk
C002400,27,1714.71,0,0,0,0,0.0,0.0,Low Risk,0.00881736925307136,0.0329658258275304,27,0,0,Low Risk
C002401,22,1661.66,0,0,0,0,0.0,0.0,Low Risk,0.0007384140067391979,0.0031586992716928,22,0,0,Low Risk
C002402,25,1616.62,0,0,0,0,0.0,0.0,Low Risk,0.004208561784035992,0.0144386759011789,25,0,0,Low Risk
C002403,26,1992.56,0,0,0,0,0.0,0.0,Low Risk,0.007441642705621792,0.0249798436366267,26,0,0,Low Risk
C002404,23,1118.44,0,0,0,0,0.0,0.0,Low Risk,0.0012275426123206001,0.0048606777631691,23,0,0,Low Risk
C002405,20,1732.16,0,0,0,0,0.0,0.0,Low Risk,0.00039813373629047814,0.0018556978525404,20,0,0,Low Risk
C002406,23,2290.74,0,0,0,0,0.0,0.0,Low Risk,0.001975986320632405,0.0078148153738981,23,0,0,Low Risk
C002407,21,2402.03,0,0,0,0,0.0,0.0,Low Risk,0.0009847710040278876,0.0040962147292099,21,0,0,Low Risk
C002408,20,1579.72,0,0,0,0,0.0,0.0,Low Risk,0.000510309794393518,0.0012830266903631,20,0,0,Low Risk
C002409,20,2074.82,0,0,0,0,0.0,0.0,Low Risk,0.0008659603119010107,0.0104559590537874,20,0,0,Low Risk
C002410,19,1050.37,0,0,0,0,0.0,0.0,Low Risk,0.0002628506703983159,0.0006953135431817,19,0,0,Low Risk
C002411,29,3031.34,0,0,0,0,0.0,0.0,Low Risk,0.013385557020765307,0.1048869826705858,29,0,0,Low Risk
C002412,20,2036.77,0,0,0,0,0.0,0.0,Low Risk,0.0002785319824662357,0.0012995743403524,20,0,0,Low Risk
C002413,9,911.94,0,0,0,0,0.0,0.0,Low Risk,2.292665283560771e-06,7.150731281248231e-06,9,0,0,Low Risk
C002414,13,486.46,0,0,0,0,0.0,0.0,Low Risk,2.2602681390088048e-05,6.832529834267091e-05,13,0,0,Low Risk
C002415,25,2069.2,0,0,0,0,0.0,0.0,Low Risk,0.0035390455847450525,0.0130382138495267,25,0,0,Low Risk
C002416,18,1005.74,0,0,0,0,0.0,0.0,Low Risk,0.00018539355214640746,0.0005601646341731,18,0,0,Low Risk
C002417,23,12640.249999999998,1,0,1,1,0.0434782608695652,0.0434782608695652,High Risk (Fraud & Rules),0.044677454182209274,0.9999999999999998,23,1,1,"High Risk (Fraud, Rules & Model)"
C002418,22,2287.58,0,0,0,0,0.0,0.0,Low Risk,0.0008581317408424819,0.0032073914756907,22,0,0,Low Risk
C002419,22,1689.98,0,0,0,0,0.0,0.0,Low Risk,0.0006175616291816826,0.003008307656708,22,0,0,Low Risk
C002420,49,3776.9,18,11,0,11,0.3673469387755102,0.2244897959183673,High Risk (Fraud & Rules),0.7800915221349068,0.9999904694322445,49,18,11,"High Risk (Fraud, Rules & Model)"
C002421,22,1518.0,0,0,0,0,0.0,0.0,Low Risk,0.000634082890830339,0.0042891532333075,22,0,0,Low Risk
C002422,18,1614.48,0,0,0,0,0.0,0.0,Low Risk,0.00012274501612231199,0.0004917691762365,18,0,0,Low Risk
C002423,22,1714.23,0,0,0,0,0.0,0.0,Low Risk,0.0005531633487443107,0.0022878618627645,22,0,0,Low Risk
C002424,23,11778.32,1,0,1,1,0.0434782608695652,0.0434782608695652,High Risk (Fraud & Rules),0.04546189149725752,0.9999999999999956,23,1,1,"High Risk (Fraud, Rules & Model)"
C002425,20,1650.7,0,0,0,0,0.0,0.0,Low Risk,0.00040471546642759993,0.001871991028058,20,0,0,Low Risk
C002426,19,1956.97,0,0,0,0,0.0,0.0,Low Risk,0.00034904123588403336,0.0015439616052081,19,0,0,Low Risk
C002427,25,2301.91,0,0,0,0,0.0,0.0,Low Risk,0.0040013358627625905,0.0205267418096644,25,0,0,Low Risk
C002428,15,1752.72,0,0,0,0,0.0,0.0,Low Risk,2.4296494887905798e-05,8.83355519848554e-05,15,0,0,Low Risk
C002429,18,7899.05,1,0,1,1,0.0555555555555555,0.0555555555555555,High Risk (Fraud & Rules),0.055586758675483045,0.9999999657878594,18,1,1,"High Risk (Fraud, Rules & Model)"
C002430,18,1631.43,0,0,0,0,0.0,0.0,Low Risk,0.00018562269651832347,0.0009808741664286,18,0,0,Low Risk
C002431,20,2238.17,0,0,0,0,0.0,0.0,Low Risk,0.0004464635068987102,0.0032913283352625,20,0,0,Low Risk
C002432,9,615.22,0,0,0,0,0.0,0.0,Low Risk,2.1660275277415453e-06,9.652930774981917e-06,9,0,0,Low Risk
C002433,26,2095.22,0,0,0,0,0.0,0.0,Low Risk,0.0069090040465954105,0.0383377038151311,26,0,0,Low Risk
C002434,15,541.77,0,0,0,0,0.0,0.0,Low Risk,3.339459302419215e-05,9.909334611909872e-05,15,0,0,Low Risk
C002435,16,1836.06,0,0,0,0,0.0,0.0,Low Risk,5.326559140567662e-05,0.0002178370716104,16,0,0,Low Risk
C002436,17,1056.02,0,0,0,0,0.0,0.0,Low Risk,0.00012221945214642462,0.0003322634778972,17,0,0,Low Risk
C002437,17,1762.14,0,0,0,0,0.0,0.0,Low Risk,5.947295982982212e-05,0.0003055933132592,17,0,0,Low Risk
C002438,21,2344.29,0,0,0,0,0.0,0.0,Low Risk,0.0008727363781809972,0.003514103841288,21,0,0,Low Risk
C002439,21,1355.34,0,0,0,0,0.0,0.0,Low Risk,0.0007140889050597853,0.002215785809283,21,0,0,Low Risk
C002440,20,1462.8,0,0,0,0,0.0,0.0,Low Risk,0.00048190882825710827,0.001297183325688,20,0,0,Low Risk
C002441,17,1486.95,0,0,0,0,0.0,0.0,Low Risk,0.00010152921499642324,0.0006983826871033,17,0,0,Low Risk
C002442,23,1053.61,0,0,0,0,0.0,0.0,Low Risk,0.001936229603944143,0.005067851901466,23,0,0,Low Risk
C002443,14,1478.72,0,0,0,0,0.0,0.0,Low Risk,1.5120497048161464e-05,7.130156347375022e-05,14,0,0,Low Risk
C002444,15,6991.6,1,0,1,1,0.0666666666666666,0.0666666666666666,High Risk (Fraud & Rules),0.06667482368488645,0.9999991600143238,15,1,1,"High Risk (Fraud, Rules & Model)"
C002445,21,1592.11,0,0,0,0,0.0,0.0,Low Risk,0.0008013128896469417,0.0037523371176479,21,0,0,Low Risk
C002446,17,1865.55,0,0,0,0,0.0,0.0,Low Risk,8.422984822578221e-05,0.0003329784267369,17,0,0,Low Risk
C002447,30,2292.06,0,0,0,0,0.0,0.0,Low Risk,0.04012112947736645,0.3619977955335616,30,0,0,Low Risk
C002448,24,2047.13,0,0,0,0,0.0,0.0,Low Risk,0.0026766740101166406,0.009696503030362,24,0,0,Low Risk
C002449,21,1642.18,0,0,0,0,0.0,0.0,Low Risk,0.000763754535295153,0.0022930281366784,21,0,0,Low Risk
C002450,27,2450.4300000000003,0,0,0,0,0.0,0.0,Low Risk,0.012997129663508118,0.0554635942114507,27,0,0,Low Risk
C002451,17,1256.86,0,0,0,0,0.0,0.0,Low Risk,9.700912783475514e-05,0.0002480674354211,17,0,0,Low Risk
C002452,17,1449.11,0,0,0,0,0.0,0.0,Low Risk,0.00013372319230727108,0.0002899804438982,17,0,0,Low Risk
C002453,20,2201.12,0,0,0,0,0.0,0.0,Low Risk,0.00025585565206072837,0.0007740540934947,20,0,0,Low Risk
C002454,23,11695.65,1,0,1,1,0.0434782608695652,0.0434782608695652,High Risk (Fraud & Rules),0.04461786868660636,0.9999999999999988,23,1,1,"High Risk (Fraud, Rules & Model)"
C002455,21,2057.77,0,0,0,0,0.0,0.0,Low Risk,0.0006076604825221299,0.0029240835155813,21,0,0,Low Risk
C002456,20,1875.48,0,0,0,0,0.0,0.0,Low Risk,0.0004606093864626206,0.0014915737525071,20,0,0,Low Risk
C002457,11,758.2099999999999,0,0,0,0,0.0,0.0,Low Risk,2.450124168244541e-06,1.9849607740510127e-05,11,0,0,Low Risk
C002458,11,1032.27,0,0,0,0,0.0,0.0,Low Risk,6.131589783763401e-06,2.1587995839737236e-05,11,0,0,Low Risk
C002459,17,12995.83,1,0,1,1,0.0588235294117647,0.0588235294117647,High Risk (Fraud & Rules),0.05882844841686235,0.9999999999999972,17,1,1,"High Risk (Fraud, Rules & Model)"
C002460,25,1804.68,0,0,0,0,0.0,0.0,Low Risk,0.0036644130899348626,0.0146753384644352,25,0,0,Low Risk
C002461,14,1170.65,0,0,0,0,0.0,0.0,Low Risk,1.4779890382679782e-05,6.926463626554857e-05,14,0,0,Low Risk
C002462,33,1922.02,0,0,0,0,0.0,0.0,Low Risk,0.09266933323867939,0.4269338790940105,33,0,0,Low Risk
C002463,22,13021.5,1,0,1,1,0.0454545454545454,0.0454545454545454,High Risk (Fraud & Rules),0.049879415222499474,0.9999999999999932,22,1,1,"High Risk (Fraud, Rules & Model)"
C002464,17,1528.09,0,0,0,0,0.0,0.0,Low Risk,8.596350118257312e-05,0.0002840012869825,17,0,0,Low Risk
C002465,21,1607.7,0,0,0,0,0.0,0.0,Low Risk,0.000631212418829605,0.0016666629337279,21,0,0,Low Risk
C002466,17,1566.55,0,0,0,0,0.0,0.0,Low Risk,0.00010661486541176515,0.0004241280055347,17,0,0,Low Risk
C002467,23,1975.99,0,0,0,0,0.0,0.0,Low Risk,0.001738716812568732,0.0047942639449781,23,0,0,Low Risk
C002468,27,2063.53,0,0,0,0,0.0,0.0,Low Risk,0.007088553540748153,0.029612422200594,27,0,0,Low Risk
C002469,23,1884.55,0,0,0,0,0.0,0.0,Low Risk,0.0016825124611822384,0.0053372675104259,23,0,0,Low Risk
C002470,18,1149.56,0,0,0,0,0.0,0.0,Low Risk,0.0001341341686301479,0.0006022618653558,18,0,0,Low Risk
C002471,23,2758.61,0,0,0,0,0.0,0.0,Low Risk,0.0018204426996269508,0.0066916152659456,23,0,0,Low Risk
C002472,13,1137.95,0,0,0,0,0.0,0.0,Low Risk,1.8458289244943808e-05,6.538446118760035e-05,13,0,0,Low Risk
C002473,12,549.99,0,0,0,0,0.0,0.0,Low Risk,1.0045158285311552e-05,3.605455012298735e-05,12,0,0,Low Risk
C002474,13,1074.59,0,0,0,0,0.0,0.0,Low Risk,2.0585119988390196e-05,5.38556444362588e-05,13,0,0,Low Risk
C002475,23,1558.79,0,0,0,0,0.0,0.0,Low Risk,0.0010945973574788934,0.005173043072806,23,0,0,Low Risk
C002476,32,3051.28,0,0,0,0,0.0,0.0,Low Risk,0.09515443431406388,0.307795217936771,32,0,0,Low Risk
C002477,16,923.29,0,0,0,0,0.0,0.0,Low Risk,4.0927093376787595e-05,0.0002075114504807,16,0,0,Low Risk
C002478,28,1815.49,0,0,0,0,0.0,0.0,Low Risk,0.015286863241606417,0.0620612102888055,28,0,0,Low Risk
C002479,24,1643.28,0,0,0,0,0.0,0.0,Low Risk,0.002800410436119451,0.0085049058476767,24,0,0,Low Risk
C002480,25,13108.19,1,0,1,1,0.04,0.04,High Risk (Fraud & Rules),0.044722587450738906,1.0,25,1,1,"High Risk (Fraud, Rules & Model)"
C002481,26,1486.27,0,0,0,0,0.0,0.0,Low Risk,0.0065033238587594595,0.0209966698729695,26,0,0,Low Risk
C002482,24,1593.88,0,0,0,0,0.0,0.0,Low Risk,0.002189860476977952,0.0098149059802474,24,0,0,Low Risk
C002483,23,2413.07,0,0,0,0,0.0,0.0,Low Risk,0.002491717952098264,0.0086831229804136,23,0,0,Low Risk
C002484,20,1187.13,0,0,0,0,0.0,0.0,Low Risk,0.00023408743921636237,0.0009237819763405,20,0,0,Low Risk
C002485,18,921.66,0,0,0,0,0.0,0.0,Low Risk,0.00025782247345531467,0.0004935528778821,18,0,0,Low Risk
C002486,17,1220.55,0,0,0,0,0.0,0.0,Low Risk,8.674940689446519e-05,0.0003076576515817,17,0,0,Low Risk
C002487,17,2472.94,0,0,0,0,0.0,0.0,Low Risk,3.1025357028245986e-05,0.0001252037273541,17,0,0,Low Risk
C002488,14,625.7,0,0,0,0,0.0,0.0,Low Risk,3.055483724406583e-05,9.596991047669034e-05,14,0,0,Low Risk
C002489,22,1707.83,0,0,0,0,0.0,0.0,Low Risk,0.0006118348495571835,0.0030066108930248,22,0,0,Low Risk
C002490,46,3099.94,18,11,0,11,0.391304347826087,0.2391304347826087,High Risk (Fraud & Rules),0.7429609785702548,0.9999545100948236,46,18,11,"High Risk (Fraud, Rules & Model)"
C002491,23,1614.53,0,0,0,0,0.0,0.0,Low Risk,0.0021203680044807366,0.0049766758221911,23,0,0,Low Risk
C002492,26,1421.27,0,0,0,0,0.0,0.0,Low Risk,0.004230705848476939,0.0162620597397171,26,0,0,Low Risk
C002493,24,1487.97,0,0,0,0,0.0,0.0,Low Risk,0.0014821789122209826,0.0161761756284047,24,0,0,Low Risk
C002494,23,2755.16,0,0,0,0,0.0,0.0,Low Risk,0.0019446841679095408,0.0131660058381804,23,0,0,Low Risk
C002495,23,1636.57,0,0,0,0,0.0,0.0,Low Risk,0.0014586269942231708,0.0042067981085285,23,0,0,Low Risk
C002496,20,1647.51,0,0,0,0,0.0,0.0,Low Risk,0.0003513949332321011,0.0020718872719293,20,0,0,Low Risk
C002497,19,1145.76,0,0,0,0,0.0,0.0,Low Risk,0.00020936220122121622,0.0007124332756466,19,0,0,Low Risk
C002498,26,10857.03,1,0,1,1,0.0384615384615384,0.0384615384615384,High Risk (Fraud & Rules),0.045716635403694424,0.9999999999999758,26,1,1,"High Risk (Fraud, Rules & Model)"
C002499,22,1411.71,0,0,0,0,0.0,0.0,Low Risk,0.0007083543974451679,0.0033270774929011,22,0,0,Low Risk
C002500,26,2010.65,0,0,0,0,0.0,0.0,Low Risk,0.005462281879026783,0.0187462901243991,26,0,0,Low Risk
