card_id,tx_count,total_amount,fraud_tx,velocity_hits,high_amount_hits,any_rule_hits,fraud_rate_card,rule_hit_rate,status
C000001,18,985.11,0,0,0,0,0.0,0.0,Low Risk
C000002,22,912.64,0,0,0,0,0.0,0.0,Low Risk
C000003,17,682.78,0,0,0,0,0.0,0.0,Low Risk
C000004,29,1620.39,0,0,0,0,0.0,0.0,Low Risk
C000005,13,1129.93,0,0,0,0,0.0,0.0,Low Risk
C000006,16,1437.85,0,0,0,0,0.0,0.0,Low Risk
C000007,18,2423.67,0,0,0,0,0.0,0.0,Low Risk
C000008,27,1821.79,0,0,0,0,0.0,0.0,Low Risk
C000009,16,1721.79,0,0,0,0,0.0,0.0,Low Risk
C000010,28,2055.17,0,0,0,0,0.0,0.0,Low Risk
C000011,26,2157.28,0,0,0,0,0.0,0.0,Low Risk
C000012,19,1498.15,0,0,0,0,0.0,0.0,Low Risk
C000013,23,1955.34,0,0,0,0,0.0,0.0,Low Risk
C000014,23,1989.77,0,0,0,0,0.0,0.0,Low Risk
C000015,29,1757.26,0,0,0,0,0.0,0.0,Low Risk
C000016,25,2251.7400000000002,0,0,0,0,0.0,0.0,Low Risk
C000017,21,2159.13,0,0,0,0,0.0,0.0,Low Risk
C000018,14,1002.0699999999999,0,0,0,0,0.0,0.0,Low Risk
C000019,20,2763.75,0,0,0,0,0.0,0.0,Low Risk
C000020,18,1665.74,0,0,0,0,0.0,0.0,Low Risk
C000021,15,1119.16,0,0,0,0,0.0,0.0,Low Risk
C000022,15,1310.97,0,0,0,0,0.0,0.0,Low Risk
C000023,25,1514.94,0,0,0,0,0.0,0.0,Low Risk
C000024,17,1870.35,0,0,0,0,0.0,0.0,Low Risk
C000025,21,1623.71,0,0,0,0,0.0,0.0,Low Risk
C000026,22,1951.12,0,0,0,0,0.0,0.0,Low Risk
C000027,21,2626.01,0,0,0,0,0.0,0.0,Low Risk
C000028,28,2425.18,0,0,0,0,0.0,0.0,Low Risk
C000029,18,1321.1599999999999,0,0,0,0,0.0,0.0,Low Risk
C000030,16,1705.5,0,0,0,0,0.0,0.0,Low Risk
C000031,22,1839.53,0,0,0,0,0.0,0.0,Low Risk
C000032,18,1608.16,0,0,0,0,0.0,0.0,Low Risk
C000033,15,1255.5,0,0,0,0,0.0,0.0,Low Risk
C000034,17,5460.3099999999995,1,0,0,0,0.058823529411764705,0.0,Low Risk
C000035,21,1595.38,0,0,0,0,0.0,0.0,Low Risk
C000036,23,1981.17,0,0,0,0,0.0,0.0,Low Risk
C000037,27,2463.71,0,0,0,0,0.0,0.0,Low Risk
C000038,25,1735.09,0,0,0,0,0.0,0.0,Low Risk
C000039,23,1459.34,0,0,0,0,0.0,0.0,Low Risk
C000040,18,1528.59,0,0,0,0,0.0,0.0,Low Risk
C000041,22,1867.3899999999999,0,0,0,0,0.0,0.0,Low Risk
C000042,21,934.24,0,0,0,0,0.0,0.0,Low Risk
C000043,17,1638.3799999999999,0,0,0,0,0.0,0.0,Low Risk
C000044,20,1361.19,0,0,0,0,0.0,0.0,Low Risk
C000045,20,1397.3899999999999,0,0,0,0,0.0,0.0,Low Risk
C000046,22,1941.25,0,0,0,0,0.0,0.0,Low Risk
C000047,13,1211.3,0,0,0,0,0.0,0.0,Low Risk
C000048,17,1206.45,0,0,0,0,0.0,0.0,Low Risk
C000049,17,2935.85,0,0,0,0,0.0,0.0,Low Risk
C000050,15,789.98,0,0,0,0,0.0,0.0,Low Risk
C000051,16,1098.01,0,0,0,0,0.0,0.0,Low Risk
C000052,23,2422.59,0,0,0,0,0.0,0.0,Low Risk
C000053,23,2015.07,0,0,0,0,0.0,0.0,Low Risk
C000054,18,1419.88,0,0,0,0,0.0,0.0,Low Risk
C000055,20,1236.5,0,0,0,0,0.0,0.0,Low Risk
C000056,21,2580.68,0,0,0,0,0.0,0.0,Low Risk
C000057,23,1814.17,0,0,0,0,0.0,0.0,Low Risk
C000058,20,2212.66,0,0,0,0,0.0,0.0,Low Risk
C000059,24,2927.94,0,0,0,0,0.0,0.0,Low Risk
C000060,29,3921.2,0,0,0,0,0.0,0.0,Low Risk
C000061,22,1217.28,0,0,0,0,0.0,0.0,Low Risk
C000062,20,8245.34,1,0,1,1,0.05,0.05,High Risk (Fraud & Rules)
C000063,15,905.55,0,0,0,0,0.0,0.0,Low Risk
C000064,22,1472.03,0,0,0,0,0.0,0.0,Low Risk
C000065,18,1752.27,0,0,0,0,0.0,0.0,Low Risk
C000066,21,2420.3,0,0,0,0,0.0,0.0,Low Risk
C000067,19,1562.41,0,0,0,0,0.0,0.0,Low Risk
C000068,41,3124.17,11,5,0,5,0.2682926829268293,0.12195121951219512,High Risk (Fraud & Rules)
C000069,12,934.5699999999999,0,0,0,0,0.0,0.0,Low Risk
C000070,19,1104.49,0,0,0,0,0.0,0.0,Low Risk
C000071,16,1006.27,0,0,0,0,0.0,0.0,Low Risk
C000072,14,1694.26,0,0,0,0,0.0,0.0,Low Risk
C000073,21,2176.91,0,0,0,0,0.0,0.0,Low Risk
C000074,16,882.22,0,0,0,0,0.0,0.0,Low Risk
C000075,26,2560.85,0,0,0,0,0.0,0.0,Low Risk
C000076,21,1771.26,0,0,0,0,0.0,0.0,Low Risk
C000077,14,805.55,0,0,0,0,0.0,0.0,Low Risk
C000078,27,1994.0,0,0,0,0,0.0,0.0,Low Risk
C000079,20,2741.78,0,0,0,0,0.0,0.0,Low Risk
C000080,23,1407.25,0,0,0,0,0.0,0.0,Low Risk
C000081,20,1959.79,0,0,0,0,0.0,0.0,Low Risk
C000082,9,574.32,0,0,0,0,0.0,0.0,Low Risk
C000083,18,1324.66,0,0,0,0,0.0,0.0,Low Risk
C000084,19,1533.43,0,0,0,0,0.0,0.0,Low Risk
C000085,17,779.86,0,0,0,0,0.0,0.0,Low Risk
C000086,25,2638.19,0,0,0,0,0.0,0.0,Low Risk
C000087,22,2764.61,0,0,0,0,0.0,0.0,Low Risk
C000088,28,3292.05,0,0,0,0,0.0,0.0,Low Risk
C000089,25,2710.82,0,0,0,0,0.0,0.0,Low Risk
C000090,24,1978.1,0,0,0,0,0.0,0.0,Low Risk
C000091,27,2129.83,0,0,0,0,0.0,0.0,Low Risk
C000092,23,2368.82,0,0,0,0,0.0,0.0,Low Risk
C000093,25,1437.99,0,0,0,0,0.0,0.0,Low Risk
C000094,23,2261.9,0,0,0,0,0.0,0.0,Low Risk
C000095,17,1128.74,0,0,0,0,0.0,0.0,Low Risk
C000096,19,1852.31,0,0,0,0,0.0,0.0,Low Risk
C000097,21,1868.88,0,0,0,0,0.0,0.0,Low Risk
C000098,29,13130.65,1,0,1,1,0.034482758620689655,0.034482758620689655,High Risk (Fraud & Rules)
C000099,17,1341.3799999999999,0,0,0,0,0.0,0.0,Low Risk
C000100,20,1914.32,0,0,0,0,0.0,0.0,Low Risk
C000101,21,1329.28,0,0,0,0,0.0,0.0,Low Risk
C000102,26,3123.73,0,0,0,0,0.0,0.0,Low Risk
C000103,21,1576.61,0,0,0,0,0.0,0.0,Low Risk
C000104,13,5390.18,1,0,0,0,0.07692307692307693,0.0,Low Risk
C000105,13,1094.48,0,0,0,0,0.0,0.0,Low Risk
C000106,22,1424.04,0,0,0,0,0.0,0.0,Low Risk
C000107,21,1181.08,0,0,0,0,0.0,0.0,Low Risk
C000108,22,2109.85,0,0,0,0,0.0,0.0,Low Risk
C000109,19,2588.11,0,0,0,0,0.0,0.0,Low Risk
C000110,25,11716.82,1,0,1,1,0.04,0.04,High Risk (Fraud & Rules)
C000111,23,1703.05,0,0,0,0,0.0,0.0,Low Risk
C000112,24,2670.95,0,0,0,0,0.0,0.0,Low Risk
C000113,22,1596.62,0,0,0,0,0.0,0.0,Low Risk
C000114,22,1689.3899999999999,0,0,0,0,0.0,0.0,Low Risk
C000115,18,1685.06,0,0,0,0,0.0,0.0,Low Risk
C000116,11,805.54,0,0,0,0,0.0,0.0,Low Risk
C000117,26,3092.9,0,0,0,0,0.0,0.0,Low Risk
C000118,19,2212.35,0,0,0,0,0.0,0.0,Low Risk
C000119,26,2019.47,0,0,0,0,0.0,0.0,Low Risk
C000120,10,1214.79,0,0,0,0,0.0,0.0,Low Risk
C000121,15,1110.07,0,0,0,0,0.0,0.0,Low Risk
C000122,17,2206.36,0,0,0,0,0.0,0.0,Low Risk
C000123,23,1465.57,0,0,0,0,0.0,0.0,Low Risk
C000124,15,1547.01,0,0,0,0,0.0,0.0,Low Risk
C000125,17,1222.38,0,0,0,0,0.0,0.0,Low Risk
C000126,16,1651.0900000000001,0,0,0,0,0.0,0.0,Low Risk
C000127,22,1677.97,0,0,0,0,0.0,0.0,Low Risk
C000128,20,2082.7,0,0,0,0,0.0,0.0,Low Risk
C000129,22,1445.87,0,0,0,0,0.0,0.0,Low Risk
C000130,28,9212.65,1,0,1,1,0.03571428571428571,0.03571428571428571,High Risk (Fraud & Rules)
C000131,25,9278.37,1,0,1,1,0.04,0.04,High Risk (Fraud & Rules)
C000132,15,896.3,0,0,0,0,0.0,0.0,Low Risk
C000133,18,1599.92,0,0,0,0,0.0,0.0,Low Risk
C000134,20,1488.83,0,0,0,0,0.0,0.0,Low Risk
C000135,19,1256.63,0,0,0,0,0.0,0.0,Low Risk
C000136,23,1668.47,0,0,0,0,0.0,0.0,Low Risk
C000137,25,1250.1200000000001,0,0,0,0,0.0,0.0,Low Risk
C000138,17,1054.16,0,0,0,0,0.0,0.0,Low Risk
C000139,29,2082.74,0,0,0,0,0.0,0.0,Low Risk
C000140,18,1311.8500000000001,0,0,0,0,0.0,0.0,Low Risk
C000141,22,1680.1299999999999,0,0,0,0,0.0,0.0,Low Risk
C000142,16,1644.84,0,0,0,0,0.0,0.0,Low Risk
C000143,16,683.42,0,0,0,0,0.0,0.0,Low Risk
C000144,26,1358.72,0,0,0,0,0.0,0.0,Low Risk
C000145,16,1616.74,0,0,0,0,0.0,0.0,Low Risk
C000146,20,2513.21,0,0,0,0,0.0,0.0,Low Risk
C000147,23,1582.46,0,0,0,0,0.0,0.0,Low Risk
C000148,18,1582.73,0,0,0,0,0.0,0.0,Low Risk
C000149,26,2610.15,0,0,0,0,0.0,0.0,Low Risk
C000150,27,1963.91,0,0,0,0,0.0,0.0,Low Risk
C000151,12,1230.22,0,0,0,0,0.0,0.0,Low Risk
C000152,36,2483.66,0,0,0,0,0.0,0.0,Low Risk
C000153,17,1995.77,0,0,0,0,0.0,0.0,Low Risk
C000154,21,1959.7,0,0,0,0,0.0,0.0,Low Risk
C000155,21,13340.220000000001,1,0,1,1,0.047619047619047616,0.047619047619047616,High Risk (Fraud & Rules)
C000156,14,1130.21,0,0,0,0,0.0,0.0,Low Risk
C000157,19,1274.8799999999999,0,0,0,0,0.0,0.0,Low Risk
C000158,15,1740.1599999999999,0,0,0,0,0.0,0.0,Low Risk
C000159,19,1265.15,0,0,0,0,0.0,0.0,Low Risk
C000160,21,1456.44,0,0,0,0,0.0,0.0,Low Risk
C000161,16,1163.45,0,0,0,0,0.0,0.0,Low Risk
C000162,19,1394.95,0,0,0,0,0.0,0.0,Low Risk
C000163,18,7282.43,1,0,1,1,0.05555555555555555,0.05555555555555555,High Risk (Fraud & Rules)
C000164,15,1262.27,0,0,0,0,0.0,0.0,Low Risk
C000165,12,1708.97,0,0,0,0,0.0,0.0,Low Risk
C000166,27,2399.8,0,0,0,0,0.0,0.0,Low Risk
C000167,22,2135.39,0,0,0,0,0.0,0.0,Low Risk
C000168,20,2085.52,0,0,0,0,0.0,0.0,Low Risk
C000169,20,1389.28,0,0,0,0,0.0,0.0,Low Risk
C000170,16,1577.41,0,0,0,0,0.0,0.0,Low Risk
C000171,19,1109.18,0,0,0,0,0.0,0.0,Low Risk
C000172,23,1936.65,0,0,0,0,0.0,0.0,Low Risk
C000173,19,1374.0,0,0,0,0,0.0,0.0,Low Risk
C000174,23,1282.1100000000001,0,0,0,0,0.0,0.0,Low Risk
C000175,20,1198.16,0,0,0,0,0.0,0.0,Low Risk
C000176,18,1529.8600000000001,0,0,0,0,0.0,0.0,Low Risk
C000177,25,1814.0,0,0,0,0,0.0,0.0,Low Risk
C000178,21,1758.49,0,0,0,0,0.0,0.0,Low Risk
C000179,18,1771.8,0,0,0,0,0.0,0.0,Low Risk
C000180,25,1585.8,0,0,0,0,0.0,0.0,Low Risk
C000181,14,1107.85,0,0,0,0,0.0,0.0,Low Risk
C000182,14,986.09,0,0,0,0,0.0,0.0,Low Risk
C000183,18,1138.22,0,0,0,0,0.0,0.0,Low Risk
C000184,22,1404.19,0,0,0,0,0.0,0.0,Low Risk
C000185,19,1892.6399999999999,0,0,0,0,0.0,0.0,Low Risk
C000186,24,1462.26,0,0,0,0,0.0,0.0,Low Risk
C000187,17,1685.84,0,0,0,0,0.0,0.0,Low Risk
C000188,20,1794.69,0,0,0,0,0.0,0.0,Low Risk
C000189,17,1340.1100000000001,0,0,0,0,0.0,0.0,Low Risk
C000190,21,1441.18,0,0,0,0,0.0,0.0,Low Risk
C000191,15,1148.5,0,0,0,0,0.0,0.0,Low Risk
C000192,22,1371.02,0,0,0,0,0.0,0.0,Low Risk
C000193,18,976.74,0,0,0,0,0.0,0.0,Low Risk
C000194,23,1424.84,0,0,0,0,0.0,0.0,Low Risk
C000195,12,1200.8899999999999,0,0,0,0,0.0,0.0,Low Risk
C000196,23,1761.6399999999999,0,0,0,0,0.0,0.0,Low Risk
C000197,17,10941.909999999998,1,0,1,1,0.058823529411764705,0.058823529411764705,High Risk (Fraud & Rules)
C000198,24,1603.8100000000002,0,0,0,0,0.0,0.0,Low Risk
C000199,16,1083.57,0,0,0,0,0.0,0.0,Low Risk
C000200,20,1604.3899999999999,0,0,0,0,0.0,0.0,Low Risk
C000201,22,2423.01,0,0,0,0,0.0,0.0,Low Risk
C000202,17,1339.93,0,0,0,0,0.0,0.0,Low Risk
C000203,20,1213.46,0,0,0,0,0.0,0.0,Low Risk
C000204,19,1798.22,0,0,0,0,0.0,0.0,Low Risk
C000205,18,875.76,0,0,0,0,0.0,0.0,Low Risk
C000206,15,1427.62,0,0,0,0,0.0,0.0,Low Risk
C000207,24,1197.64,0,0,0,0,0.0,0.0,Low Risk
C000208,25,1692.27,0,0,0,0,0.0,0.0,Low Risk
C000209,18,1486.0900000000001,0,0,0,0,0.0,0.0,Low Risk
C000210,20,1777.8899999999999,0,0,0,0,0.0,0.0,Low Risk
C000211,15,925.2,0,0,0,0,0.0,0.0,Low Risk
C000212,16,1227.53,0,0,0,0,0.0,0.0,Low Risk
C000213,24,1744.32,0,0,0,0,0.0,0.0,Low Risk
C000214,13,1309.84,0,0,0,0,0.0,0.0,Low Risk
C000215,25,1793.96,0,0,0,0,0.0,0.0,Low Risk
C000216,17,1348.65,0,0,0,0,0.0,0.0,Low Risk
C000217,21,1814.61,0,0,0,0,0.0,0.0,Low Risk
C000218,17,721.2,0,0,0,0,0.0,0.0,Low Risk
C000219,17,811.89,0,0,0,0,0.0,0.0,Low Risk
C000220,21,1454.56,0,0,0,0,0.0,0.0,Low Risk
C000221,19,1343.27,0,0,0,0,0.0,0.0,Low Risk
C000222,19,1827.97,0,0,0,0,0.0,0.0,Low Risk
C000223,23,2099.76,0,0,0,0,0.0,0.0,Low Risk
C000224,24,1496.55,0,0,0,0,0.0,0.0,Low Risk
C000225,19,2073.02,0,0,0,0,0.0,0.0,Low Risk
C000226,28,2083.42,0,0,0,0,0.0,0.0,Low Risk
C000227,19,2518.09,0,0,0,0,0.0,0.0,Low Risk
C000228,13,1563.94,0,0,0,0,0.0,0.0,Low Risk
C000229,15,789.96,0,0,0,0,0.0,0.0,Low Risk
C000230,17,1885.87,0,0,0,0,0.0,0.0,Low Risk
C000231,14,1326.7099999999998,0,0,0,0,0.0,0.0,Low Risk
C000232,21,1054.2,0,0,0,0,0.0,0.0,Low Risk
C000233,15,1099.52,0,0,0,0,0.0,0.0,Low Risk
C000234,19,1714.6,0,0,0,0,0.0,0.0,Low Risk
C000235,15,1525.75,0,0,0,0,0.0,0.0,Low Risk
C000236,17,740.27,0,0,0,0,0.0,0.0,Low Risk
C000237,20,8032.54,1,0,1,1,0.05,0.05,High Risk (Fraud & Rules)
C000238,27,1380.58,0,0,0,0,0.0,0.0,Low Risk
C000239,21,2312.48,0,0,0,0,0.0,0.0,Low Risk
C000240,22,1757.56,0,0,0,0,0.0,0.0,Low Risk
C000241,16,1523.5,0,0,0,0,0.0,0.0,Low Risk
C000242,22,1104.42,0,0,0,0,0.0,0.0,Low Risk
C000243,19,1292.2,0,0,0,0,0.0,0.0,Low Risk
C000244,16,1024.2,0,0,0,0,0.0,0.0,Low Risk
C000245,17,1238.08,0,0,0,0,0.0,0.0,Low Risk
C000246,20,1240.54,0,0,0,0,0.0,0.0,Low Risk
C000247,16,1478.6,0,0,0,0,0.0,0.0,Low Risk
C000248,21,1503.26,0,0,0,0,0.0,0.0,Low Risk
C000249,11,851.37,0,0,0,0,0.0,0.0,Low Risk
C000250,18,1491.52,0,0,0,0,0.0,0.0,Low Risk
C000251,19,1513.5,0,0,0,0,0.0,0.0,Low Risk
C000252,19,1287.01,0,0,0,0,0.0,0.0,Low Risk
C000253,22,1758.54,0,0,0,0,0.0,0.0,Low Risk
C000254,20,1298.99,0,0,0,0,0.0,0.0,Low Risk
C000255,25,2082.56,0,0,0,0,0.0,0.0,Low Risk
C000256,23,1345.1200000000001,0,0,0,0,0.0,0.0,Low Risk
C000257,19,1277.6799999999998,0,0,0,0,0.0,0.0,Low Risk
C000258,32,3693.13,0,0,0,0,0.0,0.0,Low Risk
C000259,13,901.48,0,0,0,0,0.0,0.0,Low Risk
C000260,19,1592.8600000000001,0,0,0,0,0.0,0.0,Low Risk
C000261,21,1997.8500000000001,0,0,0,0,0.0,0.0,Low Risk
C000262,21,2130.63,0,0,0,0,0.0,0.0,Low Risk
C000263,15,1289.27,0,0,0,0,0.0,0.0,Low Risk
C000264,26,1870.47,0,0,0,0,0.0,0.0,Low Risk
C000265,24,2034.48,0,0,0,0,0.0,0.0,Low Risk
C000266,22,1202.99,0,0,0,0,0.0,0.0,Low Risk
C000267,24,1201.5,0,0,0,0,0.0,0.0,Low Risk
C000268,14,1381.66,0,0,0,0,0.0,0.0,Low Risk
C000269,26,1909.33,0,0,0,0,0.0,0.0,Low Risk
C000270,24,1574.48,0,0,0,0,0.0,0.0,Low Risk
C000271,26,1522.45,0,0,0,0,0.0,0.0,Low Risk
C000272,22,1536.92,0,0,0,0,0.0,0.0,Low Risk
C000273,25,2534.61,0,0,0,0,0.0,0.0,Low Risk
C000274,28,2241.48,0,0,0,0,0.0,0.0,Low Risk
C000275,18,1065.38,0,0,0,0,0.0,0.0,Low Risk
C000276,17,1519.26,0,0,0,0,0.0,0.0,Low Risk
C000277,24,1470.82,0,0,0,0,0.0,0.0,Low Risk
C000278,22,1484.72,0,0,0,0,0.0,0.0,Low Risk
C000279,22,1558.92,0,0,0,0,0.0,0.0,Low Risk
C000280,15,1124.36,0,0,0,0,0.0,0.0,Low Risk
C000281,31,1586.52,0,0,0,0,0.0,0.0,Low Risk
C000282,14,1110.65,0,0,0,0,0.0,0.0,Low Risk
C000283,23,1662.94,0,0,0,0,0.0,0.0,Low Risk
C000284,20,1527.19,0,0,0,0,0.0,0.0,Low Risk
C000285,21,967.2,0,0,0,0,0.0,0.0,Low Risk
C000286,21,1439.96,0,0,0,0,0.0,0.0,Low Risk
C000287,20,1887.97,0,0,0,0,0.0,0.0,Low Risk
C000288,18,1545.05,0,0,0,0,0.0,0.0,Low Risk
C000289,16,1506.69,0,0,0,0,0.0,0.0,Low Risk
C000290,20,1047.99,0,0,0,0,0.0,0.0,Low Risk
C000291,16,897.53,0,0,0,0,0.0,0.0,Low Risk
C000292,24,1572.23,0,0,0,0,0.0,0.0,Low Risk
C000293,19,2274.27,0,0,0,0,0.0,0.0,Low Risk
C000294,18,1420.93,0,0,0,0,0.0,0.0,Low Risk
C000295,16,1285.04,0,0,0,0,0.0,0.0,Low Risk
C000296,25,1900.63,0,0,0,0,0.0,0.0,Low Risk
C000297,25,1965.8,0,0,0,0,0.0,0.0,Low Risk
C000298,30,3507.9,0,0,0,0,0.0,0.0,Low Risk
C000299,21,1136.05,0,0,0,0,0.0,0.0,Low Risk
C000300,14,1240.37,0,0,0,0,0.0,0.0,Low Risk
C000301,18,1126.46,0,0,0,0,0.0,0.0,Low Risk
C000302,18,1193.59,0,0,0,0,0.0,0.0,Low Risk
C000303,21,980.9300000000001,0,0,0,0,0.0,0.0,Low Risk
C000304,10,565.46,0,0,0,0,0.0,0.0,Low Risk
C000305,19,1575.23,0,0,0,0,0.0,0.0,Low Risk
C000306,10,1134.81,0,0,0,0,0.0,0.0,Low Risk
C000307,13,1483.17,0,0,0,0,0.0,0.0,Low Risk
C000308,15,962.74,0,0,0,0,0.0,0.0,Low Risk
C000309,15,1194.3700000000001,0,0,0,0,0.0,0.0,Low Risk
C000310,27,2438.64,0,0,0,0,0.0,0.0,Low Risk
C000311,25,2505.79,0,0,0,0,0.0,0.0,Low Risk
C000312,17,2073.42,0,0,0,0,0.0,0.0,Low Risk
C000313,23,1683.0,0,0,0,0,0.0,0.0,Low Risk
C000314,13,760.75,0,0,0,0,0.0,0.0,Low Risk
C000315,24,1271.96,0,0,0,0,0.0,0.0,Low Risk
C000316,18,800.43,0,0,0,0,0.0,0.0,Low Risk
C000317,23,1244.41,0,0,0,0,0.0,0.0,Low Risk
C000318,27,2126.05,0,0,0,0,0.0,0.0,Low Risk
C000319,29,3741.63,0,0,0,0,0.0,0.0,Low Risk
C000320,21,2016.82,0,0,0,0,0.0,0.0,Low Risk
C000321,31,2346.1,0,0,0,0,0.0,0.0,Low Risk
C000322,16,1153.13,0,0,0,0,0.0,0.0,Low Risk
C000323,20,2585.83,0,0,0,0,0.0,0.0,Low Risk
C000324,23,2110.06,0,0,0,0,0.0,0.0,Low Risk
C000325,17,1306.4099999999999,0,0,0,0,0.0,0.0,Low Risk
C000326,14,7745.96,1,0,1,1,0.07142857142857142,0.07142857142857142,High Risk (Fraud & Rules)
C000327,16,1430.3300000000002,0,0,0,0,0.0,0.0,Low Risk
C000328,27,2137.64,0,0,0,0,0.0,0.0,Low Risk
C000329,12,1032.46,0,0,0,0,0.0,0.0,Low Risk
C000330,14,1148.02,0,0,0,0,0.0,0.0,Low Risk
C000331,24,1441.1,0,0,0,0,0.0,0.0,Low Risk
C000332,21,2340.93,0,0,0,0,0.0,0.0,Low Risk
C000333,14,2248.38,0,0,0,0,0.0,0.0,Low Risk
C000334,15,1541.83,0,0,0,0,0.0,0.0,Low Risk
C000335,18,1382.3899999999999,0,0,0,0,0.0,0.0,Low Risk
C000336,20,2231.78,0,0,0,0,0.0,0.0,Low Risk
C000337,19,5630.22,1,0,0,0,0.05263157894736842,0.0,Low Risk
C000338,24,2402.08,0,0,0,0,0.0,0.0,Low Risk
C000339,16,503.34,0,0,0,0,0.0,0.0,Low Risk
C000340,16,1843.71,0,0,0,0,0.0,0.0,Low Risk
C000341,15,1037.73,0,0,0,0,0.0,0.0,Low Risk
C000342,26,2020.2,0,0,0,0,0.0,0.0,Low Risk
C000343,26,1402.16,0,0,0,0,0.0,0.0,Low Risk
C000344,23,1821.37,0,0,0,0,0.0,0.0,Low Risk
C000345,18,1534.09,0,0,0,0,0.0,0.0,Low Risk
C000346,21,2052.27,0,0,0,0,0.0,0.0,Low Risk
C000347,24,2860.8,0,0,0,0,0.0,0.0,Low Risk
C000348,19,1333.8200000000002,0,0,0,0,0.0,0.0,Low Risk
C000349,20,3194.12,0,0,0,0,0.0,0.0,Low Risk
C000350,25,1989.8700000000001,0,0,0,0,0.0,0.0,Low Risk
C000351,30,7610.14,1,0,1,1,0.03333333333333333,0.03333333333333333,High Risk (Fraud & Rules)
C000352,13,652.97,0,0,0,0,0.0,0.0,Low Risk
C000353,26,13392.210000000001,1,0,1,1,0.038461538461538464,0.038461538461538464,High Risk (Fraud & Rules)
C000354,27,9809.89,1,0,1,1,0.037037037037037035,0.037037037037037035,High Risk (Fraud & Rules)
C000355,16,1666.24,0,0,0,0,0.0,0.0,Low Risk
C000356,21,1440.76,0,0,0,0,0.0,0.0,Low Risk
C000357,16,1566.98,0,0,0,0,0.0,0.0,Low Risk
C000358,24,1481.76,0,0,0,0,0.0,0.0,Low Risk
C000359,25,2019.6200000000001,0,0,0,0,0.0,0.0,Low Risk
C000360,24,1468.25,0,0,0,0,0.0,0.0,Low Risk
C000361,19,703.66,0,0,0,0,0.0,0.0,Low Risk
C000362,17,1163.16,0,0,0,0,0.0,0.0,Low Risk
C000363,23,2634.38,0,0,0,0,0.0,0.0,Low Risk
C000364,18,1765.59,0,0,0,0,0.0,0.0,Low Risk
C000365,23,2469.2,0,0,0,0,0.0,0.0,Low Risk
C000366,29,10726.95,1,0,1,1,0.034482758620689655,0.034482758620689655,High Risk (Fraud & Rules)
C000367,22,2131.68,0,0,0,0,0.0,0.0,Low Risk
C000368,17,1801.24,0,0,0,0,0.0,0.0,Low Risk
C000369,15,1746.8,0,0,0,0,0.0,0.0,Low Risk
C000370,26,1070.19,0,0,0,0,0.0,0.0,Low Risk
C000371,12,996.89,0,0,0,0,0.0,0.0,Low Risk
C000372,19,1862.84,0,0,0,0,0.0,0.0,Low Risk
C000373,11,1100.27,0,0,0,0,0.0,0.0,Low Risk
C000374,24,1272.1,0,0,0,0,0.0,0.0,Low Risk
C000375,22,1516.6,0,0,0,0,0.0,0.0,Low Risk
C000376,15,1244.44,0,0,0,0,0.0,0.0,Low Risk
C000377,16,8599.35,1,0,1,1,0.0625,0.0625,High Risk (Fraud & Rules)
C000378,14,2444.5499999999997,0,0,0,0,0.0,0.0,Low Risk
C000379,21,1902.63,0,0,0,0,0.0,0.0,Low Risk
C000380,21,2146.23,0,0,0,0,0.0,0.0,Low Risk
C000381,20,1904.51,0,0,0,0,0.0,0.0,Low Risk
C000382,23,2182.4,0,0,0,0,0.0,0.0,Low Risk
C000383,32,11360.14,1,0,1,1,0.03125,0.03125,High Risk (Fraud & Rules)
C000384,29,2733.25,0,0,0,0,0.0,0.0,Low Risk
C000385,21,2630.83,0,0,0,0,0.0,0.0,Low Risk
C000386,19,1540.77,0,0,0,0,0.0,0.0,Low Risk
C000387,22,1245.29,0,0,0,0,0.0,0.0,Low Risk
C000388,17,2184.6099999999997,0,0,0,0,0.0,0.0,Low Risk
C000389,15,1202.73,0,0,0,0,0.0,0.0,Low Risk
C000390,23,2191.62,0,0,0,0,0.0,0.0,Low Risk
C000391,18,2472.84,0,0,0,0,0.0,0.0,Low Risk
C000392,22,4021.72,0,0,0,0,0.0,0.0,Low Risk
C000393,25,1602.16,0,0,0,0,0.0,0.0,Low Risk
C000394,22,1632.45,0,0,0,0,0.0,0.0,Low Risk
C000395,20,1509.0,0,0,0,0,0.0,0.0,Low Risk
C000396,19,10371.32,1,0,1,1,0.05263157894736842,0.05263157894736842,High Risk (Fraud & Rules)
C000397,20,1148.96,0,0,0,0,0.0,0.0,Low Risk
C000398,24,1274.13,0,0,0,0,0.0,0.0,Low Risk
C000399,13,6210.89,1,0,0,0,0.07692307692307693,0.0,Low Risk
C000400,21,1639.6399999999999,0,0,0,0,0.0,0.0,Low Risk
C000401,31,2886.09,0,0,0,0,0.0,0.0,Low Risk
C000402,26,2589.92,0,0,0,0,0.0,0.0,Low Risk
C000403,19,1112.72,0,0,0,0,0.0,0.0,Low Risk
C000404,20,1449.15,0,0,0,0,0.0,0.0,Low Risk
C000405,18,963.4300000000001,0,0,0,0,0.0,0.0,Low Risk
C000406,24,1756.02,0,0,0,0,0.0,0.0,Low Risk
C000407,19,1220.95,0,0,0,0,0.0,0.0,Low Risk
C000408,26,1733.51,0,0,0,0,0.0,0.0,Low Risk
C000409,21,1897.73,0,0,0,0,0.0,0.0,Low Risk
C000410,22,2150.15,0,0,0,0,0.0,0.0,Low Risk
C000411,15,1681.49,0,0,0,0,0.0,0.0,Low Risk
C000412,19,1076.41,0,0,0,0,0.0,0.0,Low Risk
C000413,25,2244.36,0,0,0,0,0.0,0.0,Low Risk
C000414,45,2866.6,17,9,0,9,0.37777777777777777,0.2,High Risk (Fraud & Rules)
C000415,17,771.52,0,0,0,0,0.0,0.0,Low Risk
C000416,20,1039.98,0,0,0,0,0.0,0.0,Low Risk
C000417,20,848.46,0,0,0,0,0.0,0.0,Low Risk
C000418,14,1736.23,0,0,0,0,0.0,0.0,Low Risk
C000419,15,1669.81,0,0,0,0,0.0,0.0,Low Risk
C000420,22,1076.18,0,0,0,0,0.0,0.0,Low Risk
C000421,15,1069.52,0,0,0,0,0.0,0.0,Low Risk
C000422,18,1093.98,0,0,0,0,0.0,0.0,Low Risk
C000423,14,1340.37,0,0,0,0,0.0,0.0,Low Risk
C000424,21,1212.1100000000001,0,0,0,0,0.0,0.0,Low Risk
C000425,25,1648.53,0,0,0,0,0.0,0.0,Low Risk
C000426,20,1006.81,0,0,0,0,0.0,0.0,Low Risk
C000427,20,1950.74,0,0,0,0,0.0,0.0,Low Risk
C000428,15,1496.76,0,0,0,0,0.0,0.0,Low Risk
C000429,20,1516.1200000000001,0,0,0,0,0.0,0.0,Low Risk
C000430,23,1446.18,0,0,0,0,0.0,0.0,Low Risk
C000431,19,6175.740000000001,1,0,1,1,0.05263157894736842,0.05263157894736842,High Risk (Fraud & Rules)
C000432,14,1065.56,0,0,0,0,0.0,0.0,Low Risk
C000433,23,1755.1100000000001,0,0,0,0,0.0,0.0,Low Risk
C000434,25,2548.33,0,0,0,0,0.0,0.0,Low Risk
C000435,20,1274.81,0,0,0,0,0.0,0.0,Low Risk
C000436,19,1619.54,0,0,0,0,0.0,0.0,Low Risk
C000437,31,2247.13,0,0,0,0,0.0,0.0,Low Risk
C000438,26,2311.5,0,0,0,0,0.0,0.0,Low Risk
C000439,21,1597.91,0,0,0,0,0.0,0.0,Low Risk
C000440,19,1341.23,0,0,0,0,0.0,0.0,Low Risk
C000441,18,1162.29,0,0,0,0,0.0,0.0,Low Risk
C000442,22,2206.0,0,0,0,0,0.0,0.0,Low Risk
C000443,17,1299.05,0,0,0,0,0.0,0.0,Low Risk
C000444,18,1553.15,0,0,0,0,0.0,0.0,Low Risk
C000445,21,1386.45,0,0,0,0,0.0,0.0,Low Risk
C000446,24,2150.06,0,0,0,0,0.0,0.0,Low Risk
C000447,18,1250.26,0,0,0,0,0.0,0.0,Low Risk
C000448,17,1492.49,0,0,0,0,0.0,0.0,Low Risk
C000449,19,960.8199999999999,0,0,0,0,0.0,0.0,Low Risk
C000450,20,4082.68,0,0,0,0,0.0,0.0,Low Risk
C000451,24,1534.83,0,0,0,0,0.0,0.0,Low Risk
C000452,17,933.4,0,0,0,0,0.0,0.0,Low Risk
C000453,21,1751.03,0,0,0,0,0.0,0.0,Low Risk
C000454,20,1111.67,0,0,0,0,0.0,0.0,Low Risk
C000455,21,1834.32,0,0,0,0,0.0,0.0,Low Risk
C000456,13,852.45,0,0,0,0,0.0,0.0,Low Risk
C000457,13,726.78,0,0,0,0,0.0,0.0,Low Risk
C000458,21,1470.66,0,0,0,0,0.0,0.0,Low Risk
C000459,22,1336.5,0,0,0,0,0.0,0.0,Low Risk
C000460,13,592.88,0,0,0,0,0.0,0.0,Low Risk
C000461,24,2435.4,0,0,0,0,0.0,0.0,Low Risk
C000462,14,1262.79,0,0,0,0,0.0,0.0,Low Risk
C000463,38,10302.75,11,2,1,3,0.2894736842105263,0.07894736842105263,High Risk (Fraud & Rules)
C000464,24,11040.289999999999,1,0,1,1,0.041666666666666664,0.041666666666666664,High Risk (Fraud & Rules)
C000465,17,1360.89,0,0,0,0,0.0,0.0,Low Risk
C000466,12,779.18,0,0,0,0,0.0,0.0,Low Risk
C000467,20,1650.58,0,0,0,0,0.0,0.0,Low Risk
C000468,7,1244.1799999999998,0,0,0,0,0.0,0.0,Low Risk
C000469,52,3762.2400000000002,24,17,0,17,0.46153846153846156,0.3269230769230769,High Risk (Fraud & Rules)
C000470,24,1211.38,0,0,0,0,0.0,0.0,Low Risk
C000471,20,2216.4500000000003,0,0,0,0,0.0,0.0,Low Risk
C000472,18,2634.56,0,0,0,0,0.0,0.0,Low Risk
C000473,20,1237.51,0,0,0,0,0.0,0.0,Low Risk
C000474,22,1594.77,0,0,0,0,0.0,0.0,Low Risk
C000475,21,1466.18,0,0,0,0,0.0,0.0,Low Risk
C000476,24,2028.09,0,0,0,0,0.0,0.0,Low Risk
C000477,15,1045.96,0,0,0,0,0.0,0.0,Low Risk
C000478,11,603.39,0,0,0,0,0.0,0.0,Low Risk
C000479,15,1250.76,0,0,0,0,0.0,0.0,Low Risk
C000480,16,1048.96,0,0,0,0,0.0,0.0,Low Risk
C000481,22,1209.74,0,0,0,0,0.0,0.0,Low Risk
C000482,21,1811.16,0,0,0,0,0.0,0.0,Low Risk
C000483,19,1248.81,0,0,0,0,0.0,0.0,Low Risk
C000484,14,536.64,0,0,0,0,0.0,0.0,Low Risk
C000485,17,1312.46,0,0,0,0,0.0,0.0,Low Risk
C000486,15,791.72,0,0,0,0,0.0,0.0,Low Risk
C000487,22,1785.57,0,0,0,0,0.0,0.0,Low Risk
C000488,26,1905.68,0,0,0,0,0.0,0.0,Low Risk
C000489,27,3430.2,0,0,0,0,0.0,0.0,Low Risk
C000490,20,1546.23,0,0,0,0,0.0,0.0,Low Risk
C000491,12,728.74,0,0,0,0,0.0,0.0,Low Risk
C000492,21,3103.48,0,0,0,0,0.0,0.0,Low Risk
C000493,22,2125.56,0,0,0,0,0.0,0.0,Low Risk
C000494,9,741.88,0,0,0,0,0.0,0.0,Low Risk
C000495,28,2051.6,0,0,0,0,0.0,0.0,Low Risk
C000496,22,2240.45,0,0,0,0,0.0,0.0,Low Risk
C000497,22,2035.54,0,0,0,0,0.0,0.0,Low Risk
C000498,13,712.07,0,0,0,0,0.0,0.0,Low Risk
C000499,24,1309.9,0,0,0,0,0.0,0.0,Low Risk
C000500,29,2131.49,0,0,0,0,0.0,0.0,Low Risk
C000501,22,1526.48,0,0,0,0,0.0,0.0,Low Risk
C000502,19,11544.78,1,0,1,1,0.05263157894736842,0.05263157894736842,High Risk (Fraud & Rules)
C000503,21,1770.74,0,0,0,0,0.0,0.0,Low Risk
C000504,26,2048.3,0,0,0,0,0.0,0.0,Low Risk
C000505,23,1553.52,0,0,0,0,0.0,0.0,Low Risk
C000506,23,1884.24,0,0,0,0,0.0,0.0,Low Risk
C000507,23,1437.12,0,0,0,0,0.0,0.0,Low Risk
C000508,18,1143.99,0,0,0,0,0.0,0.0,Low Risk
C000509,17,1060.77,0,0,0,0,0.0,0.0,Low Risk
C000510,17,1443.91,0,0,0,0,0.0,0.0,Low Risk
C000511,25,1550.9099999999999,0,0,0,0,0.0,0.0,Low Risk
C000512,23,1768.71,0,0,0,0,0.0,0.0,Low Risk
C000513,18,11605.01,1,0,1,1,0.05555555555555555,0.05555555555555555,High Risk (Fraud & Rules)
C000514,17,1229.04,0,0,0,0,0.0,0.0,Low Risk
C000515,26,1652.03,0,0,0,0,0.0,0.0,Low Risk
C000516,16,1755.17,0,0,0,0,0.0,0.0,Low Risk
C000517,15,1296.09,0,0,0,0,0.0,0.0,Low Risk
C000518,19,1671.47,0,0,0,0,0.0,0.0,Low Risk
C000519,16,1214.34,0,0,0,0,0.0,0.0,Low Risk
C000520,17,1091.84,0,0,0,0,0.0,0.0,Low Risk
C000521,20,1529.88,0,0,0,0,0.0,0.0,Low Risk
C000522,17,1960.7,0,0,0,0,0.0,0.0,Low Risk
C000523,20,854.53,0,0,0,0,0.0,0.0,Low Risk
C000524,22,2118.07,0,0,0,0,0.0,0.0,Low Risk
C000525,27,2301.22,0,0,0,0,0.0,0.0,Low Risk
C000526,23,1638.98,0,0,0,0,0.0,0.0,Low Risk
C000527,16,1070.8400000000001,0,0,0,0,0.0,0.0,Low Risk
C000528,15,1232.18,0,0,0,0,0.0,0.0,Low Risk
C000529,22,1371.2,0,0,0,0,0.0,0.0,Low Risk
C000530,28,7234.75,1,0,0,0,0.03571428571428571,0.0,Low Risk
C000531,17,1420.37,0,0,0,0,0.0,0.0,Low Risk
C000532,22,1290.94,0,0,0,0,0.0,0.0,Low Risk
C000533,15,6699.639999999999,1,0,1,1,0.06666666666666667,0.06666666666666667,High Risk (Fraud & Rules)
C000534,13,792.35,0,0,0,0,0.0,0.0,Low Risk
C000535,16,7579.89,1,0,1,1,0.0625,0.0625,High Risk (Fraud & Rules)
C000536,20,1408.55,0,0,0,0,0.0,0.0,Low Risk
C000537,25,2079.38,0,0,0,0,0.0,0.0,Low Risk
C000538,25,2773.32,0,0,0,0,0.0,0.0,Low Risk
C000539,23,1758.01,0,0,0,0,0.0,0.0,Low Risk
C000540,13,1034.88,0,0,0,0,0.0,0.0,Low Risk
C000541,23,1855.29,0,0,0,0,0.0,0.0,Low Risk
C000542,18,1280.56,0,0,0,0,0.0,0.0,Low Risk
C000543,19,851.8,0,0,0,0,0.0,0.0,Low Risk
C000544,20,1613.07,0,0,0,0,0.0,0.0,Low Risk
C000545,17,1938.65,0,0,0,0,0.0,0.0,Low Risk
C000546,21,1594.81,0,0,0,0,0.0,0.0,Low Risk
C000547,16,1554.08,0,0,0,0,0.0,0.0,Low Risk
C000548,48,4810.14,17,10,0,10,0.3541666666666667,0.20833333333333334,High Risk (Fraud & Rules)
C000549,22,1481.6599999999999,0,0,0,0,0.0,0.0,Low Risk
C000550,16,1286.48,0,0,0,0,0.0,0.0,Low Risk
C000551,17,1867.2199999999998,0,0,0,0,0.0,0.0,Low Risk
C000552,17,1095.92,0,0,0,0,0.0,0.0,Low Risk
C000553,19,1583.69,0,0,0,0,0.0,0.0,Low Risk
C000554,26,2930.0299999999997,0,0,0,0,0.0,0.0,Low Risk
C000555,27,1454.79,0,0,0,0,0.0,0.0,Low Risk
C000556,29,3126.58,0,0,0,0,0.0,0.0,Low Risk
C000557,19,978.43,0,0,0,0,0.0,0.0,Low Risk
C000558,23,2325.19,0,0,0,0,0.0,0.0,Low Risk
C000559,26,2508.45,0,0,0,0,0.0,0.0,Low Risk
C000560,23,2418.48,0,0,0,0,0.0,0.0,Low Risk
C000561,16,1347.22,0,0,0,0,0.0,0.0,Low Risk
C000562,25,1635.61,0,0,0,0,0.0,0.0,Low Risk
C000563,15,1551.08,0,0,0,0,0.0,0.0,Low Risk
C000564,23,2467.54,0,0,0,0,0.0,0.0,Low Risk
C000565,20,1604.64,0,0,0,0,0.0,0.0,Low Risk
C000566,24,2500.2400000000002,0,0,0,0,0.0,0.0,Low Risk
C000567,19,1338.22,0,0,0,0,0.0,0.0,Low Risk
C000568,14,831.6,0,0,0,0,0.0,0.0,Low Risk
C000569,21,1767.19,0,0,0,0,0.0,0.0,Low Risk
C000570,22,1792.55,0,0,0,0,0.0,0.0,Low Risk
C000571,20,10354.22,1,0,1,1,0.05,0.05,High Risk (Fraud & Rules)
C000572,11,635.4,0,0,0,0,0.0,0.0,Low Risk
C000573,22,2938.48,0,0,0,0,0.0,0.0,Low Risk
C000574,21,2098.6,0,0,0,0,0.0,0.0,Low Risk
C000575,19,771.6,0,0,0,0,0.0,0.0,Low Risk
C000576,23,1461.78,0,0,0,0,0.0,0.0,Low Risk
C000577,19,1761.6299999999999,0,0,0,0,0.0,0.0,Low Risk
C000578,24,2430.21,0,0,0,0,0.0,0.0,Low Risk
C000579,21,2025.57,0,0,0,0,0.0,0.0,Low Risk
C000580,13,1173.48,0,0,0,0,0.0,0.0,Low Risk
C000581,19,1422.25,0,0,0,0,0.0,0.0,Low Risk
C000582,26,1911.77,0,0,0,0,0.0,0.0,Low Risk
C000583,18,1662.45,0,0,0,0,0.0,0.0,Low Risk
C000584,13,603.01,0,0,0,0,0.0,0.0,Low Risk
C000585,21,1842.35,0,0,0,0,0.0,0.0,Low Risk
C000586,16,11360.64,1,0,1,1,0.0625,0.0625,High Risk (Fraud & Rules)
C000587,15,6061.03,1,0,1,1,0.06666666666666667,0.06666666666666667,High Risk (Fraud & Rules)
C000588,22,1663.42,0,0,0,0,0.0,0.0,Low Risk
C000589,22,1736.1,0,0,0,0,0.0,0.0,Low Risk
C000590,27,2459.84,0,0,0,0,0.0,0.0,Low Risk
C000591,22,1325.17,0,0,0,0,0.0,0.0,Low Risk
C000592,19,1924.8,0,0,0,0,0.0,0.0,Low Risk
C000593,24,1541.02,0,0,0,0,0.0,0.0,Low Risk
C000594,15,1660.73,0,0,0,0,0.0,0.0,Low Risk
C000595,30,2975.31,0,0,0,0,0.0,0.0,Low Risk
C000596,18,700.61,0,0,0,0,0.0,0.0,Low Risk
C000597,21,1203.96,0,0,0,0,0.0,0.0,Low Risk
C000598,21,1830.8600000000001,0,0,0,0,0.0,0.0,Low Risk
C000599,15,582.26,0,0,0,0,0.0,0.0,Low Risk
C000600,24,2153.78,0,0,0,0,0.0,0.0,Low Risk
C000601,30,2106.82,0,0,0,0,0.0,0.0,Low Risk
C000602,22,1343.36,0,0,0,0,0.0,0.0,Low Risk
C000603,33,12109.89,1,0,1,1,0.030303030303030304,0.030303030303030304,High Risk (Fraud & Rules)
C000604,24,1331.99,0,0,0,0,0.0,0.0,Low Risk
C000605,21,2719.85,0,0,0,0,0.0,0.0,Low Risk
C000606,15,779.49,0,0,0,0,0.0,0.0,Low Risk
C000607,24,1525.14,0,0,0,0,0.0,0.0,Low Risk
C000608,26,2241.88,0,0,0,0,0.0,0.0,Low Risk
C000609,17,1660.46,0,0,0,0,0.0,0.0,Low Risk
C000610,16,1351.68,0,0,0,0,0.0,0.0,Low Risk
C000611,14,1706.14,0,0,0,0,0.0,0.0,Low Risk
C000612,29,3028.73,0,0,0,0,0.0,0.0,Low Risk
C000613,31,3169.21,0,0,0,0,0.0,0.0,Low Risk
C000614,20,1985.69,0,0,0,0,0.0,0.0,Low Risk
C000615,20,1879.18,0,0,0,0,0.0,0.0,Low Risk
C000616,19,1839.82,0,0,0,0,0.0,0.0,Low Risk
C000617,15,1600.9,0,0,0,0,0.0,0.0,Low Risk
C000618,23,1504.0900000000001,0,0,0,0,0.0,0.0,Low Risk
C000619,17,1103.79,0,0,0,0,0.0,0.0,Low Risk
C000620,15,674.24,0,0,0,0,0.0,0.0,Low Risk
C000621,14,1238.06,0,0,0,0,0.0,0.0,Low Risk
C000622,21,1773.43,0,0,0,0,0.0,0.0,Low Risk
C000623,19,1243.85,0,0,0,0,0.0,0.0,Low Risk
C000624,24,1968.47,0,0,0,0,0.0,0.0,Low Risk
C000625,27,3097.17,0,0,0,0,0.0,0.0,Low Risk
C000626,24,1445.53,0,0,0,0,0.0,0.0,Low Risk
C000627,23,1714.1599999999999,0,0,0,0,0.0,0.0,Low Risk
C000628,15,734.28,0,0,0,0,0.0,0.0,Low Risk
C000629,17,1104.52,0,0,0,0,0.0,0.0,Low Risk
C000630,20,1637.99,0,0,0,0,0.0,0.0,Low Risk
C000631,12,1797.48,0,0,0,0,0.0,0.0,Low Risk
C000632,14,800.59,0,0,0,0,0.0,0.0,Low Risk
C000633,16,1122.42,0,0,0,0,0.0,0.0,Low Risk
C000634,26,2255.94,0,0,0,0,0.0,0.0,Low Risk
C000635,20,1513.78,0,0,0,0,0.0,0.0,Low Risk
C000636,19,1114.52,0,0,0,0,0.0,0.0,Low Risk
C000637,24,2495.31,0,0,0,0,0.0,0.0,Low Risk
C000638,26,1917.9,0,0,0,0,0.0,0.0,Low Risk
C000639,12,562.57,0,0,0,0,0.0,0.0,Low Risk
C000640,24,1574.3799999999999,0,0,0,0,0.0,0.0,Low Risk
C000641,17,1500.76,0,0,0,0,0.0,0.0,Low Risk
C000642,13,1574.25,0,0,0,0,0.0,0.0,Low Risk
C000643,17,2055.6,0,0,0,0,0.0,0.0,Low Risk
C000644,18,1520.54,0,0,0,0,0.0,0.0,Low Risk
C000645,18,1763.51,0,0,0,0,0.0,0.0,Low Risk
C000646,20,1463.6100000000001,0,0,0,0,0.0,0.0,Low Risk
C000647,20,960.91,0,0,0,0,0.0,0.0,Low Risk
C000648,21,1614.3600000000001,0,0,0,0,0.0,0.0,Low Risk
C000649,19,2019.88,0,0,0,0,0.0,0.0,Low Risk
C000650,16,1459.74,0,0,0,0,0.0,0.0,Low Risk
C000651,19,2038.85,0,0,0,0,0.0,0.0,Low Risk
C000652,20,1830.92,0,0,0,0,0.0,0.0,Low Risk
C000653,17,1575.11,0,0,0,0,0.0,0.0,Low Risk
C000654,18,1789.54,0,0,0,0,0.0,0.0,Low Risk
C000655,14,950.5,0,0,0,0,0.0,0.0,Low Risk
C000656,22,1149.52,0,0,0,0,0.0,0.0,Low Risk
C000657,25,2138.47,0,0,0,0,0.0,0.0,Low Risk
C000658,19,1157.88,0,0,0,0,0.0,0.0,Low Risk
C000659,18,1123.01,0,0,0,0,0.0,0.0,Low Risk
C000660,20,1112.62,0,0,0,0,0.0,0.0,Low Risk
C000661,24,1029.76,0,0,0,0,0.0,0.0,Low Risk
C000662,22,1122.98,0,0,0,0,0.0,0.0,Low Risk
C000663,26,1438.94,0,0,0,0,0.0,0.0,Low Risk
C000664,25,2976.2799999999997,0,0,0,0,0.0,0.0,Low Risk
C000665,23,2244.02,0,0,0,0,0.0,0.0,Low Risk
C000666,18,1033.54,0,0,0,0,0.0,0.0,Low Risk
C000667,18,2109.93,0,0,0,0,0.0,0.0,Low Risk
C000668,25,2161.77,0,0,0,0,0.0,0.0,Low Risk
C000669,22,1825.91,0,0,0,0,0.0,0.0,Low Risk
C000670,30,1678.63,0,0,0,0,0.0,0.0,Low Risk
C000671,24,2462.38,0,0,0,0,0.0,0.0,Low Risk
C000672,16,1157.68,0,0,0,0,0.0,0.0,Low Risk
C000673,24,1840.97,0,0,0,0,0.0,0.0,Low Risk
C000674,16,17853.72,2,0,2,2,0.125,0.125,High Risk (Fraud & Rules)
C000675,20,1778.78,0,0,0,0,0.0,0.0,Low Risk
C000676,22,1704.6100000000001,0,0,0,0,0.0,0.0,Low Risk
C000677,20,2015.56,0,0,0,0,0.0,0.0,Low Risk
C000678,28,2866.02,0,0,0,0,0.0,0.0,Low Risk
C000679,15,1952.84,0,0,0,0,0.0,0.0,Low Risk
C000680,15,1407.05,0,0,0,0,0.0,0.0,Low Risk
C000681,20,1573.53,0,0,0,0,0.0,0.0,Low Risk
C000682,16,898.42,0,0,0,0,0.0,0.0,Low Risk
C000683,24,1431.13,0,0,0,0,0.0,0.0,Low Risk
C000684,15,904.42,0,0,0,0,0.0,0.0,Low Risk
C000685,21,1532.68,0,0,0,0,0.0,0.0,Low Risk
C000686,20,1126.79,0,0,0,0,0.0,0.0,Low Risk
C000687,20,1398.48,0,0,0,0,0.0,0.0,Low Risk
C000688,28,12546.630000000001,1,0,1,1,0.03571428571428571,0.03571428571428571,High Risk (Fraud & Rules)
C000689,24,2277.98,0,0,0,0,0.0,0.0,Low Risk
C000690,25,1368.56,0,0,0,0,0.0,0.0,Low Risk
C000691,24,1098.54,0,0,0,0,0.0,0.0,Low Risk
C000692,21,1485.54,0,0,0,0,0.0,0.0,Low Risk
C000693,22,11347.869999999999,1,0,1,1,0.045454545454545456,0.045454545454545456,High Risk (Fraud & Rules)
C000694,20,1212.6299999999999,0,0,0,0,0.0,0.0,Low Risk
C000695,12,990.51,0,0,0,0,0.0,0.0,Low Risk
C000696,21,888.15,0,0,0,0,0.0,0.0,Low Risk
C000697,18,1615.9099999999999,0,0,0,0,0.0,0.0,Low Risk
C000698,12,1314.33,0,0,0,0,0.0,0.0,Low Risk
C000699,19,1258.55,0,0,0,0,0.0,0.0,Low Risk
C000700,14,1387.61,0,0,0,0,0.0,0.0,Low Risk
C000701,25,3198.37,0,0,0,0,0.0,0.0,Low Risk
C000702,21,1703.02,0,0,0,0,0.0,0.0,Low Risk
C000703,19,12952.78,1,0,1,1,0.05263157894736842,0.05263157894736842,High Risk (Fraud & Rules)
C000704,26,2373.22,0,0,0,0,0.0,0.0,Low Risk
C000705,18,763.0,0,0,0,0,0.0,0.0,Low Risk
C000706,15,1078.92,0,0,0,0,0.0,0.0,Low Risk
C000707,19,2011.13,0,0,0,0,0.0,0.0,Low Risk
C000708,17,859.02,0,0,0,0,0.0,0.0,Low Risk
C000709,23,1907.96,0,0,0,0,0.0,0.0,Low Risk
C000710,21,1211.04,0,0,0,0,0.0,0.0,Low Risk
C000711,22,2337.5,0,0,0,0,0.0,0.0,Low Risk
C000712,33,8371.76,1,0,1,1,0.030303030303030304,0.030303030303030304,High Risk (Fraud & Rules)
C000713,19,1415.61,0,0,0,0,0.0,0.0,Low Risk
C000714,15,1135.5,0,0,0,0,0.0,0.0,Low Risk
C000715,20,1099.59,0,0,0,0,0.0,0.0,Low Risk
C000716,18,1096.95,0,0,0,0,0.0,0.0,Low Risk
C000717,15,819.4200000000001,0,0,0,0,0.0,0.0,Low Risk
C000718,19,1792.08,0,0,0,0,0.0,0.0,Low Risk
C000719,13,1212.8,0,0,0,0,0.0,0.0,Low Risk
C000720,13,712.95,0,0,0,0,0.0,0.0,Low Risk
C000721,27,1678.8,0,0,0,0,0.0,0.0,Low Risk
C000722,18,2326.05,0,0,0,0,0.0,0.0,Low Risk
C000723,22,8398.02,1,0,1,1,0.045454545454545456,0.045454545454545456,High Risk (Fraud & Rules)
C000724,15,795.13,0,0,0,0,0.0,0.0,Low Risk
C000725,30,7388.139999999999,1,0,0,0,0.03333333333333333,0.0,Low Risk
C000726,20,1783.07,0,0,0,0,0.0,0.0,Low Risk
C000727,11,579.49,0,0,0,0,0.0,0.0,Low Risk
C000728,24,2141.7200000000003,0,0,0,0,0.0,0.0,Low Risk
C000729,21,1588.27,0,0,0,0,0.0,0.0,Low Risk
C000730,15,707.76,0,0,0,0,0.0,0.0,Low Risk
C000731,14,1195.6,0,0,0,0,0.0,0.0,Low Risk
C000732,25,1553.16,0,0,0,0,0.0,0.0,Low Risk
C000733,23,2349.94,0,0,0,0,0.0,0.0,Low Risk
C000734,29,2697.4,0,0,0,0,0.0,0.0,Low Risk
C000735,17,2018.39,0,0,0,0,0.0,0.0,Low Risk
C000736,20,1282.05,0,0,0,0,0.0,0.0,Low Risk
C000737,18,1384.67,0,0,0,0,0.0,0.0,Low Risk
C000738,19,1730.55,0,0,0,0,0.0,0.0,Low Risk
C000739,22,1445.21,0,0,0,0,0.0,0.0,Low Risk
C000740,21,1428.95,0,0,0,0,0.0,0.0,Low Risk
C000741,31,2752.78,0,0,0,0,0.0,0.0,Low Risk
C000742,15,986.34,0,0,0,0,0.0,0.0,Low Risk
C000743,19,1550.95,0,0,0,0,0.0,0.0,Low Risk
C000744,16,1002.64,0,0,0,0,0.0,0.0,Low Risk
C000745,24,1742.36,0,0,0,0,0.0,0.0,Low Risk
C000746,19,1587.39,0,0,0,0,0.0,0.0,Low Risk
C000747,17,1912.92,0,0,0,0,0.0,0.0,Low Risk
C000748,20,1021.84,0,0,0,0,0.0,0.0,Low Risk
C000749,26,1888.8300000000002,0,0,0,0,0.0,0.0,Low Risk
C000750,26,1784.61,0,0,0,0,0.0,0.0,Low Risk
C000751,24,6005.799999999999,1,0,0,0,0.041666666666666664,0.0,Low Risk
C000752,17,996.6600000000001,0,0,0,0,0.0,0.0,Low Risk
C000753,26,2106.43,0,0,0,0,0.0,0.0,Low Risk
C000754,30,1860.73,0,0,0,0,0.0,0.0,Low Risk
C000755,41,3564.2799999999997,11,0,0,0,0.2682926829268293,0.0,Low Risk
C000756,17,1039.3799999999999,0,0,0,0,0.0,0.0,Low Risk
C000757,17,1167.68,0,0,0,0,0.0,0.0,Low Risk
C000758,18,1224.6,0,0,0,0,0.0,0.0,Low Risk
C000759,26,2324.13,0,0,0,0,0.0,0.0,Low Risk
C000760,17,1011.13,0,0,0,0,0.0,0.0,Low Risk
C000761,20,2245.99,0,0,0,0,0.0,0.0,Low Risk
C000762,17,1914.89,0,0,0,0,0.0,0.0,Low Risk
C000763,17,2052.29,0,0,0,0,0.0,0.0,Low Risk
C000764,17,1108.05,0,0,0,0,0.0,0.0,Low Risk
C000765,21,2741.34,0,0,0,0,0.0,0.0,Low Risk
C000766,19,2121.35,0,0,0,0,0.0,0.0,Low Risk
C000767,17,1729.05,0,0,0,0,0.0,0.0,Low Risk
C000768,22,2017.48,0,0,0,0,0.0,0.0,Low Risk
C000769,19,989.91,0,0,0,0,0.0,0.0,Low Risk
C000770,21,1405.11,0,0,0,0,0.0,0.0,Low Risk
C000771,22,7416.49,1,0,1,1,0.045454545454545456,0.045454545454545456,High Risk (Fraud & Rules)
C000772,16,952.01,0,0,0,0,0.0,0.0,Low Risk
C000773,18,1383.26,0,0,0,0,0.0,0.0,Low Risk
C000774,17,1463.72,0,0,0,0,0.0,0.0,Low Risk
C000775,17,1729.78,0,0,0,0,0.0,0.0,Low Risk
C000776,20,1212.76,0,0,0,0,0.0,0.0,Low Risk
C000777,18,1196.65,0,0,0,0,0.0,0.0,Low Risk
C000778,20,1574.21,0,0,0,0,0.0,0.0,Low Risk
C000779,21,2142.44,0,0,0,0,0.0,0.0,Low Risk
C000780,14,1246.27,0,0,0,0,0.0,0.0,Low Risk
C000781,24,2038.73,0,0,0,0,0.0,0.0,Low Risk
C000782,22,1808.74,0,0,0,0,0.0,0.0,Low Risk
C000783,29,2550.35,0,0,0,0,0.0,0.0,Low Risk
C000784,14,1242.7,0,0,0,0,0.0,0.0,Low Risk
C000785,23,1622.89,0,0,0,0,0.0,0.0,Low Risk
C000786,21,1289.17,0,0,0,0,0.0,0.0,Low Risk
C000787,27,1907.6200000000001,0,0,0,0,0.0,0.0,Low Risk
C000788,14,667.11,0,0,0,0,0.0,0.0,Low Risk
C000789,14,1221.65,0,0,0,0,0.0,0.0,Low Risk
C000790,18,1425.3999999999999,0,0,0,0,0.0,0.0,Low Risk
C000791,19,1418.6299999999999,0,0,0,0,0.0,0.0,Low Risk
C000792,16,1363.0,0,0,0,0,0.0,0.0,Low Risk
C000793,25,1656.87,0,0,0,0,0.0,0.0,Low Risk
C000794,19,935.64,0,0,0,0,0.0,0.0,Low Risk
C000795,27,1545.6299999999999,0,0,0,0,0.0,0.0,Low Risk
C000796,17,1028.81,0,0,0,0,0.0,0.0,Low Risk
C000797,19,1307.11,0,0,0,0,0.0,0.0,Low Risk
C000798,19,971.4300000000001,0,0,0,0,0.0,0.0,Low Risk
C000799,21,1143.98,0,0,0,0,0.0,0.0,Low Risk
C000800,19,1405.98,0,0,0,0,0.0,0.0,Low Risk
C000801,16,2022.48,0,0,0,0,0.0,0.0,Low Risk
C000802,23,1808.71,0,0,0,0,0.0,0.0,Low Risk
C000803,19,1724.82,0,0,0,0,0.0,0.0,Low Risk
C000804,54,2944.62,21,13,0,13,0.3888888888888889,0.24074074074074073,High Risk (Fraud & Rules)
C000805,21,2537.54,0,0,0,0,0.0,0.0,Low Risk
C000806,22,1716.47,0,0,0,0,0.0,0.0,Low Risk
C000807,19,1063.79,0,0,0,0,0.0,0.0,Low Risk
C000808,17,1176.76,0,0,0,0,0.0,0.0,Low Risk
C000809,21,1543.63,0,0,0,0,0.0,0.0,Low Risk
C000810,21,1694.76,0,0,0,0,0.0,0.0,Low Risk
C000811,14,1077.45,0,0,0,0,0.0,0.0,Low Risk
C000812,18,1032.14,0,0,0,0,0.0,0.0,Low Risk
C000813,24,13840.13,1,0,1,1,0.041666666666666664,0.041666666666666664,High Risk (Fraud & Rules)
C000814,21,1009.16,0,0,0,0,0.0,0.0,Low Risk
C000815,17,1174.03,0,0,0,0,0.0,0.0,Low Risk
C000816,22,1198.37,0,0,0,0,0.0,0.0,Low Risk
C000817,20,1620.74,0,0,0,0,0.0,0.0,Low Risk
C000818,28,2099.97,0,0,0,0,0.0,0.0,Low Risk
C000819,12,923.7199999999999,0,0,0,0,0.0,0.0,Low Risk
C000820,16,1454.0,0,0,0,0,0.0,0.0,Low Risk
C000821,21,1747.5,0,0,0,0,0.0,0.0,Low Risk
C000822,18,1394.04,0,0,0,0,0.0,0.0,Low Risk
C000823,24,1853.99,0,0,0,0,0.0,0.0,Low Risk
C000824,11,582.6800000000001,0,0,0,0,0.0,0.0,Low Risk
C000825,21,2088.16,0,0,0,0,0.0,0.0,Low Risk
C000826,24,1404.14,0,0,0,0,0.0,0.0,Low Risk
C000827,21,1292.26,0,0,0,0,0.0,0.0,Low Risk
C000828,23,2693.83,0,0,0,0,0.0,0.0,Low Risk
C000829,20,1606.83,0,0,0,0,0.0,0.0,Low Risk
C000830,18,1817.53,0,0,0,0,0.0,0.0,Low Risk
C000831,23,1550.52,0,0,0,0,0.0,0.0,Low Risk
C000832,20,1772.44,0,0,0,0,0.0,0.0,Low Risk
C000833,17,2082.06,0,0,0,0,0.0,0.0,Low Risk
C000834,18,1722.95,0,0,0,0,0.0,0.0,Low Risk
C000835,18,906.37,0,0,0,0,0.0,0.0,Low Risk
C000836,31,2542.54,0,0,0,0,0.0,0.0,Low Risk
C000837,19,1731.41,0,0,0,0,0.0,0.0,Low Risk
C000838,15,1469.8600000000001,0,0,0,0,0.0,0.0,Low Risk
C000839,21,1578.5,0,0,0,0,0.0,0.0,Low Risk
C000840,20,2305.76,0,0,0,0,0.0,0.0,Low Risk
C000841,16,1352.13,0,0,0,0,0.0,0.0,Low Risk
C000842,20,1447.92,0,0,0,0,0.0,0.0,Low Risk
C000843,25,2042.08,0,0,0,0,0.0,0.0,Low Risk
C000844,14,502.9,0,0,0,0,0.0,0.0,Low Risk
C000845,19,1868.4099999999999,0,0,0,0,0.0,0.0,Low Risk
C000846,19,1422.76,0,0,0,0,0.0,0.0,Low Risk
C000847,18,1109.92,0,0,0,0,0.0,0.0,Low Risk
C000848,22,1786.63,0,0,0,0,0.0,0.0,Low Risk
C000849,28,2171.17,0,0,0,0,0.0,0.0,Low Risk
C000850,21,1203.66,0,0,0,0,0.0,0.0,Low Risk
C000851,25,1318.46,0,0,0,0,0.0,0.0,Low Risk
C000852,20,995.88,0,0,0,0,0.0,0.0,Low Risk
C000853,18,1090.41,0,0,0,0,0.0,0.0,Low Risk
C000854,26,1635.87,0,0,0,0,0.0,0.0,Low Risk
C000855,21,1454.6399999999999,0,0,0,0,0.0,0.0,Low Risk
C000856,19,1077.79,0,0,0,0,0.0,0.0,Low Risk
C000857,27,2595.59,0,0,0,0,0.0,0.0,Low Risk
C000858,19,1630.56,0,0,0,0,0.0,0.0,Low Risk
C000859,27,2894.69,0,0,0,0,0.0,0.0,Low Risk
C000860,25,1915.09,0,0,0,0,0.0,0.0,Low Risk
C000861,17,1621.22,0,0,0,0,0.0,0.0,Low Risk
C000862,20,1017.04,0,0,0,0,0.0,0.0,Low Risk
C000863,20,2938.51,0,0,0,0,0.0,0.0,Low Risk
C000864,13,1126.0900000000001,0,0,0,0,0.0,0.0,Low Risk
C000865,22,1097.82,0,0,0,0,0.0,0.0,Low Risk
C000866,14,633.35,0,0,0,0,0.0,0.0,Low Risk
C000867,20,1609.57,0,0,0,0,0.0,0.0,Low Risk
C000868,17,1240.25,0,0,0,0,0.0,0.0,Low Risk
C000869,15,1055.83,0,0,0,0,0.0,0.0,Low Risk
C000870,20,1695.92,0,0,0,0,0.0,0.0,Low Risk
C000871,27,2983.38,0,0,0,0,0.0,0.0,Low Risk
C000872,24,1895.76,0,0,0,0,0.0,0.0,Low Risk
C000873,19,1658.4,0,0,0,0,0.0,0.0,Low Risk
C000874,22,1099.52,0,0,0,0,0.0,0.0,Low Risk
C000875,28,1903.29,0,0,0,0,0.0,0.0,Low Risk
C000876,29,2317.4300000000003,0,0,0,0,0.0,0.0,Low Risk
C000877,15,965.52,0,0,0,0,0.0,0.0,Low Risk
C000878,19,2372.91,0,0,0,0,0.0,0.0,Low Risk
C000879,15,695.91,0,0,0,0,0.0,0.0,Low Risk
C000880,16,2067.82,0,0,0,0,0.0,0.0,Low Risk
C000881,29,3605.57,0,0,0,0,0.0,0.0,Low Risk
C000882,14,1109.01,0,0,0,0,0.0,0.0,Low Risk
C000883,21,1795.92,0,0,0,0,0.0,0.0,Low Risk
C000884,24,1506.7,0,0,0,0,0.0,0.0,Low Risk
C000885,14,1086.74,0,0,0,0,0.0,0.0,Low Risk
C000886,20,1282.96,0,0,0,0,0.0,0.0,Low Risk
C000887,18,1138.82,0,0,0,0,0.0,0.0,Low Risk
C000888,20,1936.62,0,0,0,0,0.0,0.0,Low Risk
C000889,25,2062.0,0,0,0,0,0.0,0.0,Low Risk
C000890,12,995.26,0,0,0,0,0.0,0.0,Low Risk
C000891,17,1493.37,0,0,0,0,0.0,0.0,Low Risk
C000892,16,1303.68,0,0,0,0,0.0,0.0,Low Risk
C000893,21,1175.13,0,0,0,0,0.0,0.0,Low Risk
C000894,10,399.88,0,0,0,0,0.0,0.0,Low Risk
C000895,22,1519.99,0,0,0,0,0.0,0.0,Low Risk
C000896,24,1645.91,0,0,0,0,0.0,0.0,Low Risk
C000897,21,1188.7,0,0,0,0,0.0,0.0,Low Risk
C000898,22,2087.81,0,0,0,0,0.0,0.0,Low Risk
C000899,21,2334.81,0,0,0,0,0.0,0.0,Low Risk
C000900,26,7046.02,1,0,0,0,0.038461538461538464,0.0,Low Risk
C000901,18,1306.19,0,0,0,0,0.0,0.0,Low Risk
C000902,28,1688.95,0,0,0,0,0.0,0.0,Low Risk
C000903,16,2008.31,0,0,0,0,0.0,0.0,Low Risk
C000904,26,1648.81,0,0,0,0,0.0,0.0,Low Risk
C000905,18,1520.22,0,0,0,0,0.0,0.0,Low Risk
C000906,23,2068.4900000000002,0,0,0,0,0.0,0.0,Low Risk
C000907,29,2560.16,0,0,0,0,0.0,0.0,Low Risk
C000908,10,389.39,0,0,0,0,0.0,0.0,Low Risk
C000909,22,1108.55,0,0,0,0,0.0,0.0,Low Risk
C000910,14,1113.78,0,0,0,0,0.0,0.0,Low Risk
C000911,15,987.0799999999999,0,0,0,0,0.0,0.0,Low Risk
C000912,28,1853.0800000000002,0,0,0,0,0.0,0.0,Low Risk
C000913,18,1365.67,0,0,0,0,0.0,0.0,Low Risk
C000914,15,866.97,0,0,0,0,0.0,0.0,Low Risk
C000915,16,1536.31,0,0,0,0,0.0,0.0,Low Risk
C000916,22,2629.95,0,0,0,0,0.0,0.0,Low Risk
C000917,19,1146.72,0,0,0,0,0.0,0.0,Low Risk
C000918,19,1257.2,0,0,0,0,0.0,0.0,Low Risk
C000919,19,1717.99,0,0,0,0,0.0,0.0,Low Risk
C000920,14,1058.85,0,0,0,0,0.0,0.0,Low Risk
C000921,17,1193.73,0,0,0,0,0.0,0.0,Low Risk
C000922,20,1089.61,0,0,0,0,0.0,0.0,Low Risk
C000923,20,11021.09,1,0,1,1,0.05,0.05,High Risk (Fraud & Rules)
C000924,18,1895.1299999999999,0,0,0,0,0.0,0.0,Low Risk
C000925,18,1612.63,0,0,0,0,0.0,0.0,Low Risk
C000926,19,1920.0700000000002,0,0,0,0,0.0,0.0,Low Risk
C000927,26,9883.44,1,0,1,1,0.038461538461538464,0.038461538461538464,High Risk (Fraud & Rules)
C000928,23,2534.7,0,0,0,0,0.0,0.0,Low Risk
C000929,15,1074.06,0,0,0,0,0.0,0.0,Low Risk
C000930,18,1292.56,0,0,0,0,0.0,0.0,Low Risk
C000931,16,909.7,0,0,0,0,0.0,0.0,Low Risk
C000932,20,1316.72,0,0,0,0,0.0,0.0,Low Risk
C000933,14,531.86,0,0,0,0,0.0,0.0,Low Risk
C000934,15,1188.0,0,0,0,0,0.0,0.0,Low Risk
C000935,19,816.14,0,0,0,0,0.0,0.0,Low Risk
C000936,15,964.52,0,0,0,0,0.0,0.0,Low Risk
C000937,17,718.9,0,0,0,0,0.0,0.0,Low Risk
C000938,20,2218.23,0,0,0,0,0.0,0.0,Low Risk
C000939,22,1489.05,0,0,0,0,0.0,0.0,Low Risk
C000940,11,571.11,0,0,0,0,0.0,0.0,Low Risk
C000941,17,1332.74,0,0,0,0,0.0,0.0,Low Risk
C000942,24,1800.2,0,0,0,0,0.0,0.0,Low Risk
C000943,26,2011.61,0,0,0,0,0.0,0.0,Low Risk
C000944,24,1515.37,0,0,0,0,0.0,0.0,Low Risk
C000945,16,1180.14,0,0,0,0,0.0,0.0,Low Risk
C000946,20,1565.75,0,0,0,0,0.0,0.0,Low Risk
C000947,18,1842.37,0,0,0,0,0.0,0.0,Low Risk
C000948,26,9604.1,1,0,1,1,0.038461538461538464,0.038461538461538464,High Risk (Fraud & Rules)
C000949,18,10800.150000000001,1,0,1,1,0.05555555555555555,0.05555555555555555,High Risk (Fraud & Rules)
C000950,16,986.52,0,0,0,0,0.0,0.0,Low Risk
C000951,21,1512.76,0,0,0,0,0.0,0.0,Low Risk
C000952,23,1199.57,0,0,0,0,0.0,0.0,Low Risk
C000953,9,511.33000000000004,0,0,0,0,0.0,0.0,Low Risk
C000954,25,3274.29,0,0,0,0,0.0,0.0,Low Risk
C000955,20,1671.03,0,0,0,0,0.0,0.0,Low Risk
C000956,13,1354.94,0,0,0,0,0.0,0.0,Low Risk
C000957,26,2644.07,0,0,0,0,0.0,0.0,Low Risk
C000958,12,667.62,0,0,0,0,0.0,0.0,Low Risk
C000959,20,2063.7,0,0,0,0,0.0,0.0,Low Risk
C000960,19,2877.4,0,0,0,0,0.0,0.0,Low Risk
C000961,13,7107.92,1,0,1,1,0.07692307692307693,0.07692307692307693,High Risk (Fraud & Rules)
C000962,18,1983.69,0,0,0,0,0.0,0.0,Low Risk
C000963,21,909.24,0,0,0,0,0.0,0.0,Low Risk
C000964,17,2177.07,0,0,0,0,0.0,0.0,Low Risk
C000965,20,1530.32,0,0,0,0,0.0,0.0,Low Risk
C000966,17,1275.9099999999999,0,0,0,0,0.0,0.0,Low Risk
C000967,16,988.66,0,0,0,0,0.0,0.0,Low Risk
C000968,14,784.94,0,0,0,0,0.0,0.0,Low Risk
C000969,17,1044.19,0,0,0,0,0.0,0.0,Low Risk
C000970,13,2249.8,0,0,0,0,0.0,0.0,Low Risk
C000971,18,1047.23,0,0,0,0,0.0,0.0,Low Risk
C000972,18,2288.28,0,0,0,0,0.0,0.0,Low Risk
C000973,17,1354.98,0,0,0,0,0.0,0.0,Low Risk
C000974,18,1929.02,0,0,0,0,0.0,0.0,Low Risk
C000975,18,1308.41,0,0,0,0,0.0,0.0,Low Risk
C000976,21,998.7,0,0,0,0,0.0,0.0,Low Risk
C000977,19,1751.48,0,0,0,0,0.0,0.0,Low Risk
C000978,16,1657.72,0,0,0,0,0.0,0.0,Low Risk
C000979,21,1217.63,0,0,0,0,0.0,0.0,Low Risk
C000980,21,1119.01,0,0,0,0,0.0,0.0,Low Risk
C000981,28,2837.39,0,0,0,0,0.0,0.0,Low Risk
C000982,24,2024.6,0,0,0,0,0.0,0.0,Low Risk
C000983,15,1078.67,0,0,0,0,0.0,0.0,Low Risk
C000984,28,2283.45,0,0,0,0,0.0,0.0,Low Risk
C000985,23,1988.3799999999999,0,0,0,0,0.0,0.0,Low Risk
C000986,24,1844.44,0,0,0,0,0.0,0.0,Low Risk
C000987,12,1328.3700000000001,0,0,0,0,0.0,0.0,Low Risk
C000988,24,2024.29,0,0,0,0,0.0,0.0,Low Risk
C000989,18,1130.0,0,0,0,0,0.0,0.0,Low Risk
C000990,15,1121.23,0,0,0,0,0.0,0.0,Low Risk
C000991,16,947.89,0,0,0,0,0.0,0.0,Low Risk
C000992,19,1618.8,0,0,0,0,0.0,0.0,Low Risk
C000993,17,948.0400000000001,0,0,0,0,0.0,0.0,Low Risk
C000994,20,1706.32,0,0,0,0,0.0,0.0,Low Risk
C000995,24,2525.85,0,0,0,0,0.0,0.0,Low Risk
C000996,13,940.76,0,0,0,0,0.0,0.0,Low Risk
C000997,22,1341.26,0,0,0,0,0.0,0.0,Low Risk
C000998,15,622.4,0,0,0,0,0.0,0.0,Low Risk
C000999,11,524.19,0,0,0,0,0.0,0.0,Low Risk
C001000,22,1288.7,0,0,0,0,0.0,0.0,Low Risk
C001001,23,1981.3,0,0,0,0,0.0,0.0,Low Risk
C001002,26,2525.17,0,0,0,0,0.0,0.0,Low Risk
C001003,15,1960.93,0,0,0,0,0.0,0.0,Low Risk
C001004,20,1505.86,0,0,0,0,0.0,0.0,Low Risk
C001005,21,1501.5,0,0,0,0,0.0,0.0,Low Risk
C001006,17,1265.81,0,0,0,0,0.0,0.0,Low Risk
C001007,26,2459.86,0,0,0,0,0.0,0.0,Low Risk
C001008,31,1944.22,0,0,0,0,0.0,0.0,Low Risk
C001009,32,8879.4,1,0,1,1,0.03125,0.03125,High Risk (Fraud & Rules)
C001010,22,2929.21,0,0,0,0,0.0,0.0,Low Risk
C001011,24,1642.78,0,0,0,0,0.0,0.0,Low Risk
C001012,14,622.6899999999999,0,0,0,0,0.0,0.0,Low Risk
C001013,17,1630.64,0,0,0,0,0.0,0.0,Low Risk
C001014,19,2220.8,0,0,0,0,0.0,0.0,Low Risk
C001015,14,522.66,0,0,0,0,0.0,0.0,Low Risk
C001016,26,1741.76,0,0,0,0,0.0,0.0,Low Risk
C001017,20,1863.6,0,0,0,0,0.0,0.0,Low Risk
C001018,22,1525.77,0,0,0,0,0.0,0.0,Low Risk
C001019,20,857.9200000000001,0,0,0,0,0.0,0.0,Low Risk
C001020,28,2555.29,0,0,0,0,0.0,0.0,Low Risk
C001021,18,2001.38,0,0,0,0,0.0,0.0,Low Risk
C001022,15,874.21,0,0,0,0,0.0,0.0,Low Risk
C001023,24,1847.84,0,0,0,0,0.0,0.0,Low Risk
C001024,16,1033.02,0,0,0,0,0.0,0.0,Low Risk
C001025,18,1132.81,0,0,0,0,0.0,0.0,Low Risk
C001026,17,1596.73,0,0,0,0,0.0,0.0,Low Risk
C001027,14,1216.95,0,0,0,0,0.0,0.0,Low Risk
C001028,19,1219.79,0,0,0,0,0.0,0.0,Low Risk
C001029,22,1818.66,0,0,0,0,0.0,0.0,Low Risk
C001030,25,2401.44,0,0,0,0,0.0,0.0,Low Risk
C001031,19,12401.82,1,0,1,1,0.05263157894736842,0.05263157894736842,High Risk (Fraud & Rules)
C001032,24,1762.29,0,0,0,0,0.0,0.0,Low Risk
C001033,19,2319.13,0,0,0,0,0.0,0.0,Low Risk
C001034,16,1191.07,0,0,0,0,0.0,0.0,Low Risk
C001035,27,1450.19,0,0,0,0,0.0,0.0,Low Risk
C001036,18,1377.09,0,0,0,0,0.0,0.0,Low Risk
C001037,21,1988.11,0,0,0,0,0.0,0.0,Low Risk
C001038,24,2073.52,0,0,0,0,0.0,0.0,Low Risk
C001039,21,12985.28,1,0,1,1,0.047619047619047616,0.047619047619047616,High Risk (Fraud & Rules)
C001040,24,1630.55,0,0,0,0,0.0,0.0,Low Risk
C001041,19,1680.71,0,0,0,0,0.0,0.0,Low Risk
C001042,28,3253.61,0,0,0,0,0.0,0.0,Low Risk
C001043,20,1200.87,0,0,0,0,0.0,0.0,Low Risk
C001044,22,1865.05,0,0,0,0,0.0,0.0,Low Risk
C001045,19,1311.7,0,0,0,0,0.0,0.0,Low Risk
C001046,17,8440.75,1,0,1,1,0.058823529411764705,0.058823529411764705,High Risk (Fraud & Rules)
C001047,20,987.71,0,0,0,0,0.0,0.0,Low Risk
C001048,20,1057.6,0,0,0,0,0.0,0.0,Low Risk
C001049,19,2076.15,0,0,0,0,0.0,0.0,Low Risk
C001050,19,1513.95,0,0,0,0,0.0,0.0,Low Risk
C001051,19,754.47,0,0,0,0,0.0,0.0,Low Risk
C001052,18,1387.16,0,0,0,0,0.0,0.0,Low Risk
C001053,17,1414.53,0,0,0,0,0.0,0.0,Low Risk
C001054,18,1690.0500000000002,0,0,0,0,0.0,0.0,Low Risk
C001055,21,1326.43,0,0,0,0,0.0,0.0,Low Risk
C001056,19,2304.0099999999998,0,0,0,0,0.0,0.0,Low Risk
C001057,16,1285.3600000000001,0,0,0,0,0.0,0.0,Low Risk
C001058,25,1783.7,0,0,0,0,0.0,0.0,Low Risk
C001059,18,948.96,0,0,0,0,0.0,0.0,Low Risk
C001060,23,2355.22,0,0,0,0,0.0,0.0,Low Risk
C001061,23,1297.2,0,0,0,0,0.0,0.0,Low Risk
C001062,19,799.01,0,0,0,0,0.0,0.0,Low Risk
C001063,15,731.13,0,0,0,0,0.0,0.0,Low Risk
C001064,24,2242.64,0,0,0,0,0.0,0.0,Low Risk
C001065,26,1726.58,0,0,0,0,0.0,0.0,Low Risk
C001066,14,1242.0900000000001,0,0,0,0,0.0,0.0,Low Risk
C001067,15,1029.07,0,0,0,0,0.0,0.0,Low Risk
C001068,17,1097.09,0,0,0,0,0.0,0.0,Low Risk
C001069,25,1806.77,0,0,0,0,0.0,0.0,Low Risk
C001070,20,1212.83,0,0,0,0,0.0,0.0,Low Risk
C001071,24,1859.6,0,0,0,0,0.0,0.0,Low Risk
C001072,28,2645.94,0,0,0,0,0.0,0.0,Low Risk
C001073,24,1996.9099999999999,0,0,0,0,0.0,0.0,Low Risk
C001074,24,2137.79,0,0,0,0,0.0,0.0,Low Risk
C001075,14,1242.08,0,0,0,0,0.0,0.0,Low Risk
C001076,12,2203.71,0,0,0,0,0.0,0.0,Low Risk
C001077,18,1367.96,0,0,0,0,0.0,0.0,Low Risk
C001078,20,2217.11,0,0,0,0,0.0,0.0,Low Risk
C001079,21,2818.95,0,0,0,0,0.0,0.0,Low Risk
C001080,20,1742.65,0,0,0,0,0.0,0.0,Low Risk
C001081,26,1368.71,0,0,0,0,0.0,0.0,Low Risk
C001082,15,796.6899999999999,0,0,0,0,0.0,0.0,Low Risk
C001083,14,1141.0,0,0,0,0,0.0,0.0,Low Risk
C001084,18,1795.93,0,0,0,0,0.0,0.0,Low Risk
C001085,25,1946.38,0,0,0,0,0.0,0.0,Low Risk
C001086,25,1606.34,0,0,0,0,0.0,0.0,Low Risk
C001087,27,2325.05,0,0,0,0,0.0,0.0,Low Risk
C001088,27,13047.1,1,0,1,1,0.037037037037037035,0.037037037037037035,High Risk (Fraud & Rules)
C001089,19,5414.55,1,0,0,0,0.05263157894736842,0.0,Low Risk
C001090,19,2860.67,0,0,0,0,0.0,0.0,Low Risk
C001091,19,1220.6399999999999,0,0,0,0,0.0,0.0,Low Risk
C001092,17,824.09,0,0,0,0,0.0,0.0,Low Risk
C001093,24,1912.05,0,0,0,0,0.0,0.0,Low Risk
C001094,25,1257.6,0,0,0,0,0.0,0.0,Low Risk
C001095,24,13260.7,1,0,1,1,0.041666666666666664,0.041666666666666664,High Risk (Fraud & Rules)
C001096,25,2124.54,0,0,0,0,0.0,0.0,Low Risk
C001097,13,1083.25,0,0,0,0,0.0,0.0,Low Risk
C001098,25,1553.62,0,0,0,0,0.0,0.0,Low Risk
C001099,23,2287.27,0,0,0,0,0.0,0.0,Low Risk
C001100,20,1477.01,0,0,0,0,0.0,0.0,Low Risk
C001101,20,1919.8,0,0,0,0,0.0,0.0,Low Risk
C001102,23,1647.96,0,0,0,0,0.0,0.0,Low Risk
C001103,24,1717.22,0,0,0,0,0.0,0.0,Low Risk
C001104,18,987.06,0,0,0,0,0.0,0.0,Low Risk
C001105,20,11142.88,1,0,1,1,0.05,0.05,High Risk (Fraud & Rules)
C001106,13,968.2900000000001,0,0,0,0,0.0,0.0,Low Risk
C001107,20,11080.07,1,0,1,1,0.05,0.05,High Risk (Fraud & Rules)
C001108,19,1393.1100000000001,0,0,0,0,0.0,0.0,Low Risk
C001109,8,572.35,0,0,0,0,0.0,0.0,Low Risk
C001110,14,972.41,0,0,0,0,0.0,0.0,Low Risk
C001111,17,1428.21,0,0,0,0,0.0,0.0,Low Risk
C001112,16,1350.31,0,0,0,0,0.0,0.0,Low Risk
C001113,21,1258.3700000000001,0,0,0,0,0.0,0.0,Low Risk
C001114,17,1471.95,0,0,0,0,0.0,0.0,Low Risk
C001115,20,1528.67,0,0,0,0,0.0,0.0,Low Risk
C001116,23,1323.22,0,0,0,0,0.0,0.0,Low Risk
C001117,23,1578.75,0,0,0,0,0.0,0.0,Low Risk
C001118,23,2127.72,0,0,0,0,0.0,0.0,Low Risk
C001119,17,783.09,0,0,0,0,0.0,0.0,Low Risk
C001120,19,2710.56,0,0,0,0,0.0,0.0,Low Risk
C001121,23,8537.519999999999,1,0,1,1,0.043478260869565216,0.043478260869565216,High Risk (Fraud & Rules)
C001122,23,1205.52,0,0,0,0,0.0,0.0,Low Risk
C001123,19,1809.3700000000001,0,0,0,0,0.0,0.0,Low Risk
C001124,23,1937.34,0,0,0,0,0.0,0.0,Low Risk
C001125,18,959.8199999999999,0,0,0,0,0.0,0.0,Low Risk
C001126,16,2686.8599999999997,0,0,0,0,0.0,0.0,Low Risk
C001127,22,2031.01,0,0,0,0,0.0,0.0,Low Risk
C001128,25,2562.2,0,0,0,0,0.0,0.0,Low Risk
C001129,23,1469.49,0,0,0,0,0.0,0.0,Low Risk
C001130,20,1196.7,0,0,0,0,0.0,0.0,Low Risk
C001131,20,1279.44,0,0,0,0,0.0,0.0,Low Risk
C001132,16,936.56,0,0,0,0,0.0,0.0,Low Risk
C001133,17,1604.3999999999999,0,0,0,0,0.0,0.0,Low Risk
C001134,20,6811.08,1,0,1,1,0.05,0.05,High Risk (Fraud & Rules)
C001135,16,1270.45,0,0,0,0,0.0,0.0,Low Risk
C001136,15,733.01,0,0,0,0,0.0,0.0,Low Risk
C001137,32,2837.57,0,0,0,0,0.0,0.0,Low Risk
C001138,17,1219.28,0,0,0,0,0.0,0.0,Low Risk
C001139,18,2439.5,0,0,0,0,0.0,0.0,Low Risk
C001140,20,1825.02,0,0,0,0,0.0,0.0,Low Risk
C001141,23,1849.26,0,0,0,0,0.0,0.0,Low Risk
C001142,15,1747.06,0,0,0,0,0.0,0.0,Low Risk
C001143,23,2102.59,0,0,0,0,0.0,0.0,Low Risk
C001144,12,959.34,0,0,0,0,0.0,0.0,Low Risk
C001145,28,2227.84,0,0,0,0,0.0,0.0,Low Risk
C001146,19,1116.83,0,0,0,0,0.0,0.0,Low Risk
C001147,15,1385.09,0,0,0,0,0.0,0.0,Low Risk
C001148,21,1877.02,0,0,0,0,0.0,0.0,Low Risk
C001149,16,1684.73,0,0,0,0,0.0,0.0,Low Risk
C001150,16,1561.29,0,0,0,0,0.0,0.0,Low Risk
C001151,21,1386.09,0,0,0,0,0.0,0.0,Low Risk
C001152,22,1723.27,0,0,0,0,0.0,0.0,Low Risk
C001153,16,988.85,0,0,0,0,0.0,0.0,Low Risk
C001154,19,1240.28,0,0,0,0,0.0,0.0,Low Risk
C001155,24,2234.98,0,0,0,0,0.0,0.0,Low Risk
C001156,13,1404.54,0,0,0,0,0.0,0.0,Low Risk
C001157,27,1651.1,0,0,0,0,0.0,0.0,Low Risk
C001158,19,2533.32,0,0,0,0,0.0,0.0,Low Risk
C001159,16,969.1999999999999,0,0,0,0,0.0,0.0,Low Risk
C001160,50,3139.57,20,13,0,13,0.4,0.26,High Risk (Fraud & Rules)
C001161,25,1918.8899999999999,0,0,0,0,0.0,0.0,Low Risk
C001162,18,1605.07,0,0,0,0,0.0,0.0,Low Risk
C001163,20,1428.97,0,0,0,0,0.0,0.0,Low Risk
C001164,15,10665.89,1,0,1,1,0.06666666666666667,0.06666666666666667,High Risk (Fraud & Rules)
C001165,12,892.03,0,0,0,0,0.0,0.0,Low Risk
C001166,14,1236.01,0,0,0,0,0.0,0.0,Low Risk
C001167,21,10075.210000000001,1,0,1,1,0.047619047619047616,0.047619047619047616,High Risk (Fraud & Rules)
C001168,15,1121.53,0,0,0,0,0.0,0.0,Low Risk
C001169,12,989.57,0,0,0,0,0.0,0.0,Low Risk
C001170,16,1199.7,0,0,0,0,0.0,0.0,Low Risk
C001171,18,2136.61,0,0,0,0,0.0,0.0,Low Risk
C001172,22,1649.7,0,0,0,0,0.0,0.0,Low Risk
C001173,30,1559.69,0,0,0,0,0.0,0.0,Low Risk
C001174,16,1519.82,0,0,0,0,0.0,0.0,Low Risk
C001175,27,1826.8899999999999,0,0,0,0,0.0,0.0,Low Risk
C001176,17,1853.67,0,0,0,0,0.0,0.0,Low Risk
C001177,18,1106.42,0,0,0,0,0.0,0.0,Low Risk
C001178,17,679.8100000000001,0,0,0,0,0.0,0.0,Low Risk
C001179,19,1879.77,0,0,0,0,0.0,0.0,Low Risk
C001180,21,1499.76,0,0,0,0,0.0,0.0,Low Risk
C001181,23,1176.23,0,0,0,0,0.0,0.0,Low Risk
C001182,19,973.25,0,0,0,0,0.0,0.0,Low Risk
C001183,21,1285.85,0,0,0,0,0.0,0.0,Low Risk
C001184,16,1049.68,0,0,0,0,0.0,0.0,Low Risk
C001185,21,1617.72,0,0,0,0,0.0,0.0,Low Risk
C001186,22,2320.15,0,0,0,0,0.0,0.0,Low Risk
C001187,20,1785.91,0,0,0,0,0.0,0.0,Low Risk
C001188,46,3015.58,19,13,0,13,0.41304347826086957,0.2826086956521739,High Risk (Fraud & Rules)
C001189,21,1493.3600000000001,0,0,0,0,0.0,0.0,Low Risk
C001190,27,1657.3700000000001,0,0,0,0,0.0,0.0,Low Risk
C001191,24,2221.34,0,0,0,0,0.0,0.0,Low Risk
C001192,21,1767.44,0,0,0,0,0.0,0.0,Low Risk
C001193,23,2128.11,0,0,0,0,0.0,0.0,Low Risk
C001194,21,1727.3300000000002,0,0,0,0,0.0,0.0,Low Risk
C001195,18,1209.01,0,0,0,0,0.0,0.0,Low Risk
C001196,23,892.71,0,0,0,0,0.0,0.0,Low Risk
C001197,15,1137.97,0,0,0,0,0.0,0.0,Low Risk
C001198,27,1393.21,0,0,0,0,0.0,0.0,Low Risk
C001199,26,2484.52,0,0,0,0,0.0,0.0,Low Risk
C001200,11,638.0,0,0,0,0,0.0,0.0,Low Risk
C001201,18,1881.93,0,0,0,0,0.0,0.0,Low Risk
C001202,14,869.98,0,0,0,0,0.0,0.0,Low Risk
C001203,23,1138.42,0,0,0,0,0.0,0.0,Low Risk
C001204,19,1787.23,0,0,0,0,0.0,0.0,Low Risk
C001205,22,3385.97,0,0,0,0,0.0,0.0,Low Risk
C001206,29,2095.36,0,0,0,0,0.0,0.0,Low Risk
C001207,17,1607.94,0,0,0,0,0.0,0.0,Low Risk
C001208,18,948.03,0,0,0,0,0.0,0.0,Low Risk
C001209,21,1419.82,0,0,0,0,0.0,0.0,Low Risk
C001210,17,1340.58,0,0,0,0,0.0,0.0,Low Risk
C001211,17,1435.33,0,0,0,0,0.0,0.0,Low Risk
C001212,11,2089.87,0,0,0,0,0.0,0.0,Low Risk
C001213,14,736.88,0,0,0,0,0.0,0.0,Low Risk
C001214,13,836.34,0,0,0,0,0.0,0.0,Low Risk
C001215,14,651.41,0,0,0,0,0.0,0.0,Low Risk
C001216,29,2180.57,0,0,0,0,0.0,0.0,Low Risk
C001217,21,2559.79,0,0,0,0,0.0,0.0,Low Risk
C001218,12,498.33000000000004,0,0,0,0,0.0,0.0,Low Risk
C001219,21,10744.77,1,0,1,1,0.047619047619047616,0.047619047619047616,High Risk (Fraud & Rules)
C001220,10,625.98,0,0,0,0,0.0,0.0,Low Risk
C001221,14,1209.43,0,0,0,0,0.0,0.0,Low Risk
C001222,17,1208.8300000000002,0,0,0,0,0.0,0.0,Low Risk
C001223,18,1070.09,0,0,0,0,0.0,0.0,Low Risk
C001224,29,1832.06,0,0,0,0,0.0,0.0,Low Risk
C001225,29,2817.47,0,0,0,0,0.0,0.0,Low Risk
C001226,23,1449.32,0,0,0,0,0.0,0.0,Low Risk
C001227,19,9941.52,1,0,1,1,0.05263157894736842,0.05263157894736842,High Risk (Fraud & Rules)
C001228,24,1980.99,0,0,0,0,0.0,0.0,Low Risk
C001229,22,2070.29,0,0,0,0,0.0,0.0,Low Risk
C001230,20,1505.4,0,0,0,0,0.0,0.0,Low Risk
C001231,24,1913.66,0,0,0,0,0.0,0.0,Low Risk
C001232,18,1431.1000000000001,0,0,0,0,0.0,0.0,Low Risk
C001233,18,1462.02,0,0,0,0,0.0,0.0,Low Risk
C001234,16,1344.34,0,0,0,0,0.0,0.0,Low Risk
C001235,19,1336.72,0,0,0,0,0.0,0.0,Low Risk
C001236,20,1221.76,0,0,0,0,0.0,0.0,Low Risk
C001237,17,821.58,0,0,0,0,0.0,0.0,Low Risk
C001238,16,945.2099999999999,0,0,0,0,0.0,0.0,Low Risk
C001239,18,1326.42,0,0,0,0,0.0,0.0,Low Risk
C001240,21,1226.95,0,0,0,0,0.0,0.0,Low Risk
C001241,21,1810.74,0,0,0,0,0.0,0.0,Low Risk
C001242,21,1385.35,0,0,0,0,0.0,0.0,Low Risk
C001243,49,3701.12,20,12,0,12,0.40816326530612246,0.24489795918367346,High Risk (Fraud & Rules)
C001244,14,6132.719999999999,1,0,1,1,0.07142857142857142,0.07142857142857142,High Risk (Fraud & Rules)
C001245,24,1811.08,0,0,0,0,0.0,0.0,Low Risk
C001246,14,2191.7200000000003,0,0,0,0,0.0,0.0,Low Risk
C001247,19,1221.62,0,0,0,0,0.0,0.0,Low Risk
C001248,21,1213.78,0,0,0,0,0.0,0.0,Low Risk
C001249,20,1921.25,0,0,0,0,0.0,0.0,Low Risk
C001250,16,716.22,0,0,0,0,0.0,0.0,Low Risk
C001251,23,3068.56,0,0,0,0,0.0,0.0,Low Risk
C001252,29,2178.22,0,0,0,0,0.0,0.0,Low Risk
C001253,21,2195.99,0,0,0,0,0.0,0.0,Low Risk
C001254,16,9181.97,1,0,1,1,0.0625,0.0625,High Risk (Fraud & Rules)
C001255,20,1893.28,0,0,0,0,0.0,0.0,Low Risk
C001256,17,717.26,0,0,0,0,0.0,0.0,Low Risk
C001257,21,1099.95,0,0,0,0,0.0,0.0,Low Risk
C001258,25,2640.81,0,0,0,0,0.0,0.0,Low Risk
C001259,21,2586.36,0,0,0,0,0.0,0.0,Low Risk
C001260,24,1395.5,0,0,0,0,0.0,0.0,Low Risk
C001261,19,1551.42,0,0,0,0,0.0,0.0,Low Risk
C001262,20,1113.16,0,0,0,0,0.0,0.0,Low Risk
C001263,18,768.71,0,0,0,0,0.0,0.0,Low Risk
C001264,17,1761.6200000000001,0,0,0,0,0.0,0.0,Low Risk
C001265,20,1525.07,0,0,0,0,0.0,0.0,Low Risk
C001266,21,1699.59,0,0,0,0,0.0,0.0,Low Risk
C001267,32,2614.01,0,0,0,0,0.0,0.0,Low Risk
C001268,26,1593.18,0,0,0,0,0.0,0.0,Low Risk
C001269,25,1955.12,0,0,0,0,0.0,0.0,Low Risk
C001270,21,1046.1399999999999,0,0,0,0,0.0,0.0,Low Risk
C001271,27,11478.749999999998,1,0,1,1,0.037037037037037035,0.037037037037037035,High Risk (Fraud & Rules)
C001272,24,1913.45,0,0,0,0,0.0,0.0,Low Risk
C001273,19,6516.789999999999,1,0,0,0,0.05263157894736842,0.0,Low Risk
C001274,28,2312.17,0,0,0,0,0.0,0.0,Low Risk
C001275,16,2179.87,0,0,0,0,0.0,0.0,Low Risk
C001276,19,1023.0,0,0,0,0,0.0,0.0,Low Risk
C001277,24,1521.23,0,0,0,0,0.0,0.0,Low Risk
C001278,21,1355.32,0,0,0,0,0.0,0.0,Low Risk
C001279,24,1548.0,0,0,0,0,0.0,0.0,Low Risk
C001280,13,1000.36,0,0,0,0,0.0,0.0,Low Risk
C001281,19,1728.21,0,0,0,0,0.0,0.0,Low Risk
C001282,26,1616.77,0,0,0,0,0.0,0.0,Low Risk
C001283,17,2404.68,0,0,0,0,0.0,0.0,Low Risk
C001284,12,623.51,0,0,0,0,0.0,0.0,Low Risk
C001285,15,1329.49,0,0,0,0,0.0,0.0,Low Risk
C001286,25,13179.75,1,0,1,1,0.04,0.04,High Risk (Fraud & Rules)
C001287,15,1051.09,0,0,0,0,0.0,0.0,Low Risk
C001288,23,2554.75,0,0,0,0,0.0,0.0,Low Risk
C001289,19,1661.56,0,0,0,0,0.0,0.0,Low Risk
C001290,20,1648.0,0,0,0,0,0.0,0.0,Low Risk
C001291,17,1607.51,0,0,0,0,0.0,0.0,Low Risk
C001292,23,2698.15,0,0,0,0,0.0,0.0,Low Risk
C001293,23,8265.13,1,0,1,1,0.043478260869565216,0.043478260869565216,High Risk (Fraud & Rules)
C001294,15,1351.28,0,0,0,0,0.0,0.0,Low Risk
C001295,20,1316.4,0,0,0,0,0.0,0.0,Low Risk
C001296,23,2678.45,0,0,0,0,0.0,0.0,Low Risk
C001297,22,1852.44,0,0,0,0,0.0,0.0,Low Risk
C001298,17,1739.3600000000001,0,0,0,0,0.0,0.0,Low Risk
C001299,22,1837.73,0,0,0,0,0.0,0.0,Low Risk
C001300,17,12784.03,1,0,1,1,0.058823529411764705,0.058823529411764705,High Risk (Fraud & Rules)
C001301,39,3690.95,11,3,0,3,0.28205128205128205,0.07692307692307693,High Risk (Fraud & Rules)
C001302,20,1397.38,0,0,0,0,0.0,0.0,Low Risk
C001303,23,1253.8,0,0,0,0,0.0,0.0,Low Risk
C001304,23,1819.67,0,0,0,0,0.0,0.0,Low Risk
C001305,20,1748.72,0,0,0,0,0.0,0.0,Low Risk
C001306,25,2856.25,0,0,0,0,0.0,0.0,Low Risk
C001307,23,2473.83,0,0,0,0,0.0,0.0,Low Risk
C001308,17,1302.96,0,0,0,0,0.0,0.0,Low Risk
C001309,21,1432.54,0,0,0,0,0.0,0.0,Low Risk
C001310,19,1338.49,0,0,0,0,0.0,0.0,Low Risk
C001311,18,1460.75,0,0,0,0,0.0,0.0,Low Risk
C001312,19,1928.04,0,0,0,0,0.0,0.0,Low Risk
C001313,47,2916.21,17,9,0,9,0.3617021276595745,0.19148936170212766,High Risk (Fraud & Rules)
C001314,19,1177.4,0,0,0,0,0.0,0.0,Low Risk
C001315,17,2658.81,0,0,0,0,0.0,0.0,Low Risk
C001316,18,11070.8,1,0,1,1,0.05555555555555555,0.05555555555555555,High Risk (Fraud & Rules)
C001317,22,1266.22,0,0,0,0,0.0,0.0,Low Risk
C001318,20,1702.03,0,0,0,0,0.0,0.0,Low Risk
C001319,15,781.91,0,0,0,0,0.0,0.0,Low Risk
C001320,22,1902.47,0,0,0,0,0.0,0.0,Low Risk
C001321,29,2100.51,0,0,0,0,0.0,0.0,Low Risk
C001322,27,2593.4900000000002,0,0,0,0,0.0,0.0,Low Risk
C001323,22,1930.81,0,0,0,0,0.0,0.0,Low Risk
C001324,22,2030.9900000000002,0,0,0,0,0.0,0.0,Low Risk
C001325,23,1082.06,0,0,0,0,0.0,0.0,Low Risk
C001326,22,1746.82,0,0,0,0,0.0,0.0,Low Risk
C001327,19,1432.48,0,0,0,0,0.0,0.0,Low Risk
C001328,19,967.91,0,0,0,0,0.0,0.0,Low Risk
C001329,27,1925.52,0,0,0,0,0.0,0.0,Low Risk
C001330,23,1427.16,0,0,0,0,0.0,0.0,Low Risk
C001331,15,1729.46,0,0,0,0,0.0,0.0,Low Risk
C001332,28,3329.85,0,0,0,0,0.0,0.0,Low Risk
C001333,21,2247.23,0,0,0,0,0.0,0.0,Low Risk
C001334,25,1357.7,0,0,0,0,0.0,0.0,Low Risk
C001335,14,1074.59,0,0,0,0,0.0,0.0,Low Risk
C001336,16,1168.37,0,0,0,0,0.0,0.0,Low Risk
C001337,19,2192.09,0,0,0,0,0.0,0.0,Low Risk
C001338,18,1268.6499999999999,0,0,0,0,0.0,0.0,Low Risk
C001339,16,1044.9,0,0,0,0,0.0,0.0,Low Risk
C001340,18,1410.05,0,0,0,0,0.0,0.0,Low Risk
C001341,22,1691.95,0,0,0,0,0.0,0.0,Low Risk
C001342,16,1012.21,0,0,0,0,0.0,0.0,Low Risk
C001343,21,919.06,0,0,0,0,0.0,0.0,Low Risk
C001344,25,1683.12,0,0,0,0,0.0,0.0,Low Risk
C001345,14,1686.42,0,0,0,0,0.0,0.0,Low Risk
C001346,20,6861.63,1,0,1,1,0.05,0.05,High Risk (Fraud & Rules)
C001347,21,1298.1599999999999,0,0,0,0,0.0,0.0,Low Risk
C001348,17,1600.48,0,0,0,0,0.0,0.0,Low Risk
C001349,24,3437.03,0,0,0,0,0.0,0.0,Low Risk
C001350,18,1521.9,0,0,0,0,0.0,0.0,Low Risk
C001351,16,1024.46,0,0,0,0,0.0,0.0,Low Risk
C001352,34,2240.39,0,0,0,0,0.0,0.0,Low Risk
C001353,18,1152.3600000000001,0,0,0,0,0.0,0.0,Low Risk
C001354,13,1620.97,0,0,0,0,0.0,0.0,Low Risk
C001355,18,1250.7,0,0,0,0,0.0,0.0,Low Risk
C001356,21,2835.15,0,0,0,0,0.0,0.0,Low Risk
C001357,14,1631.83,0,0,0,0,0.0,0.0,Low Risk
C001358,25,1520.3500000000001,0,0,0,0,0.0,0.0,Low Risk
C001359,17,976.15,0,0,0,0,0.0,0.0,Low Risk
C001360,25,2079.0,0,0,0,0,0.0,0.0,Low Risk
C001361,14,976.65,0,0,0,0,0.0,0.0,Low Risk
C001362,24,2984.24,0,0,0,0,0.0,0.0,Low Risk
C001363,22,1549.3999999999999,0,0,0,0,0.0,0.0,Low Risk
C001364,18,980.28,0,0,0,0,0.0,0.0,Low Risk
C001365,24,1597.3000000000002,0,0,0,0,0.0,0.0,Low Risk
C001366,16,979.3,0,0,0,0,0.0,0.0,Low Risk
C001367,21,1273.51,0,0,0,0,0.0,0.0,Low Risk
C001368,26,2115.75,0,0,0,0,0.0,0.0,Low Risk
C001369,16,1657.46,0,0,0,0,0.0,0.0,Low Risk
C001370,15,832.24,0,0,0,0,0.0,0.0,Low Risk
C001371,24,2064.94,0,0,0,0,0.0,0.0,Low Risk
C001372,17,1523.05,0,0,0,0,0.0,0.0,Low Risk
C001373,18,862.13,0,0,0,0,0.0,0.0,Low Risk
C001374,22,2315.6,0,0,0,0,0.0,0.0,Low Risk
C001375,14,989.27,0,0,0,0,0.0,0.0,Low Risk
C001376,24,1909.54,0,0,0,0,0.0,0.0,Low Risk
C001377,15,844.12,0,0,0,0,0.0,0.0,Low Risk
C001378,17,1356.51,0,0,0,0,0.0,0.0,Low Risk
C001379,20,6373.35,1,0,0,0,0.05,0.0,Low Risk
C001380,13,1152.58,0,0,0,0,0.0,0.0,Low Risk
C001381,16,1400.21,0,0,0,0,0.0,0.0,Low Risk
C001382,26,8906.18,1,0,1,1,0.038461538461538464,0.038461538461538464,High Risk (Fraud & Rules)
C001383,28,3072.89,0,0,0,0,0.0,0.0,Low Risk
C001384,21,13487.61,1,0,1,1,0.047619047619047616,0.047619047619047616,High Risk (Fraud & Rules)
C001385,16,1886.44,0,0,0,0,0.0,0.0,Low Risk
C001386,12,531.1,0,0,0,0,0.0,0.0,Low Risk
C001387,23,2041.68,0,0,0,0,0.0,0.0,Low Risk
C001388,27,10874.38,1,0,1,1,0.037037037037037035,0.037037037037037035,High Risk (Fraud & Rules)
C001389,23,1869.0,0,0,0,0,0.0,0.0,Low Risk
C001390,20,1415.99,0,0,0,0,0.0,0.0,Low Risk
C001391,17,2479.82,0,0,0,0,0.0,0.0,Low Risk
C001392,19,780.54,0,0,0,0,0.0,0.0,Low Risk
C001393,23,1955.17,0,0,0,0,0.0,0.0,Low Risk
C001394,18,1143.79,0,0,0,0,0.0,0.0,Low Risk
C001395,22,1349.64,0,0,0,0,0.0,0.0,Low Risk
C001396,16,1423.42,0,0,0,0,0.0,0.0,Low Risk
C001397,20,2227.71,0,0,0,0,0.0,0.0,Low Risk
C001398,18,1564.3,0,0,0,0,0.0,0.0,Low Risk
C001399,17,1611.37,0,0,0,0,0.0,0.0,Low Risk
C001400,21,1244.2,0,0,0,0,0.0,0.0,Low Risk
C001401,16,1701.87,0,0,0,0,0.0,0.0,Low Risk
C001402,20,2029.02,0,0,0,0,0.0,0.0,Low Risk
C001403,24,1850.65,0,0,0,0,0.0,0.0,Low Risk
C001404,19,1342.23,0,0,0,0,0.0,0.0,Low Risk
C001405,15,890.1600000000001,0,0,0,0,0.0,0.0,Low Risk
C001406,22,2314.92,0,0,0,0,0.0,0.0,Low Risk
C001407,20,1294.12,0,0,0,0,0.0,0.0,Low Risk
C001408,29,2374.31,0,0,0,0,0.0,0.0,Low Risk
C001409,21,1522.6100000000001,0,0,0,0,0.0,0.0,Low Risk
C001410,11,808.56,0,0,0,0,0.0,0.0,Low Risk
C001411,20,2140.67,0,0,0,0,0.0,0.0,Low Risk
C001412,18,2141.74,0,0,0,0,0.0,0.0,Low Risk
C001413,23,1719.1,0,0,0,0,0.0,0.0,Low Risk
C001414,25,1914.6,0,0,0,0,0.0,0.0,Low Risk
C001415,22,2910.04,0,0,0,0,0.0,0.0,Low Risk
C001416,18,871.29,0,0,0,0,0.0,0.0,Low Risk
C001417,20,1442.8700000000001,0,0,0,0,0.0,0.0,Low Risk
C001418,22,2018.88,0,0,0,0,0.0,0.0,Low Risk
C001419,30,2127.08,0,0,0,0,0.0,0.0,Low Risk
C001420,25,1203.09,0,0,0,0,0.0,0.0,Low Risk
C001421,15,1175.83,0,0,0,0,0.0,0.0,Low Risk
C001422,27,2701.7,0,0,0,0,0.0,0.0,Low Risk
C001423,15,1145.66,0,0,0,0,0.0,0.0,Low Risk
C001424,16,1276.65,0,0,0,0,0.0,0.0,Low Risk
C001425,21,1835.07,0,0,0,0,0.0,0.0,Low Risk
C001426,13,1428.96,0,0,0,0,0.0,0.0,Low Risk
C001427,16,849.56,0,0,0,0,0.0,0.0,Low Risk
C001428,15,1644.5600000000002,0,0,0,0,0.0,0.0,Low Risk
C001429,26,1820.31,0,0,0,0,0.0,0.0,Low Risk
C001430,19,7865.95,1,0,1,1,0.05263157894736842,0.05263157894736842,High Risk (Fraud & Rules)
C001431,18,1590.76,0,0,0,0,0.0,0.0,Low Risk
C001432,25,1620.9,0,0,0,0,0.0,0.0,Low Risk
C001433,13,749.24,0,0,0,0,0.0,0.0,Low Risk
C001434,21,1195.31,0,0,0,0,0.0,0.0,Low Risk
C001435,23,1377.6799999999998,0,0,0,0,0.0,0.0,Low Risk
C001436,21,1756.0,0,0,0,0,0.0,0.0,Low Risk
C001437,19,1470.39,0,0,0,0,0.0,0.0,Low Risk
C001438,19,1397.7,0,0,0,0,0.0,0.0,Low Risk
C001439,19,1220.27,0,0,0,0,0.0,0.0,Low Risk
C001440,19,1825.34,0,0,0,0,0.0,0.0,Low Risk
C001441,12,1604.25,0,0,0,0,0.0,0.0,Low Risk
C001442,17,969.81,0,0,0,0,0.0,0.0,Low Risk
C001443,22,1028.12,0,0,0,0,0.0,0.0,Low Risk
C001444,20,872.47,0,0,0,0,0.0,0.0,Low Risk
C001445,17,1327.71,0,0,0,0,0.0,0.0,Low Risk
C001446,21,1937.64,0,0,0,0,0.0,0.0,Low Risk
C001447,13,1064.64,0,0,0,0,0.0,0.0,Low Risk
C001448,27,2601.1,0,0,0,0,0.0,0.0,Low Risk
C001449,18,1218.77,0,0,0,0,0.0,0.0,Low Risk
C001450,19,1466.84,0,0,0,0,0.0,0.0,Low Risk
C001451,19,1209.78,0,0,0,0,0.0,0.0,Low Risk
C001452,20,13545.86,1,0,1,1,0.05,0.05,High Risk (Fraud & Rules)
C001453,16,1213.55,0,0,0,0,0.0,0.0,Low Risk
C001454,13,880.11,0,0,0,0,0.0,0.0,Low Risk
C001455,18,977.67,0,0,0,0,0.0,0.0,Low Risk
C001456,18,1198.7,0,0,0,0,0.0,0.0,Low Risk
C001457,24,2092.72,0,0,0,0,0.0,0.0,Low Risk
C001458,22,1243.34,0,0,0,0,0.0,0.0,Low Risk
C001459,15,875.33,0,0,0,0,0.0,0.0,Low Risk
C001460,24,2079.65,0,0,0,0,0.0,0.0,Low Risk
C001461,25,2692.52,0,0,0,0,0.0,0.0,Low Risk
C001462,20,1357.4,0,0,0,0,0.0,0.0,Low Risk
C001463,14,1710.8700000000001,0,0,0,0,0.0,0.0,Low Risk
C001464,19,1775.1299999999999,0,0,0,0,0.0,0.0,Low Risk
C001465,18,1324.84,0,0,0,0,0.0,0.0,Low Risk
C001466,19,2080.64,0,0,0,0,0.0,0.0,Low Risk
C001467,17,1107.28,0,0,0,0,0.0,0.0,Low Risk
C001468,16,837.71,0,0,0,0,0.0,0.0,Low Risk
C001469,21,2656.05,0,0,0,0,0.0,0.0,Low Risk
C001470,14,13761.039999999999,2,0,2,2,0.14285714285714285,0.14285714285714285,High Risk (Fraud & Rules)
C001471,18,1810.93,0,0,0,0,0.0,0.0,Low Risk
C001472,22,2457.41,0,0,0,0,0.0,0.0,Low Risk
C001473,17,1699.7,0,0,0,0,0.0,0.0,Low Risk
C001474,18,1285.28,0,0,0,0,0.0,0.0,Low Risk
C001475,25,2902.91,0,0,0,0,0.0,0.0,Low Risk
C001476,20,813.28,0,0,0,0,0.0,0.0,Low Risk
C001477,11,1101.95,0,0,0,0,0.0,0.0,Low Risk
C001478,24,1704.12,0,0,0,0,0.0,0.0,Low Risk
C001479,16,1326.09,0,0,0,0,0.0,0.0,Low Risk
C001480,25,2388.31,0,0,0,0,0.0,0.0,Low Risk
C001481,26,2217.27,0,0,0,0,0.0,0.0,Low Risk
C001482,18,6395.04,1,0,0,0,0.05555555555555555,0.0,Low Risk
C001483,15,1028.31,0,0,0,0,0.0,0.0,Low Risk
C001484,15,1041.82,0,0,0,0,0.0,0.0,Low Risk
C001485,20,2326.34,0,0,0,0,0.0,0.0,Low Risk
C001486,14,1175.67,0,0,0,0,0.0,0.0,Low Risk
C001487,22,2477.35,0,0,0,0,0.0,0.0,Low Risk
C001488,19,1003.97,0,0,0,0,0.0,0.0,Low Risk
C001489,15,1863.2999999999997,0,0,0,0,0.0,0.0,Low Risk
C001490,26,2597.07,0,0,0,0,0.0,0.0,Low Risk
C001491,21,1581.82,0,0,0,0,0.0,0.0,Low Risk
C001492,9,618.48,0,0,0,0,0.0,0.0,Low Risk
C001493,26,2022.75,0,0,0,0,0.0,0.0,Low Risk
C001494,24,8495.66,1,0,1,1,0.041666666666666664,0.041666666666666664,High Risk (Fraud & Rules)
C001495,21,1439.57,0,0,0,0,0.0,0.0,Low Risk
C001496,19,1761.27,0,0,0,0,0.0,0.0,Low Risk
C001497,21,6915.76,1,0,1,1,0.047619047619047616,0.047619047619047616,High Risk (Fraud & Rules)
C001498,23,1595.81,0,0,0,0,0.0,0.0,Low Risk
C001499,22,11916.35,1,0,1,1,0.045454545454545456,0.045454545454545456,High Risk (Fraud & Rules)
C001500,26,1751.7,0,0,0,0,0.0,0.0,Low Risk
C001501,20,2860.25,0,0,0,0,0.0,0.0,Low Risk
C001502,14,1463.36,0,0,0,0,0.0,0.0,Low Risk
C001503,19,1534.0,0,0,0,0,0.0,0.0,Low Risk
C001504,22,1932.71,0,0,0,0,0.0,0.0,Low Risk
C001505,25,11466.94,1,0,1,1,0.04,0.04,High Risk (Fraud & Rules)
C001506,16,1866.8,0,0,0,0,0.0,0.0,Low Risk
C001507,24,2457.41,0,0,0,0,0.0,0.0,Low Risk
C001508,23,1883.67,0,0,0,0,0.0,0.0,Low Risk
C001509,24,1836.97,0,0,0,0,0.0,0.0,Low Risk
C001510,22,11378.320000000002,1,0,1,1,0.045454545454545456,0.045454545454545456,High Risk (Fraud & Rules)
C001511,23,2114.69,0,0,0,0,0.0,0.0,Low Risk
C001512,18,1256.06,0,0,0,0,0.0,0.0,Low Risk
C001513,23,1208.12,0,0,0,0,0.0,0.0,Low Risk
C001514,12,835.0799999999999,0,0,0,0,0.0,0.0,Low Risk
C001515,23,7474.48,1,0,1,1,0.043478260869565216,0.043478260869565216,High Risk (Fraud & Rules)
C001516,25,1199.52,0,0,0,0,0.0,0.0,Low Risk
C001517,27,1845.95,0,0,0,0,0.0,0.0,Low Risk
C001518,16,1175.56,0,0,0,0,0.0,0.0,Low Risk
C001519,25,1643.83,0,0,0,0,0.0,0.0,Low Risk
C001520,21,1393.49,0,0,0,0,0.0,0.0,Low Risk
C001521,27,2397.21,0,0,0,0,0.0,0.0,Low Risk
C001522,21,1458.94,0,0,0,0,0.0,0.0,Low Risk
C001523,16,1336.01,0,0,0,0,0.0,0.0,Low Risk
C001524,14,8568.32,1,0,1,1,0.07142857142857142,0.07142857142857142,High Risk (Fraud & Rules)
C001525,24,1583.06,0,0,0,0,0.0,0.0,Low Risk
C001526,17,1209.6399999999999,0,0,0,0,0.0,0.0,Low Risk
C001527,24,1761.85,0,0,0,0,0.0,0.0,Low Risk
C001528,28,1814.77,0,0,0,0,0.0,0.0,Low Risk
C001529,20,1836.3700000000001,0,0,0,0,0.0,0.0,Low Risk
C001530,27,2327.98,0,0,0,0,0.0,0.0,Low Risk
C001531,24,2486.87,0,0,0,0,0.0,0.0,Low Risk
C001532,17,2149.9300000000003,0,0,0,0,0.0,0.0,Low Risk
C001533,16,825.85,0,0,0,0,0.0,0.0,Low Risk
C001534,23,1501.36,0,0,0,0,0.0,0.0,Low Risk
C001535,30,1338.84,0,0,0,0,0.0,0.0,Low Risk
C001536,24,2254.89,0,0,0,0,0.0,0.0,Low Risk
C001537,25,2456.33,0,0,0,0,0.0,0.0,Low Risk
C001538,15,11765.64,1,0,1,1,0.06666666666666667,0.06666666666666667,High Risk (Fraud & Rules)
C001539,15,1120.67,0,0,0,0,0.0,0.0,Low Risk
C001540,14,751.34,0,0,0,0,0.0,0.0,Low Risk
C001541,26,1485.41,0,0,0,0,0.0,0.0,Low Risk
C001542,18,1511.5,0,0,0,0,0.0,0.0,Low Risk
C001543,16,6875.83,1,0,1,1,0.0625,0.0625,High Risk (Fraud & Rules)
C001544,23,2200.05,0,0,0,0,0.0,0.0,Low Risk
C001545,25,2110.39,0,0,0,0,0.0,0.0,Low Risk
C001546,14,939.0699999999999,0,0,0,0,0.0,0.0,Low Risk
C001547,24,2491.59,0,0,0,0,0.0,0.0,Low Risk
C001548,19,1283.49,0,0,0,0,0.0,0.0,Low Risk
C001549,15,870.4300000000001,0,0,0,0,0.0,0.0,Low Risk
C001550,19,970.64,0,0,0,0,0.0,0.0,Low Risk
C001551,20,1523.32,0,0,0,0,0.0,0.0,Low Risk
C001552,22,1630.03,0,0,0,0,0.0,0.0,Low Risk
C001553,24,2244.98,0,0,0,0,0.0,0.0,Low Risk
C001554,17,2289.89,0,0,0,0,0.0,0.0,Low Risk
C001555,29,2401.75,0,0,0,0,0.0,0.0,Low Risk
C001556,14,1073.38,0,0,0,0,0.0,0.0,Low Risk
C001557,24,1452.93,0,0,0,0,0.0,0.0,Low Risk
C001558,23,1423.43,0,0,0,0,0.0,0.0,Low Risk
C001559,25,2307.23,0,0,0,0,0.0,0.0,Low Risk
C001560,18,1408.22,0,0,0,0,0.0,0.0,Low Risk
C001561,24,1790.22,0,0,0,0,0.0,0.0,Low Risk
C001562,11,895.32,0,0,0,0,0.0,0.0,Low Risk
C001563,19,1119.6100000000001,0,0,0,0,0.0,0.0,Low Risk
C001564,22,859.72,0,0,0,0,0.0,0.0,Low Risk
C001565,12,1043.54,0,0,0,0,0.0,0.0,Low Risk
C001566,27,1568.13,0,0,0,0,0.0,0.0,Low Risk
C001567,23,2354.66,0,0,0,0,0.0,0.0,Low Risk
C001568,17,2760.99,0,0,0,0,0.0,0.0,Low Risk
C001569,20,2336.72,0,0,0,0,0.0,0.0,Low Risk
C001570,12,1295.9,0,0,0,0,0.0,0.0,Low Risk
C001571,19,1443.84,0,0,0,0,0.0,0.0,Low Risk
C001572,21,1909.45,0,0,0,0,0.0,0.0,Low Risk
C001573,26,1935.01,0,0,0,0,0.0,0.0,Low Risk
C001574,17,1875.5900000000001,0,0,0,0,0.0,0.0,Low Risk
C001575,11,424.65999999999997,0,0,0,0,0.0,0.0,Low Risk
C001576,20,1208.0900000000001,0,0,0,0,0.0,0.0,Low Risk
C001577,20,1066.65,0,0,0,0,0.0,0.0,Low Risk
C001578,14,1242.18,0,0,0,0,0.0,0.0,Low Risk
C001579,16,2293.69,0,0,0,0,0.0,0.0,Low Risk
C001580,17,2095.14,0,0,0,0,0.0,0.0,Low Risk
C001581,20,1050.53,0,0,0,0,0.0,0.0,Low Risk
C001582,19,8284.16,1,0,1,1,0.05263157894736842,0.05263157894736842,High Risk (Fraud & Rules)
C001583,22,1195.75,0,0,0,0,0.0,0.0,Low Risk
C001584,14,1128.57,0,0,0,0,0.0,0.0,Low Risk
C001585,17,1354.79,0,0,0,0,0.0,0.0,Low Risk
C001586,22,2595.8199999999997,0,0,0,0,0.0,0.0,Low Risk
C001587,25,2034.21,0,0,0,0,0.0,0.0,Low Risk
C001588,40,1994.39,12,8,0,8,0.3,0.2,High Risk (Fraud & Rules)
C001589,23,1522.71,0,0,0,0,0.0,0.0,Low Risk
C001590,19,1829.3700000000001,0,0,0,0,0.0,0.0,Low Risk
C001591,15,1123.89,0,0,0,0,0.0,0.0,Low Risk
C001592,22,1551.6,0,0,0,0,0.0,0.0,Low Risk
C001593,23,2362.95,0,0,0,0,0.0,0.0,Low Risk
C001594,27,2429.09,0,0,0,0,0.0,0.0,Low Risk
C001595,18,825.55,0,0,0,0,0.0,0.0,Low Risk
C001596,25,2112.06,0,0,0,0,0.0,0.0,Low Risk
C001597,21,1336.1499999999999,0,0,0,0,0.0,0.0,Low Risk
C001598,15,1383.47,0,0,0,0,0.0,0.0,Low Risk
C001599,22,2007.4,0,0,0,0,0.0,0.0,Low Risk
C001600,18,2165.9,0,0,0,0,0.0,0.0,Low Risk
C001601,22,1139.49,0,0,0,0,0.0,0.0,Low Risk
C001602,19,1153.56,0,0,0,0,0.0,0.0,Low Risk
C001603,20,1817.56,0,0,0,0,0.0,0.0,Low Risk
C001604,22,1584.04,0,0,0,0,0.0,0.0,Low Risk
C001605,24,1873.81,0,0,0,0,0.0,0.0,Low Risk
C001606,18,1574.59,0,0,0,0,0.0,0.0,Low Risk
C001607,30,2002.3799999999999,0,0,0,0,0.0,0.0,Low Risk
C001608,22,1606.8600000000001,0,0,0,0,0.0,0.0,Low Risk
C001609,21,2388.0,0,0,0,0,0.0,0.0,Low Risk
C001610,19,1643.1000000000001,0,0,0,0,0.0,0.0,Low Risk
C001611,14,839.3,0,0,0,0,0.0,0.0,Low Risk
C001612,21,2447.52,0,0,0,0,0.0,0.0,Low Risk
C001613,19,1386.5,0,0,0,0,0.0,0.0,Low Risk
C001614,24,1857.29,0,0,0,0,0.0,0.0,Low Risk
C001615,19,1620.47,0,0,0,0,0.0,0.0,Low Risk
C001616,26,2783.29,0,0,0,0,0.0,0.0,Low Risk
C001617,12,1199.42,0,0,0,0,0.0,0.0,Low Risk
C001618,20,1793.82,0,0,0,0,0.0,0.0,Low Risk
C001619,18,1157.79,0,0,0,0,0.0,0.0,Low Risk
C001620,22,1702.27,0,0,0,0,0.0,0.0,Low Risk
C001621,19,1250.43,0,0,0,0,0.0,0.0,Low Risk
C001622,31,10227.460000000001,1,0,1,1,0.03225806451612903,0.03225806451612903,High Risk (Fraud & Rules)
C001623,16,1552.43,0,0,0,0,0.0,0.0,Low Risk
C001624,15,1446.14,0,0,0,0,0.0,0.0,Low Risk
C001625,21,1256.47,0,0,0,0,0.0,0.0,Low Risk
C001626,14,965.06,0,0,0,0,0.0,0.0,Low Risk
C001627,20,1588.08,0,0,0,0,0.0,0.0,Low Risk
C001628,21,1459.77,0,0,0,0,0.0,0.0,Low Risk
C001629,25,1087.99,0,0,0,0,0.0,0.0,Low Risk
C001630,29,2141.86,0,0,0,0,0.0,0.0,Low Risk
C001631,18,1636.23,0,0,0,0,0.0,0.0,Low Risk
C001632,22,1902.81,0,0,0,0,0.0,0.0,Low Risk
C001633,21,2845.34,0,0,0,0,0.0,0.0,Low Risk
C001634,21,1462.68,0,0,0,0,0.0,0.0,Low Risk
C001635,18,1054.74,0,0,0,0,0.0,0.0,Low Risk
C001636,18,1727.27,0,0,0,0,0.0,0.0,Low Risk
C001637,17,904.13,0,0,0,0,0.0,0.0,Low Risk
C001638,22,1301.99,0,0,0,0,0.0,0.0,Low Risk
C001639,29,2263.01,0,0,0,0,0.0,0.0,Low Risk
C001640,20,1031.28,0,0,0,0,0.0,0.0,Low Risk
C001641,18,1693.89,0,0,0,0,0.0,0.0,Low Risk
C001642,26,2228.31,0,0,0,0,0.0,0.0,Low Risk
C001643,16,987.39,0,0,0,0,0.0,0.0,Low Risk
C001644,19,821.4300000000001,0,0,0,0,0.0,0.0,Low Risk
C001645,18,10346.95,1,0,1,1,0.05555555555555555,0.05555555555555555,High Risk (Fraud & Rules)
C001646,15,1266.05,0,0,0,0,0.0,0.0,Low Risk
C001647,28,1883.24,0,0,0,0,0.0,0.0,Low Risk
C001648,21,1442.21,0,0,0,0,0.0,0.0,Low Risk
C001649,25,1541.26,0,0,0,0,0.0,0.0,Low Risk
C001650,18,1407.5,0,0,0,0,0.0,0.0,Low Risk
C001651,17,1123.24,0,0,0,0,0.0,0.0,Low Risk
C001652,27,2946.08,0,0,0,0,0.0,0.0,Low Risk
C001653,21,1064.49,0,0,0,0,0.0,0.0,Low Risk
C001654,16,769.39,0,0,0,0,0.0,0.0,Low Risk
C001655,14,889.3199999999999,0,0,0,0,0.0,0.0,Low Risk
C001656,20,1971.95,0,0,0,0,0.0,0.0,Low Risk
C001657,15,1390.78,0,0,0,0,0.0,0.0,Low Risk
C001658,18,1336.21,0,0,0,0,0.0,0.0,Low Risk
C001659,20,1153.61,0,0,0,0,0.0,0.0,Low Risk
C001660,22,1624.84,0,0,0,0,0.0,0.0,Low Risk
C001661,13,798.94,0,0,0,0,0.0,0.0,Low Risk
C001662,21,1235.41,0,0,0,0,0.0,0.0,Low Risk
C001663,19,1690.03,0,0,0,0,0.0,0.0,Low Risk
C001664,21,7372.31,1,0,1,1,0.047619047619047616,0.047619047619047616,High Risk (Fraud & Rules)
C001665,23,1895.43,0,0,0,0,0.0,0.0,Low Risk
C001666,18,1647.85,0,0,0,0,0.0,0.0,Low Risk
C001667,17,848.5,0,0,0,0,0.0,0.0,Low Risk
C001668,18,1004.09,0,0,0,0,0.0,0.0,Low Risk
C001669,24,1674.44,0,0,0,0,0.0,0.0,Low Risk
C001670,33,3805.98,0,0,0,0,0.0,0.0,Low Risk
C001671,16,882.09,0,0,0,0,0.0,0.0,Low Risk
C001672,27,2584.93,0,0,0,0,0.0,0.0,Low Risk
C001673,16,956.7900000000001,0,0,0,0,0.0,0.0,Low Risk
C001674,21,1727.51,0,0,0,0,0.0,0.0,Low Risk
C001675,17,1135.74,0,0,0,0,0.0,0.0,Low Risk
C001676,15,12205.250000000002,1,0,1,1,0.06666666666666667,0.06666666666666667,High Risk (Fraud & Rules)
C001677,18,8907.0,1,0,1,1,0.05555555555555555,0.05555555555555555,High Risk (Fraud & Rules)
C001678,23,1708.53,0,0,0,0,0.0,0.0,Low Risk
C001679,15,1251.79,0,0,0,0,0.0,0.0,Low Risk
C001680,22,2019.72,0,0,0,0,0.0,0.0,Low Risk
C001681,26,1861.23,0,0,0,0,0.0,0.0,Low Risk
C001682,18,2397.7999999999997,0,0,0,0,0.0,0.0,Low Risk
C001683,16,1457.75,0,0,0,0,0.0,0.0,Low Risk
C001684,17,1398.14,0,0,0,0,0.0,0.0,Low Risk
C001685,21,1349.95,0,0,0,0,0.0,0.0,Low Risk
C001686,19,2171.09,0,0,0,0,0.0,0.0,Low Risk
C001687,21,1447.4,0,0,0,0,0.0,0.0,Low Risk
C001688,31,2400.9,0,0,0,0,0.0,0.0,Low Risk
C001689,21,1761.98,0,0,0,0,0.0,0.0,Low Risk
C001690,18,1101.69,0,0,0,0,0.0,0.0,Low Risk
C001691,17,1257.93,0,0,0,0,0.0,0.0,Low Risk
C001692,21,2020.54,0,0,0,0,0.0,0.0,Low Risk
C001693,20,12065.400000000001,1,0,1,1,0.05,0.05,High Risk (Fraud & Rules)
C001694,27,2285.21,0,0,0,0,0.0,0.0,Low Risk
C001695,25,1273.42,0,0,0,0,0.0,0.0,Low Risk
C001696,20,1746.06,0,0,0,0,0.0,0.0,Low Risk
C001697,18,1649.0,0,0,0,0,0.0,0.0,Low Risk
C001698,22,1787.97,0,0,0,0,0.0,0.0,Low Risk
C001699,17,1045.3,0,0,0,0,0.0,0.0,Low Risk
C001700,11,514.55,0,0,0,0,0.0,0.0,Low Risk
C001701,19,1552.22,0,0,0,0,0.0,0.0,Low Risk
C001702,24,1553.5900000000001,0,0,0,0,0.0,0.0,Low Risk
C001703,32,1957.8899999999999,0,0,0,0,0.0,0.0,Low Risk
C001704,21,3006.24,0,0,0,0,0.0,0.0,Low Risk
C001705,23,1093.6200000000001,0,0,0,0,0.0,0.0,Low Risk
C001706,20,1168.3799999999999,0,0,0,0,0.0,0.0,Low Risk
C001707,25,1598.43,0,0,0,0,0.0,0.0,Low Risk
C001708,18,906.48,0,0,0,0,0.0,0.0,Low Risk
C001709,22,3605.01,0,0,0,0,0.0,0.0,Low Risk
C001710,23,2034.19,0,0,0,0,0.0,0.0,Low Risk
C001711,16,1394.65,0,0,0,0,0.0,0.0,Low Risk
C001712,16,1033.94,0,0,0,0,0.0,0.0,Low Risk
C001713,20,1223.62,0,0,0,0,0.0,0.0,Low Risk
C001714,18,1655.6,0,0,0,0,0.0,0.0,Low Risk
C001715,19,1225.85,0,0,0,0,0.0,0.0,Low Risk
C001716,22,3145.1,0,0,0,0,0.0,0.0,Low Risk
C001717,26,2721.14,0,0,0,0,0.0,0.0,Low Risk
C001718,14,924.71,0,0,0,0,0.0,0.0,Low Risk
C001719,16,1072.39,0,0,0,0,0.0,0.0,Low Risk
C001720,16,1989.81,0,0,0,0,0.0,0.0,Low Risk
C001721,19,1240.53,0,0,0,0,0.0,0.0,Low Risk
C001722,20,1852.7,0,0,0,0,0.0,0.0,Low Risk
C001723,17,1166.34,0,0,0,0,0.0,0.0,Low Risk
C001724,18,985.81,0,0,0,0,0.0,0.0,Low Risk
C001725,12,929.9399999999999,0,0,0,0,0.0,0.0,Low Risk
C001726,29,1658.1200000000001,0,0,0,0,0.0,0.0,Low Risk
C001727,20,2687.32,0,0,0,0,0.0,0.0,Low Risk
C001728,22,1357.98,0,0,0,0,0.0,0.0,Low Risk
C001729,13,670.2,0,0,0,0,0.0,0.0,Low Risk
C001730,49,14684.74,19,10,1,11,0.3877551020408163,0.22448979591836735,High Risk (Fraud & Rules)
C001731,12,505.8,0,0,0,0,0.0,0.0,Low Risk
C001732,27,1559.3,0,0,0,0,0.0,0.0,Low Risk
C001733,18,1400.05,0,0,0,0,0.0,0.0,Low Risk
C001734,24,1768.02,0,0,0,0,0.0,0.0,Low Risk
C001735,15,1110.07,0,0,0,0,0.0,0.0,Low Risk
C001736,20,1763.46,0,0,0,0,0.0,0.0,Low Risk
C001737,22,2625.73,0,0,0,0,0.0,0.0,Low Risk
C001738,18,998.7099999999999,0,0,0,0,0.0,0.0,Low Risk
C001739,18,1628.49,0,0,0,0,0.0,0.0,Low Risk
C001740,19,1808.29,0,0,0,0,0.0,0.0,Low Risk
C001741,23,2377.93,0,0,0,0,0.0,0.0,Low Risk
C001742,18,1293.62,0,0,0,0,0.0,0.0,Low Risk
C001743,23,13685.79,1,0,1,1,0.043478260869565216,0.043478260869565216,High Risk (Fraud & Rules)
C001744,11,830.9,0,0,0,0,0.0,0.0,Low Risk
C001745,21,2182.41,0,0,0,0,0.0,0.0,Low Risk
C001746,27,3248.4700000000003,0,0,0,0,0.0,0.0,Low Risk
C001747,17,1232.65,0,0,0,0,0.0,0.0,Low Risk
C001748,12,1004.68,0,0,0,0,0.0,0.0,Low Risk
C001749,23,9435.470000000001,1,0,1,1,0.043478260869565216,0.043478260869565216,High Risk (Fraud & Rules)
C001750,21,1178.47,0,0,0,0,0.0,0.0,Low Risk
C001751,13,1296.63,0,0,0,0,0.0,0.0,Low Risk
C001752,21,1932.06,0,0,0,0,0.0,0.0,Low Risk
C001753,14,874.23,0,0,0,0,0.0,0.0,Low Risk
C001754,26,2950.7999999999997,0,0,0,0,0.0,0.0,Low Risk
C001755,23,1604.75,0,0,0,0,0.0,0.0,Low Risk
C001756,23,1053.55,0,0,0,0,0.0,0.0,Low Risk
C001757,17,1649.08,0,0,0,0,0.0,0.0,Low Risk
C001758,22,2309.98,0,0,0,0,0.0,0.0,Low Risk
C001759,21,2034.78,0,0,0,0,0.0,0.0,Low Risk
C001760,21,1157.8799999999999,0,0,0,0,0.0,0.0,Low Risk
C001761,24,2201.13,0,0,0,0,0.0,0.0,Low Risk
C001762,20,1172.19,0,0,0,0,0.0,0.0,Low Risk
C001763,51,3413.57,24,17,0,17,0.47058823529411764,0.3333333333333333,High Risk (Fraud & Rules)
C001764,21,1456.89,0,0,0,0,0.0,0.0,Low Risk
C001765,18,1326.47,0,0,0,0,0.0,0.0,Low Risk
C001766,20,1445.0,0,0,0,0,0.0,0.0,Low Risk
C001767,18,1259.86,0,0,0,0,0.0,0.0,Low Risk
C001768,25,1502.44,0,0,0,0,0.0,0.0,Low Risk
C001769,19,13367.000000000002,1,0,1,1,0.05263157894736842,0.05263157894736842,High Risk (Fraud & Rules)
C001770,16,1392.79,0,0,0,0,0.0,0.0,Low Risk
C001771,19,931.83,0,0,0,0,0.0,0.0,Low Risk
C001772,11,592.11,0,0,0,0,0.0,0.0,Low Risk
C001773,24,1891.47,0,0,0,0,0.0,0.0,Low Risk
C001774,21,1856.51,0,0,0,0,0.0,0.0,Low Risk
C001775,21,2846.53,0,0,0,0,0.0,0.0,Low Risk
C001776,21,2536.33,0,0,0,0,0.0,0.0,Low Risk
C001777,20,1242.88,0,0,0,0,0.0,0.0,Low Risk
C001778,19,1711.33,0,0,0,0,0.0,0.0,Low Risk
C001779,25,2043.63,0,0,0,0,0.0,0.0,Low Risk
C001780,20,5977.709999999999,1,0,0,0,0.05,0.0,Low Risk
C001781,16,1110.05,0,0,0,0,0.0,0.0,Low Risk
C001782,17,1078.6,0,0,0,0,0.0,0.0,Low Risk
C001783,21,2065.82,0,0,0,0,0.0,0.0,Low Risk
C001784,22,1988.95,0,0,0,0,0.0,0.0,Low Risk
C001785,17,1926.68,0,0,0,0,0.0,0.0,Low Risk
C001786,16,923.28,0,0,0,0,0.0,0.0,Low Risk
C001787,19,2180.42,0,0,0,0,0.0,0.0,Low Risk
C001788,23,1454.57,0,0,0,0,0.0,0.0,Low Risk
C001789,19,780.55,0,0,0,0,0.0,0.0,Low Risk
C001790,18,2323.35,0,0,0,0,0.0,0.0,Low Risk
C001791,22,1433.89,0,0,0,0,0.0,0.0,Low Risk
C001792,22,1422.46,0,0,0,0,0.0,0.0,Low Risk
C001793,26,2899.52,0,0,0,0,0.0,0.0,Low Risk
C001794,18,10484.72,1,0,1,1,0.05555555555555555,0.05555555555555555,High Risk (Fraud & Rules)
C001795,19,1608.95,0,0,0,0,0.0,0.0,Low Risk
C001796,23,1485.45,0,0,0,0,0.0,0.0,Low Risk
C001797,15,1161.74,0,0,0,0,0.0,0.0,Low Risk
C001798,15,1862.25,0,0,0,0,0.0,0.0,Low Risk
C001799,24,1849.64,0,0,0,0,0.0,0.0,Low Risk
C001800,28,14479.36,1,0,1,1,0.03571428571428571,0.03571428571428571,High Risk (Fraud & Rules)
C001801,19,1658.1,0,0,0,0,0.0,0.0,Low Risk
C001802,24,1730.5,0,0,0,0,0.0,0.0,Low Risk
C001803,19,1241.27,0,0,0,0,0.0,0.0,Low Risk
C001804,46,12628.869999999999,14,6,1,7,0.30434782608695654,0.15217391304347827,High Risk (Fraud & Rules)
C001805,24,2229.35,0,0,0,0,0.0,0.0,Low Risk
C001806,21,1824.65,0,0,0,0,0.0,0.0,Low Risk
C001807,26,1934.26,0,0,0,0,0.0,0.0,Low Risk
C001808,22,1492.64,0,0,0,0,0.0,0.0,Low Risk
C001809,24,1852.23,0,0,0,0,0.0,0.0,Low Risk
C001810,20,1362.27,0,0,0,0,0.0,0.0,Low Risk
C001811,26,1257.08,0,0,0,0,0.0,0.0,Low Risk
C001812,19,1318.86,0,0,0,0,0.0,0.0,Low Risk
C001813,25,2413.15,0,0,0,0,0.0,0.0,Low Risk
C001814,15,1373.34,0,0,0,0,0.0,0.0,Low Risk
C001815,25,3043.69,0,0,0,0,0.0,0.0,Low Risk
C001816,18,1634.61,0,0,0,0,0.0,0.0,Low Risk
C001817,19,1466.95,0,0,0,0,0.0,0.0,Low Risk
C001818,23,1555.29,0,0,0,0,0.0,0.0,Low Risk
C001819,16,1371.22,0,0,0,0,0.0,0.0,Low Risk
C001820,23,1291.33,0,0,0,0,0.0,0.0,Low Risk
C001821,9,544.74,0,0,0,0,0.0,0.0,Low Risk
C001822,21,1179.3,0,0,0,0,0.0,0.0,Low Risk
C001823,15,1820.08,0,0,0,0,0.0,0.0,Low Risk
C001824,26,2446.19,0,0,0,0,0.0,0.0,Low Risk
C001825,19,1572.0700000000002,0,0,0,0,0.0,0.0,Low Risk
C001826,20,1313.37,0,0,0,0,0.0,0.0,Low Risk
C001827,16,1116.15,0,0,0,0,0.0,0.0,Low Risk
C001828,17,2294.77,0,0,0,0,0.0,0.0,Low Risk
C001829,16,1137.15,0,0,0,0,0.0,0.0,Low Risk
C001830,22,2132.09,0,0,0,0,0.0,0.0,Low Risk
C001831,16,1243.93,0,0,0,0,0.0,0.0,Low Risk
C001832,21,2038.1899999999998,0,0,0,0,0.0,0.0,Low Risk
C001833,18,1590.75,0,0,0,0,0.0,0.0,Low Risk
C001834,21,2236.56,0,0,0,0,0.0,0.0,Low Risk
C001835,20,9254.86,1,0,1,1,0.05,0.05,High Risk (Fraud & Rules)
C001836,15,2333.63,0,0,0,0,0.0,0.0,Low Risk
C001837,21,7321.28,1,0,1,1,0.047619047619047616,0.047619047619047616,High Risk (Fraud & Rules)
C001838,21,1379.93,0,0,0,0,0.0,0.0,Low Risk
C001839,26,1873.49,0,0,0,0,0.0,0.0,Low Risk
C001840,18,1490.54,0,0,0,0,0.0,0.0,Low Risk
C001841,18,1766.73,0,0,0,0,0.0,0.0,Low Risk
C001842,19,1753.56,0,0,0,0,0.0,0.0,Low Risk
C001843,21,1282.8,0,0,0,0,0.0,0.0,Low Risk
C001844,23,1906.75,0,0,0,0,0.0,0.0,Low Risk
C001845,21,1084.22,0,0,0,0,0.0,0.0,Low Risk
C001846,15,1305.6299999999999,0,0,0,0,0.0,0.0,Low Risk
C001847,20,1115.93,0,0,0,0,0.0,0.0,Low Risk
C001848,28,2720.46,0,0,0,0,0.0,0.0,Low Risk
C001849,20,1899.8,0,0,0,0,0.0,0.0,Low Risk
C001850,50,4978.08,18,10,0,10,0.36,0.2,High Risk (Fraud & Rules)
C001851,11,891.8499999999999,0,0,0,0,0.0,0.0,Low Risk
C001852,12,770.38,0,0,0,0,0.0,0.0,Low Risk
C001853,20,3101.5699999999997,0,0,0,0,0.0,0.0,Low Risk
C001854,22,1690.56,0,0,0,0,0.0,0.0,Low Risk
C001855,23,1371.23,0,0,0,0,0.0,0.0,Low Risk
C001856,15,973.6,0,0,0,0,0.0,0.0,Low Risk
C001857,20,1401.31,0,0,0,0,0.0,0.0,Low Risk
C001858,19,1735.1699999999998,0,0,0,0,0.0,0.0,Low Risk
C001859,10,809.36,0,0,0,0,0.0,0.0,Low Risk
C001860,23,1889.39,0,0,0,0,0.0,0.0,Low Risk
C001861,17,1361.28,0,0,0,0,0.0,0.0,Low Risk
C001862,28,2124.88,0,0,0,0,0.0,0.0,Low Risk
C001863,17,1726.4099999999999,0,0,0,0,0.0,0.0,Low Risk
C001864,16,1325.53,0,0,0,0,0.0,0.0,Low Risk
C001865,22,2082.32,0,0,0,0,0.0,0.0,Low Risk
C001866,25,1408.55,0,0,0,0,0.0,0.0,Low Risk
C001867,18,1477.3000000000002,0,0,0,0,0.0,0.0,Low Risk
C001868,16,1161.56,0,0,0,0,0.0,0.0,Low Risk
C001869,21,2524.69,0,0,0,0,0.0,0.0,Low Risk
C001870,21,1823.26,0,0,0,0,0.0,0.0,Low Risk
C001871,18,1485.33,0,0,0,0,0.0,0.0,Low Risk
C001872,21,2718.91,0,0,0,0,0.0,0.0,Low Risk
C001873,25,2749.91,0,0,0,0,0.0,0.0,Low Risk
C001874,19,846.73,0,0,0,0,0.0,0.0,Low Risk
C001875,20,1198.67,0,0,0,0,0.0,0.0,Low Risk
C001876,19,1569.64,0,0,0,0,0.0,0.0,Low Risk
C001877,18,2862.02,0,0,0,0,0.0,0.0,Low Risk
C001878,24,2049.45,0,0,0,0,0.0,0.0,Low Risk
C001879,22,1328.83,0,0,0,0,0.0,0.0,Low Risk
C001880,25,2014.83,0,0,0,0,0.0,0.0,Low Risk
C001881,22,1669.67,0,0,0,0,0.0,0.0,Low Risk
C001882,18,1360.34,0,0,0,0,0.0,0.0,Low Risk
C001883,26,2227.73,0,0,0,0,0.0,0.0,Low Risk
C001884,16,1690.63,0,0,0,0,0.0,0.0,Low Risk
C001885,17,1153.12,0,0,0,0,0.0,0.0,Low Risk
C001886,15,1890.6499999999999,0,0,0,0,0.0,0.0,Low Risk
C001887,29,2648.39,0,0,0,0,0.0,0.0,Low Risk
C001888,19,10436.019999999999,1,0,1,1,0.05263157894736842,0.05263157894736842,High Risk (Fraud & Rules)
C001889,15,916.16,0,0,0,0,0.0,0.0,Low Risk
C001890,15,1205.3600000000001,0,0,0,0,0.0,0.0,Low Risk
C001891,21,1239.21,0,0,0,0,0.0,0.0,Low Risk
C001892,29,1981.3700000000001,0,0,0,0,0.0,0.0,Low Risk
C001893,24,2383.1099999999997,0,0,0,0,0.0,0.0,Low Risk
C001894,14,1203.09,0,0,0,0,0.0,0.0,Low Risk
C001895,21,2135.2,0,0,0,0,0.0,0.0,Low Risk
C001896,22,1399.76,0,0,0,0,0.0,0.0,Low Risk
C001897,18,1459.41,0,0,0,0,0.0,0.0,Low Risk
C001898,13,681.01,0,0,0,0,0.0,0.0,Low Risk
C001899,26,1523.1799999999998,0,0,0,0,0.0,0.0,Low Risk
C001900,24,1633.5,0,0,0,0,0.0,0.0,Low Risk
C001901,25,1962.42,0,0,0,0,0.0,0.0,Low Risk
C001902,19,2027.03,0,0,0,0,0.0,0.0,Low Risk
C001903,20,2015.7,0,0,0,0,0.0,0.0,Low Risk
C001904,15,750.45,0,0,0,0,0.0,0.0,Low Risk
C001905,15,985.67,0,0,0,0,0.0,0.0,Low Risk
C001906,24,2526.19,0,0,0,0,0.0,0.0,Low Risk
C001907,22,2587.49,0,0,0,0,0.0,0.0,Low Risk
C001908,25,2232.6,0,0,0,0,0.0,0.0,Low Risk
C001909,19,1223.48,0,0,0,0,0.0,0.0,Low Risk
C001910,23,1171.42,0,0,0,0,0.0,0.0,Low Risk
C001911,20,2424.52,0,0,0,0,0.0,0.0,Low Risk
C001912,21,1583.8000000000002,0,0,0,0,0.0,0.0,Low Risk
C001913,21,1344.61,0,0,0,0,0.0,0.0,Low Risk
C001914,17,7444.2699999999995,1,0,1,1,0.058823529411764705,0.058823529411764705,High Risk (Fraud & Rules)
C001915,18,1114.95,0,0,0,0,0.0,0.0,Low Risk
C001916,17,1370.27,0,0,0,0,0.0,0.0,Low Risk
C001917,14,908.56,0,0,0,0,0.0,0.0,Low Risk
C001918,17,969.6899999999999,0,0,0,0,0.0,0.0,Low Risk
C001919,14,1315.53,0,0,0,0,0.0,0.0,Low Risk
C001920,26,1974.27,0,0,0,0,0.0,0.0,Low Risk
C001921,11,1034.03,0,0,0,0,0.0,0.0,Low Risk
C001922,23,2425.05,0,0,0,0,0.0,0.0,Low Risk
C001923,22,1032.76,0,0,0,0,0.0,0.0,Low Risk
C001924,21,1292.02,0,0,0,0,0.0,0.0,Low Risk
C001925,16,1021.92,0,0,0,0,0.0,0.0,Low Risk
C001926,18,1644.43,0,0,0,0,0.0,0.0,Low Risk
C001927,20,1385.09,0,0,0,0,0.0,0.0,Low Risk
C001928,18,2157.92,0,0,0,0,0.0,0.0,Low Risk
C001929,19,1716.98,0,0,0,0,0.0,0.0,Low Risk
C001930,17,1465.78,0,0,0,0,0.0,0.0,Low Risk
C001931,25,2197.04,0,0,0,0,0.0,0.0,Low Risk
C001932,13,682.34,0,0,0,0,0.0,0.0,Low Risk
C001933,34,3429.27,0,0,0,0,0.0,0.0,Low Risk
C001934,25,1614.69,0,0,0,0,0.0,0.0,Low Risk
C001935,28,24845.850000000002,2,0,2,2,0.07142857142857142,0.07142857142857142,High Risk (Fraud & Rules)
C001936,17,989.33,0,0,0,0,0.0,0.0,Low Risk
C001937,18,1862.61,0,0,0,0,0.0,0.0,Low Risk
C001938,16,960.89,0,0,0,0,0.0,0.0,Low Risk
C001939,12,806.49,0,0,0,0,0.0,0.0,Low Risk
C001940,20,1328.99,0,0,0,0,0.0,0.0,Low Risk
C001941,16,1786.32,0,0,0,0,0.0,0.0,Low Risk
C001942,25,2493.53,0,0,0,0,0.0,0.0,Low Risk
C001943,20,1383.92,0,0,0,0,0.0,0.0,Low Risk
C001944,21,974.26,0,0,0,0,0.0,0.0,Low Risk
C001945,19,902.12,0,0,0,0,0.0,0.0,Low Risk
C001946,24,1199.62,0,0,0,0,0.0,0.0,Low Risk
C001947,22,1445.0700000000002,0,0,0,0,0.0,0.0,Low Risk
C001948,20,1783.19,0,0,0,0,0.0,0.0,Low Risk
C001949,23,2034.7,0,0,0,0,0.0,0.0,Low Risk
C001950,25,2749.2799999999997,0,0,0,0,0.0,0.0,Low Risk
C001951,27,2693.35,0,0,0,0,0.0,0.0,Low Risk
C001952,22,1933.18,0,0,0,0,0.0,0.0,Low Risk
C001953,26,2259.7200000000003,0,0,0,0,0.0,0.0,Low Risk
C001954,26,1676.8200000000002,0,0,0,0,0.0,0.0,Low Risk
C001955,20,1168.68,0,0,0,0,0.0,0.0,Low Risk
C001956,25,1881.21,0,0,0,0,0.0,0.0,Low Risk
C001957,23,7306.78,1,0,1,1,0.043478260869565216,0.043478260869565216,High Risk (Fraud & Rules)
C001958,27,2177.46,0,0,0,0,0.0,0.0,Low Risk
C001959,17,1488.82,0,0,0,0,0.0,0.0,Low Risk
C001960,17,1234.45,0,0,0,0,0.0,0.0,Low Risk
C001961,21,2469.94,0,0,0,0,0.0,0.0,Low Risk
C001962,16,866.68,0,0,0,0,0.0,0.0,Low Risk
C001963,19,1029.75,0,0,0,0,0.0,0.0,Low Risk
C001964,23,2528.36,0,0,0,0,0.0,0.0,Low Risk
C001965,16,1512.43,0,0,0,0,0.0,0.0,Low Risk
C001966,24,1333.68,0,0,0,0,0.0,0.0,Low Risk
C001967,24,1445.28,0,0,0,0,0.0,0.0,Low Risk
C001968,26,2315.22,0,0,0,0,0.0,0.0,Low Risk
C001969,29,3571.9500000000003,0,0,0,0,0.0,0.0,Low Risk
C001970,27,2262.23,0,0,0,0,0.0,0.0,Low Risk
C001971,15,1005.4399999999999,0,0,0,0,0.0,0.0,Low Risk
C001972,13,1376.72,0,0,0,0,0.0,0.0,Low Risk
C001973,20,1684.62,0,0,0,0,0.0,0.0,Low Risk
C001974,10,728.87,0,0,0,0,0.0,0.0,Low Risk
C001975,12,955.12,0,0,0,0,0.0,0.0,Low Risk
C001976,22,1703.24,0,0,0,0,0.0,0.0,Low Risk
C001977,25,2678.77,0,0,0,0,0.0,0.0,Low Risk
C001978,18,1196.3500000000001,0,0,0,0,0.0,0.0,Low Risk
C001979,16,973.6,0,0,0,0,0.0,0.0,Low Risk
C001980,21,1593.71,0,0,0,0,0.0,0.0,Low Risk
C001981,19,1502.1,0,0,0,0,0.0,0.0,Low Risk
C001982,22,1135.56,0,0,0,0,0.0,0.0,Low Risk
C001983,22,1448.63,0,0,0,0,0.0,0.0,Low Risk
C001984,24,1965.7,0,0,0,0,0.0,0.0,Low Risk
C001985,22,2331.62,0,0,0,0,0.0,0.0,Low Risk
C001986,19,1142.34,0,0,0,0,0.0,0.0,Low Risk
C001987,13,1252.23,0,0,0,0,0.0,0.0,Low Risk
C001988,19,1879.8,0,0,0,0,0.0,0.0,Low Risk
C001989,15,731.85,0,0,0,0,0.0,0.0,Low Risk
C001990,31,1821.0,0,0,0,0,0.0,0.0,Low Risk
C001991,24,1740.3,0,0,0,0,0.0,0.0,Low Risk
C001992,18,973.29,0,0,0,0,0.0,0.0,Low Risk
C001993,16,1287.11,0,0,0,0,0.0,0.0,Low Risk
C001994,20,1789.49,0,0,0,0,0.0,0.0,Low Risk
C001995,18,1564.47,0,0,0,0,0.0,0.0,Low Risk
C001996,27,3197.19,0,0,0,0,0.0,0.0,Low Risk
C001997,16,1508.4299999999998,0,0,0,0,0.0,0.0,Low Risk
C001998,25,2173.21,0,0,0,0,0.0,0.0,Low Risk
C001999,24,12002.38,1,0,1,1,0.041666666666666664,0.041666666666666664,High Risk (Fraud & Rules)
C002000,19,1375.95,0,0,0,0,0.0,0.0,Low Risk
C002001,21,1193.85,0,0,0,0,0.0,0.0,Low Risk
C002002,19,2008.27,0,0,0,0,0.0,0.0,Low Risk
C002003,26,2663.96,0,0,0,0,0.0,0.0,Low Risk
C002004,24,2207.18,0,0,0,0,0.0,0.0,Low Risk
C002005,19,1764.62,0,0,0,0,0.0,0.0,Low Risk
C002006,17,1965.75,0,0,0,0,0.0,0.0,Low Risk
C002007,20,1825.3999999999999,0,0,0,0,0.0,0.0,Low Risk
C002008,23,1981.04,0,0,0,0,0.0,0.0,Low Risk
C002009,19,1402.3300000000002,0,0,0,0,0.0,0.0,Low Risk
C002010,21,1207.82,0,0,0,0,0.0,0.0,Low Risk
C002011,21,9948.769999999999,1,0,1,1,0.047619047619047616,0.047619047619047616,High Risk (Fraud & Rules)
C002012,23,891.45,0,0,0,0,0.0,0.0,Low Risk
C002013,19,1867.8,0,0,0,0,0.0,0.0,Low Risk
C002014,18,891.86,0,0,0,0,0.0,0.0,Low Risk
C002015,14,8083.839999999999,1,0,1,1,0.07142857142857142,0.07142857142857142,High Risk (Fraud & Rules)
C002016,20,908.45,0,0,0,0,0.0,0.0,Low Risk
C002017,15,897.13,0,0,0,0,0.0,0.0,Low Risk
C002018,16,789.62,0,0,0,0,0.0,0.0,Low Risk
C002019,22,1449.9299999999998,0,0,0,0,0.0,0.0,Low Risk
C002020,18,939.63,0,0,0,0,0.0,0.0,Low Risk
C002021,34,3602.32,0,0,0,0,0.0,0.0,Low Risk
C002022,20,11660.579999999998,1,0,1,1,0.05,0.05,High Risk (Fraud & Rules)
C002023,22,1641.8799999999999,0,0,0,0,0.0,0.0,Low Risk
C002024,24,1946.1299999999999,0,0,0,0,0.0,0.0,Low Risk
C002025,17,1954.09,0,0,0,0,0.0,0.0,Low Risk
C002026,16,1146.49,0,0,0,0,0.0,0.0,Low Risk
C002027,12,521.78,0,0,0,0,0.0,0.0,Low Risk
C002028,21,1840.9,0,0,0,0,0.0,0.0,Low Risk
C002029,14,1184.0,0,0,0,0,0.0,0.0,Low Risk
C002030,20,1364.04,0,0,0,0,0.0,0.0,Low Risk
C002031,17,1085.98,0,0,0,0,0.0,0.0,Low Risk
C002032,16,6502.98,1,0,0,0,0.0625,0.0,Low Risk
C002033,21,1526.21,0,0,0,0,0.0,0.0,Low Risk
C002034,14,1188.98,0,0,0,0,0.0,0.0,Low Risk
C002035,16,1117.77,0,0,0,0,0.0,0.0,Low Risk
C002036,18,2008.15,0,0,0,0,0.0,0.0,Low Risk
C002037,27,1870.19,0,0,0,0,0.0,0.0,Low Risk
C002038,21,12697.26,1,0,1,1,0.047619047619047616,0.047619047619047616,High Risk (Fraud & Rules)
C002039,31,2211.09,0,0,0,0,0.0,0.0,Low Risk
C002040,20,1221.29,0,0,0,0,0.0,0.0,Low Risk
C002041,22,2845.76,0,0,0,0,0.0,0.0,Low Risk
C002042,25,12540.69,1,0,1,1,0.04,0.04,High Risk (Fraud & Rules)
C002043,21,1756.66,0,0,0,0,0.0,0.0,Low Risk
C002044,23,1739.53,0,0,0,0,0.0,0.0,Low Risk
C002045,14,1833.66,0,0,0,0,0.0,0.0,Low Risk
C002046,22,1332.39,0,0,0,0,0.0,0.0,Low Risk
C002047,13,1227.19,0,0,0,0,0.0,0.0,Low Risk
C002048,21,2219.19,0,0,0,0,0.0,0.0,Low Risk
C002049,14,1063.1100000000001,0,0,0,0,0.0,0.0,Low Risk
C002050,34,3032.68,0,0,0,0,0.0,0.0,Low Risk
C002051,13,1001.28,0,0,0,0,0.0,0.0,Low Risk
C002052,15,1109.33,0,0,0,0,0.0,0.0,Low Risk
C002053,17,812.6,0,0,0,0,0.0,0.0,Low Risk
C002054,11,528.17,0,0,0,0,0.0,0.0,Low Risk
C002055,23,3143.01,0,0,0,0,0.0,0.0,Low Risk
C002056,17,725.69,0,0,0,0,0.0,0.0,Low Risk
C002057,20,1390.31,0,0,0,0,0.0,0.0,Low Risk
C002058,18,1056.03,0,0,0,0,0.0,0.0,Low Risk
C002059,17,1177.01,0,0,0,0,0.0,0.0,Low Risk
C002060,11,660.87,0,0,0,0,0.0,0.0,Low Risk
C002061,16,814.0600000000001,0,0,0,0,0.0,0.0,Low Risk
C002062,23,1322.24,0,0,0,0,0.0,0.0,Low Risk
C002063,10,838.54,0,0,0,0,0.0,0.0,Low Risk
C002064,19,1201.35,0,0,0,0,0.0,0.0,Low Risk
C002065,21,1571.94,0,0,0,0,0.0,0.0,Low Risk
C002066,20,2139.64,0,0,0,0,0.0,0.0,Low Risk
C002067,30,2558.91,0,0,0,0,0.0,0.0,Low Risk
C002068,17,3798.48,0,0,0,0,0.0,0.0,Low Risk
C002069,24,2319.08,0,0,0,0,0.0,0.0,Low Risk
C002070,18,838.17,0,0,0,0,0.0,0.0,Low Risk
C002071,49,3395.73,21,13,0,13,0.42857142857142855,0.2653061224489796,High Risk (Fraud & Rules)
C002072,27,2303.4300000000003,0,0,0,0,0.0,0.0,Low Risk
C002073,25,2041.1399999999999,0,0,0,0,0.0,0.0,Low Risk
C002074,15,1040.14,0,0,0,0,0.0,0.0,Low Risk
C002075,17,1186.53,0,0,0,0,0.0,0.0,Low Risk
C002076,16,1877.67,0,0,0,0,0.0,0.0,Low Risk
C002077,14,957.83,0,0,0,0,0.0,0.0,Low Risk
C002078,18,967.8299999999999,0,0,0,0,0.0,0.0,Low Risk
C002079,19,2120.5099999999998,0,0,0,0,0.0,0.0,Low Risk
C002080,13,1006.5500000000001,0,0,0,0,0.0,0.0,Low Risk
C002081,25,1993.41,0,0,0,0,0.0,0.0,Low Risk
C002082,20,1322.64,0,0,0,0,0.0,0.0,Low Risk
C002083,12,1028.05,0,0,0,0,0.0,0.0,Low Risk
C002084,24,1519.49,0,0,0,0,0.0,0.0,Low Risk
C002085,24,1506.07,0,0,0,0,0.0,0.0,Low Risk
C002086,18,10531.55,1,0,1,1,0.05555555555555555,0.05555555555555555,High Risk (Fraud & Rules)
C002087,21,2261.01,0,0,0,0,0.0,0.0,Low Risk
C002088,22,3046.78,0,0,0,0,0.0,0.0,Low Risk
C002089,19,909.1,0,0,0,0,0.0,0.0,Low Risk
C002090,28,2332.45,0,0,0,0,0.0,0.0,Low Risk
C002091,22,1930.49,0,0,0,0,0.0,0.0,Low Risk
C002092,23,6405.25,1,0,0,0,0.043478260869565216,0.0,Low Risk
C002093,20,2121.64,0,0,0,0,0.0,0.0,Low Risk
C002094,21,1609.7,0,0,0,0,0.0,0.0,Low Risk
C002095,24,1893.85,0,0,0,0,0.0,0.0,Low Risk
C002096,41,2635.67,14,7,0,7,0.34146341463414637,0.17073170731707318,High Risk (Fraud & Rules)
C002097,16,1011.36,0,0,0,0,0.0,0.0,Low Risk
C002098,22,1816.52,0,0,0,0,0.0,0.0,Low Risk
C002099,16,1142.32,0,0,0,0,0.0,0.0,Low Risk
C002100,22,1856.42,0,0,0,0,0.0,0.0,Low Risk
C002101,23,2205.84,0,0,0,0,0.0,0.0,Low Risk
C002102,29,13617.4,1,0,1,1,0.034482758620689655,0.034482758620689655,High Risk (Fraud & Rules)
C002103,16,1544.24,0,0,0,0,0.0,0.0,Low Risk
C002104,17,1572.1299999999999,0,0,0,0,0.0,0.0,Low Risk
C002105,16,1725.99,0,0,0,0,0.0,0.0,Low Risk
C002106,21,1151.54,0,0,0,0,0.0,0.0,Low Risk
C002107,19,1693.9299999999998,0,0,0,0,0.0,0.0,Low Risk
C002108,19,1171.41,0,0,0,0,0.0,0.0,Low Risk
C002109,18,2003.92,0,0,0,0,0.0,0.0,Low Risk
C002110,25,2358.14,0,0,0,0,0.0,0.0,Low Risk
C002111,18,1548.61,0,0,0,0,0.0,0.0,Low Risk
C002112,21,1753.3,0,0,0,0,0.0,0.0,Low Risk
C002113,12,827.14,0,0,0,0,0.0,0.0,Low Risk
C002114,24,5677.950000000001,0,0,0,0,0.0,0.0,Low Risk
C002115,24,1814.51,0,0,0,0,0.0,0.0,Low Risk
C002116,26,2157.17,0,0,0,0,0.0,0.0,Low Risk
C002117,19,1223.73,0,0,0,0,0.0,0.0,Low Risk
C002118,21,1511.44,0,0,0,0,0.0,0.0,Low Risk
C002119,20,1376.31,0,0,0,0,0.0,0.0,Low Risk
C002120,24,2299.04,0,0,0,0,0.0,0.0,Low Risk
C002121,21,1791.24,0,0,0,0,0.0,0.0,Low Risk
C002122,17,1867.63,0,0,0,0,0.0,0.0,Low Risk
C002123,19,2650.63,0,0,0,0,0.0,0.0,Low Risk
C002124,26,2032.01,0,0,0,0,0.0,0.0,Low Risk
C002125,23,1496.23,0,0,0,0,0.0,0.0,Low Risk
C002126,18,847.92,0,0,0,0,0.0,0.0,Low Risk
C002127,25,1860.28,0,0,0,0,0.0,0.0,Low Risk
C002128,17,1130.71,0,0,0,0,0.0,0.0,Low Risk
C002129,19,2139.5,0,0,0,0,0.0,0.0,Low Risk
C002130,21,1479.05,0,0,0,0,0.0,0.0,Low Risk
C002131,17,790.72,0,0,0,0,0.0,0.0,Low Risk
C002132,15,891.38,0,0,0,0,0.0,0.0,Low Risk
C002133,13,883.2,0,0,0,0,0.0,0.0,Low Risk
C002134,14,870.44,0,0,0,0,0.0,0.0,Low Risk
C002135,16,1598.47,0,0,0,0,0.0,0.0,Low Risk
C002136,48,3288.61,18,11,0,11,0.375,0.22916666666666666,High Risk (Fraud & Rules)
C002137,18,2596.32,0,0,0,0,0.0,0.0,Low Risk
C002138,17,1601.71,0,0,0,0,0.0,0.0,Low Risk
C002139,19,1611.5,0,0,0,0,0.0,0.0,Low Risk
C002140,21,1338.8799999999999,0,0,0,0,0.0,0.0,Low Risk
C002141,16,2735.17,0,0,0,0,0.0,0.0,Low Risk
C002142,24,1985.48,0,0,0,0,0.0,0.0,Low Risk
C002143,19,1805.96,0,0,0,0,0.0,0.0,Low Risk
C002144,27,3173.24,0,0,0,0,0.0,0.0,Low Risk
C002145,13,1253.79,0,0,0,0,0.0,0.0,Low Risk
C002146,15,1143.05,0,0,0,0,0.0,0.0,Low Risk
C002147,20,1882.48,0,0,0,0,0.0,0.0,Low Risk
C002148,17,1057.97,0,0,0,0,0.0,0.0,Low Risk
C002149,13,826.55,0,0,0,0,0.0,0.0,Low Risk
C002150,25,2594.37,0,0,0,0,0.0,0.0,Low Risk
C002151,26,1258.77,0,0,0,0,0.0,0.0,Low Risk
C002152,18,1880.17,0,0,0,0,0.0,0.0,Low Risk
C002153,19,2330.62,0,0,0,0,0.0,0.0,Low Risk
C002154,17,1066.5,0,0,0,0,0.0,0.0,Low Risk
C002155,22,1387.01,0,0,0,0,0.0,0.0,Low Risk
C002156,11,1596.63,0,0,0,0,0.0,0.0,Low Risk
C002157,19,2087.41,0,0,0,0,0.0,0.0,Low Risk
C002158,18,2206.02,0,0,0,0,0.0,0.0,Low Risk
C002159,23,2637.29,0,0,0,0,0.0,0.0,Low Risk
C002160,46,3912.67,17,9,0,9,0.3695652173913043,0.1956521739130435,High Risk (Fraud & Rules)
C002161,23,1542.42,0,0,0,0,0.0,0.0,Low Risk
C002162,15,1596.3899999999999,0,0,0,0,0.0,0.0,Low Risk
C002163,17,1032.51,0,0,0,0,0.0,0.0,Low Risk
C002164,17,1150.51,0,0,0,0,0.0,0.0,Low Risk
C002165,20,1368.41,0,0,0,0,0.0,0.0,Low Risk
C002166,19,14811.35,2,0,2,2,0.10526315789473684,0.10526315789473684,High Risk (Fraud & Rules)
C002167,11,576.0,0,0,0,0,0.0,0.0,Low Risk
C002168,25,2209.9,0,0,0,0,0.0,0.0,Low Risk
C002169,20,1561.93,0,0,0,0,0.0,0.0,Low Risk
C002170,20,1911.3500000000001,0,0,0,0,0.0,0.0,Low Risk
C002171,26,1488.81,0,0,0,0,0.0,0.0,Low Risk
C002172,18,1491.1,0,0,0,0,0.0,0.0,Low Risk
C002173,29,8892.02,1,0,1,1,0.034482758620689655,0.034482758620689655,High Risk (Fraud & Rules)
C002174,16,909.57,0,0,0,0,0.0,0.0,Low Risk
C002175,14,579.86,0,0,0,0,0.0,0.0,Low Risk
C002176,17,1099.72,0,0,0,0,0.0,0.0,Low Risk
C002177,22,1687.38,0,0,0,0,0.0,0.0,Low Risk
C002178,19,2176.86,0,0,0,0,0.0,0.0,Low Risk
C002179,23,2361.34,0,0,0,0,0.0,0.0,Low Risk
C002180,13,2093.39,0,0,0,0,0.0,0.0,Low Risk
C002181,16,2198.7,0,0,0,0,0.0,0.0,Low Risk
C002182,20,1116.88,0,0,0,0,0.0,0.0,Low Risk
C002183,21,1305.17,0,0,0,0,0.0,0.0,Low Risk
C002184,20,2367.11,0,0,0,0,0.0,0.0,Low Risk
C002185,23,12802.2,1,0,1,1,0.043478260869565216,0.043478260869565216,High Risk (Fraud & Rules)
C002186,12,950.6300000000001,0,0,0,0,0.0,0.0,Low Risk
C002187,15,964.01,0,0,0,0,0.0,0.0,Low Risk
C002188,24,1286.52,0,0,0,0,0.0,0.0,Low Risk
C002189,21,1451.18,0,0,0,0,0.0,0.0,Low Risk
C002190,17,1462.1,0,0,0,0,0.0,0.0,Low Risk
C002191,21,1971.2,0,0,0,0,0.0,0.0,Low Risk
C002192,7,600.7,0,0,0,0,0.0,0.0,Low Risk
C002193,13,1035.08,0,0,0,0,0.0,0.0,Low Risk
C002194,24,1360.43,0,0,0,0,0.0,0.0,Low Risk
C002195,18,1493.24,0,0,0,0,0.0,0.0,Low Risk
C002196,23,1030.1399999999999,0,0,0,0,0.0,0.0,Low Risk
C002197,21,1851.1100000000001,0,0,0,0,0.0,0.0,Low Risk
C002198,43,2886.43,13,5,0,5,0.3023255813953488,0.11627906976744186,High Risk (Fraud & Rules)
C002199,30,2451.69,0,0,0,0,0.0,0.0,Low Risk
C002200,26,3362.65,0,0,0,0,0.0,0.0,Low Risk
C002201,18,1814.1399999999999,0,0,0,0,0.0,0.0,Low Risk
C002202,24,2000.9,0,0,0,0,0.0,0.0,Low Risk
C002203,19,1324.04,0,0,0,0,0.0,0.0,Low Risk
C002204,19,1661.42,0,0,0,0,0.0,0.0,Low Risk
C002205,21,1054.41,0,0,0,0,0.0,0.0,Low Risk
C002206,19,1180.66,0,0,0,0,0.0,0.0,Low Risk
C002207,18,1453.18,0,0,0,0,0.0,0.0,Low Risk
C002208,16,1628.1599999999999,0,0,0,0,0.0,0.0,Low Risk
C002209,16,1602.56,0,0,0,0,0.0,0.0,Low Risk
C002210,25,2708.46,0,0,0,0,0.0,0.0,Low Risk
C002211,18,1532.48,0,0,0,0,0.0,0.0,Low Risk
C002212,20,1855.54,0,0,0,0,0.0,0.0,Low Risk
C002213,22,2501.98,0,0,0,0,0.0,0.0,Low Risk
C002214,16,1179.1599999999999,0,0,0,0,0.0,0.0,Low Risk
C002215,31,2083.59,0,0,0,0,0.0,0.0,Low Risk
C002216,13,879.8800000000001,0,0,0,0,0.0,0.0,Low Risk
C002217,22,2402.57,0,0,0,0,0.0,0.0,Low Risk
C002218,22,2014.33,0,0,0,0,0.0,0.0,Low Risk
C002219,21,1904.6399999999999,0,0,0,0,0.0,0.0,Low Risk
C002220,23,1308.23,0,0,0,0,0.0,0.0,Low Risk
C002221,20,1029.26,0,0,0,0,0.0,0.0,Low Risk
C002222,23,2134.99,0,0,0,0,0.0,0.0,Low Risk
C002223,19,2791.63,0,0,0,0,0.0,0.0,Low Risk
C002224,14,1223.44,0,0,0,0,0.0,0.0,Low Risk
C002225,14,738.95,0,0,0,0,0.0,0.0,Low Risk
C002226,16,1105.84,0,0,0,0,0.0,0.0,Low Risk
C002227,20,1277.73,0,0,0,0,0.0,0.0,Low Risk
C002228,16,1283.28,0,0,0,0,0.0,0.0,Low Risk
C002229,14,1292.77,0,0,0,0,0.0,0.0,Low Risk
C002230,27,3249.0,0,0,0,0,0.0,0.0,Low Risk
C002231,15,1762.53,0,0,0,0,0.0,0.0,Low Risk
C002232,24,1812.8799999999999,0,0,0,0,0.0,0.0,Low Risk
C002233,18,1118.8,0,0,0,0,0.0,0.0,Low Risk
C002234,22,1648.8899999999999,0,0,0,0,0.0,0.0,Low Risk
C002235,14,1631.8,0,0,0,0,0.0,0.0,Low Risk
C002236,14,1824.42,0,0,0,0,0.0,0.0,Low Risk
C002237,22,1043.65,0,0,0,0,0.0,0.0,Low Risk
C002238,16,937.79,0,0,0,0,0.0,0.0,Low Risk
C002239,21,1338.18,0,0,0,0,0.0,0.0,Low Risk
C002240,28,2618.75,0,0,0,0,0.0,0.0,Low Risk
C002241,19,1672.95,0,0,0,0,0.0,0.0,Low Risk
C002242,20,956.69,0,0,0,0,0.0,0.0,Low Risk
C002243,19,2321.95,0,0,0,0,0.0,0.0,Low Risk
C002244,19,1893.46,0,0,0,0,0.0,0.0,Low Risk
C002245,17,2039.98,0,0,0,0,0.0,0.0,Low Risk
C002246,21,1611.09,0,0,0,0,0.0,0.0,Low Risk
C002247,14,799.31,0,0,0,0,0.0,0.0,Low Risk
C002248,24,2704.71,0,0,0,0,0.0,0.0,Low Risk
C002249,16,1034.97,0,0,0,0,0.0,0.0,Low Risk
C002250,8,783.02,0,0,0,0,0.0,0.0,Low Risk
C002251,22,1236.65,0,0,0,0,0.0,0.0,Low Risk
C002252,18,1862.27,0,0,0,0,0.0,0.0,Low Risk
C002253,15,1468.9099999999999,0,0,0,0,0.0,0.0,Low Risk
C002254,20,3008.35,0,0,0,0,0.0,0.0,Low Risk
C002255,23,2558.88,0,0,0,0,0.0,0.0,Low Risk
C002256,15,769.22,0,0,0,0,0.0,0.0,Low Risk
C002257,25,1517.93,0,0,0,0,0.0,0.0,Low Risk
C002258,18,1170.9,0,0,0,0,0.0,0.0,Low Risk
C002259,18,1593.45,0,0,0,0,0.0,0.0,Low Risk
C002260,19,1303.27,0,0,0,0,0.0,0.0,Low Risk
C002261,21,8848.24,1,0,1,1,0.047619047619047616,0.047619047619047616,High Risk (Fraud & Rules)
C002262,15,1127.04,0,0,0,0,0.0,0.0,Low Risk
C002263,16,907.5699999999999,0,0,0,0,0.0,0.0,Low Risk
C002264,19,1586.68,0,0,0,0,0.0,0.0,Low Risk
C002265,17,2022.92,0,0,0,0,0.0,0.0,Low Risk
C002266,21,1737.37,0,0,0,0,0.0,0.0,Low Risk
C002267,22,2162.63,0,0,0,0,0.0,0.0,Low Risk
C002268,16,1188.28,0,0,0,0,0.0,0.0,Low Risk
C002269,17,11642.51,1,0,1,1,0.058823529411764705,0.058823529411764705,High Risk (Fraud & Rules)
C002270,22,1187.03,0,0,0,0,0.0,0.0,Low Risk
C002271,14,7146.02,1,0,1,1,0.07142857142857142,0.07142857142857142,High Risk (Fraud & Rules)
C002272,19,1203.73,0,0,0,0,0.0,0.0,Low Risk
C002273,26,1584.8,0,0,0,0,0.0,0.0,Low Risk
C002274,21,1632.79,0,0,0,0,0.0,0.0,Low Risk
C002275,14,824.15,0,0,0,0,0.0,0.0,Low Risk
C002276,16,970.02,0,0,0,0,0.0,0.0,Low Risk
C002277,17,2188.75,0,0,0,0,0.0,0.0,Low Risk
C002278,14,8113.67,1,0,1,1,0.07142857142857142,0.07142857142857142,High Risk (Fraud & Rules)
C002279,18,1845.98,0,0,0,0,0.0,0.0,Low Risk
C002280,18,1205.24,0,0,0,0,0.0,0.0,Low Risk
C002281,9,280.34,0,0,0,0,0.0,0.0,Low Risk
C002282,19,934.35,0,0,0,0,0.0,0.0,Low Risk
C002283,21,1480.78,0,0,0,0,0.0,0.0,Low Risk
C002284,19,1683.06,0,0,0,0,0.0,0.0,Low Risk
C002285,20,2467.65,0,0,0,0,0.0,0.0,Low Risk
C002286,28,2037.72,0,0,0,0,0.0,0.0,Low Risk
C002287,9,12324.689999999999,1,0,1,1,0.1111111111111111,0.1111111111111111,High Risk (Fraud & Rules)
C002288,16,1822.48,0,0,0,0,0.0,0.0,Low Risk
C002289,20,1988.3700000000001,0,0,0,0,0.0,0.0,Low Risk
C002290,18,1719.4,0,0,0,0,0.0,0.0,Low Risk
C002291,17,1146.82,0,0,0,0,0.0,0.0,Low Risk
C002292,18,977.33,0,0,0,0,0.0,0.0,Low Risk
C002293,16,783.66,0,0,0,0,0.0,0.0,Low Risk
C002294,15,738.4399999999999,0,0,0,0,0.0,0.0,Low Risk
C002295,17,1627.71,0,0,0,0,0.0,0.0,Low Risk
C002296,20,2453.34,0,0,0,0,0.0,0.0,Low Risk
C002297,27,2597.47,0,0,0,0,0.0,0.0,Low Risk
C002298,26,1569.1,0,0,0,0,0.0,0.0,Low Risk
C002299,21,1915.31,0,0,0,0,0.0,0.0,Low Risk
C002300,21,2413.62,0,0,0,0,0.0,0.0,Low Risk
C002301,20,1331.96,0,0,0,0,0.0,0.0,Low Risk
C002302,16,1278.84,0,0,0,0,0.0,0.0,Low Risk
C002303,33,3432.03,0,0,0,0,0.0,0.0,Low Risk
C002304,22,1560.47,0,0,0,0,0.0,0.0,Low Risk
C002305,29,4111.64,0,0,0,0,0.0,0.0,Low Risk
C002306,15,1200.76,0,0,0,0,0.0,0.0,Low Risk
C002307,20,1670.03,0,0,0,0,0.0,0.0,Low Risk
C002308,22,1365.3899999999999,0,0,0,0,0.0,0.0,Low Risk
C002309,14,1334.8,0,0,0,0,0.0,0.0,Low Risk
C002310,25,1640.1299999999999,0,0,0,0,0.0,0.0,Low Risk
C002311,21,1148.19,0,0,0,0,0.0,0.0,Low Risk
C002312,18,1602.58,0,0,0,0,0.0,0.0,Low Risk
C002313,20,1593.55,0,0,0,0,0.0,0.0,Low Risk
C002314,16,1133.4,0,0,0,0,0.0,0.0,Low Risk
C002315,23,2099.74,0,0,0,0,0.0,0.0,Low Risk
C002316,19,1310.7,0,0,0,0,0.0,0.0,Low Risk
C002317,21,1235.1100000000001,0,0,0,0,0.0,0.0,Low Risk
C002318,20,1284.49,0,0,0,0,0.0,0.0,Low Risk
C002319,25,2581.46,0,0,0,0,0.0,0.0,Low Risk
C002320,19,1135.64,0,0,0,0,0.0,0.0,Low Risk
C002321,24,1727.56,0,0,0,0,0.0,0.0,Low Risk
C002322,16,7161.59,1,0,0,0,0.0625,0.0,Low Risk
C002323,42,2454.14,11,4,0,4,0.2619047619047619,0.09523809523809523,High Risk (Fraud & Rules)
C002324,20,1826.45,0,0,0,0,0.0,0.0,Low Risk
C002325,22,1541.49,0,0,0,0,0.0,0.0,Low Risk
C002326,22,2175.48,0,0,0,0,0.0,0.0,Low Risk
C002327,16,1277.42,0,0,0,0,0.0,0.0,Low Risk
C002328,20,1271.69,0,0,0,0,0.0,0.0,Low Risk
C002329,32,2314.25,0,0,0,0,0.0,0.0,Low Risk
C002330,23,1645.87,0,0,0,0,0.0,0.0,Low Risk
C002331,15,1655.8899999999999,0,0,0,0,0.0,0.0,Low Risk
C002332,18,1870.32,0,0,0,0,0.0,0.0,Low Risk
C002333,22,1843.71,0,0,0,0,0.0,0.0,Low Risk
C002334,18,1140.1399999999999,0,0,0,0,0.0,0.0,Low Risk
C002335,20,1663.68,0,0,0,0,0.0,0.0,Low Risk
C002336,15,1264.41,0,0,0,0,0.0,0.0,Low Risk
C002337,18,2081.94,0,0,0,0,0.0,0.0,Low Risk
C002338,22,1952.08,0,0,0,0,0.0,0.0,Low Risk
C002339,21,2508.33,0,0,0,0,0.0,0.0,Low Risk
C002340,27,2737.35,0,0,0,0,0.0,0.0,Low Risk
C002341,31,3175.79,0,0,0,0,0.0,0.0,Low Risk
C002342,23,1885.77,0,0,0,0,0.0,0.0,Low Risk
C002343,23,1829.9,0,0,0,0,0.0,0.0,Low Risk
C002344,17,803.6500000000001,0,0,0,0,0.0,0.0,Low Risk
C002345,17,1044.29,0,0,0,0,0.0,0.0,Low Risk
C002346,20,1390.55,0,0,0,0,0.0,0.0,Low Risk
C002347,23,2171.9,0,0,0,0,0.0,0.0,Low Risk
C002348,12,1384.62,0,0,0,0,0.0,0.0,Low Risk
C002349,20,2958.35,0,0,0,0,0.0,0.0,Low Risk
C002350,19,1794.39,0,0,0,0,0.0,0.0,Low Risk
C002351,24,1719.3,0,0,0,0,0.0,0.0,Low Risk
C002352,12,914.0500000000001,0,0,0,0,0.0,0.0,Low Risk
C002353,11,485.11,0,0,0,0,0.0,0.0,Low Risk
C002354,23,1704.29,0,0,0,0,0.0,0.0,Low Risk
C002355,12,648.88,0,0,0,0,0.0,0.0,Low Risk
C002356,15,1823.68,0,0,0,0,0.0,0.0,Low Risk
C002357,25,2487.88,0,0,0,0,0.0,0.0,Low Risk
C002358,19,1317.24,0,0,0,0,0.0,0.0,Low Risk
C002359,12,1660.96,0,0,0,0,0.0,0.0,Low Risk
C002360,24,1984.86,0,0,0,0,0.0,0.0,Low Risk
C002361,19,1247.51,0,0,0,0,0.0,0.0,Low Risk
C002362,19,788.91,0,0,0,0,0.0,0.0,Low Risk
C002363,23,1776.27,0,0,0,0,0.0,0.0,Low Risk
C002364,16,1430.0,0,0,0,0,0.0,0.0,Low Risk
C002365,14,602.35,0,0,0,0,0.0,0.0,Low Risk
C002366,20,1650.12,0,0,0,0,0.0,0.0,Low Risk
C002367,17,1585.15,0,0,0,0,0.0,0.0,Low Risk
C002368,23,1143.36,0,0,0,0,0.0,0.0,Low Risk
C002369,21,11092.43,1,0,1,1,0.047619047619047616,0.047619047619047616,High Risk (Fraud & Rules)
C002370,23,2219.83,0,0,0,0,0.0,0.0,Low Risk
C002371,27,2350.34,0,0,0,0,0.0,0.0,Low Risk
C002372,27,3060.1,0,0,0,0,0.0,0.0,Low Risk
C002373,22,10971.279999999999,1,0,1,1,0.045454545454545456,0.045454545454545456,High Risk (Fraud & Rules)
C002374,20,2225.02,0,0,0,0,0.0,0.0,Low Risk
C002375,25,1748.41,0,0,0,0,0.0,0.0,Low Risk
C002376,18,10460.5,1,0,1,1,0.05555555555555555,0.05555555555555555,High Risk (Fraud & Rules)
C002377,21,12957.59,1,0,1,1,0.047619047619047616,0.047619047619047616,High Risk (Fraud & Rules)
C002378,14,1444.67,0,0,0,0,0.0,0.0,Low Risk
C002379,14,1200.6,0,0,0,0,0.0,0.0,Low Risk
C002380,21,1954.34,0,0,0,0,0.0,0.0,Low Risk
C002381,22,1247.3999999999999,0,0,0,0,0.0,0.0,Low Risk
C002382,19,2105.72,0,0,0,0,0.0,0.0,Low Risk
C002383,24,1507.93,0,0,0,0,0.0,0.0,Low Risk
C002384,22,11232.01,1,0,1,1,0.045454545454545456,0.045454545454545456,High Risk (Fraud & Rules)
C002385,20,1084.46,0,0,0,0,0.0,0.0,Low Risk
C002386,17,1006.99,0,0,0,0,0.0,0.0,Low Risk
C002387,23,3014.03,0,0,0,0,0.0,0.0,Low Risk
C002388,16,10299.829999999998,1,0,1,1,0.0625,0.0625,High Risk (Fraud & Rules)
C002389,17,1314.87,0,0,0,0,0.0,0.0,Low Risk
C002390,26,11410.169999999998,1,0,1,1,0.038461538461538464,0.038461538461538464,High Risk (Fraud & Rules)
C002391,15,1205.51,0,0,0,0,0.0,0.0,Low Risk
C002392,24,1358.2,0,0,0,0,0.0,0.0,Low Risk
C002393,17,868.4,0,0,0,0,0.0,0.0,Low Risk
C002394,16,1868.52,0,0,0,0,0.0,0.0,Low Risk
C002395,19,1539.84,0,0,0,0,0.0,0.0,Low Risk
C002396,17,1148.43,0,0,0,0,0.0,0.0,Low Risk
C002397,16,1638.15,0,0,0,0,0.0,0.0,Low Risk
C002398,27,2936.52,0,0,0,0,0.0,0.0,Low Risk
C002399,21,1881.26,0,0,0,0,0.0,0.0,Low Risk
C002400,27,1714.71,0,0,0,0,0.0,0.0,Low Risk
C002401,22,1661.66,0,0,0,0,0.0,0.0,Low Risk
C002402,25,1616.62,0,0,0,0,0.0,0.0,Low Risk
C002403,26,1992.56,0,0,0,0,0.0,0.0,Low Risk
C002404,23,1118.44,0,0,0,0,0.0,0.0,Low Risk
C002405,20,1732.16,0,0,0,0,0.0,0.0,Low Risk
C002406,23,2290.74,0,0,0,0,0.0,0.0,Low Risk
C002407,21,2402.03,0,0,0,0,0.0,0.0,Low Risk
C002408,20,1579.72,0,0,0,0,0.0,0.0,Low Risk
C002409,20,2074.82,0,0,0,0,0.0,0.0,Low Risk
C002410,19,1050.37,0,0,0,0,0.0,0.0,Low Risk
C002411,29,3031.34,0,0,0,0,0.0,0.0,Low Risk
C002412,20,2036.77,0,0,0,0,0.0,0.0,Low Risk
C002413,9,911.94,0,0,0,0,0.0,0.0,Low Risk
C002414,13,486.46,0,0,0,0,0.0,0.0,Low Risk
C002415,25,2069.2,0,0,0,0,0.0,0.0,Low Risk
C002416,18,1005.74,0,0,0,0,0.0,0.0,Low Risk
C002417,23,12640.249999999998,1,0,1,1,0.043478260869565216,0.043478260869565216,High Risk (Fraud & Rules)
C002418,22,2287.58,0,0,0,0,0.0,0.0,Low Risk
C002419,22,1689.98,0,0,0,0,0.0,0.0,Low Risk
C002420,49,3776.9,18,11,0,11,0.3673469387755102,0.22448979591836735,High Risk (Fraud & Rules)
C002421,22,1518.0,0,0,0,0,0.0,0.0,Low Risk
C002422,18,1614.48,0,0,0,0,0.0,0.0,Low Risk
C002423,22,1714.23,0,0,0,0,0.0,0.0,Low Risk
C002424,23,11778.32,1,0,1,1,0.043478260869565216,0.043478260869565216,High Risk (Fraud & Rules)
C002425,20,1650.7,0,0,0,0,0.0,0.0,Low Risk
C002426,19,1956.97,0,0,0,0,0.0,0.0,Low Risk
C002427,25,2301.91,0,0,0,0,0.0,0.0,Low Risk
C002428,15,1752.72,0,0,0,0,0.0,0.0,Low Risk
C002429,18,7899.05,1,0,1,1,0.05555555555555555,0.05555555555555555,High Risk (Fraud & Rules)
C002430,18,1631.43,0,0,0,0,0.0,0.0,Low Risk
C002431,20,2238.17,0,0,0,0,0.0,0.0,Low Risk
C002432,9,615.22,0,0,0,0,0.0,0.0,Low Risk
C002433,26,2095.22,0,0,0,0,0.0,0.0,Low Risk
C002434,15,541.77,0,0,0,0,0.0,0.0,Low Risk
C002435,16,1836.06,0,0,0,0,0.0,0.0,Low Risk
C002436,17,1056.02,0,0,0,0,0.0,0.0,Low Risk
C002437,17,1762.14,0,0,0,0,0.0,0.0,Low Risk
C002438,21,2344.29,0,0,0,0,0.0,0.0,Low Risk
C002439,21,1355.34,0,0,0,0,0.0,0.0,Low Risk
C002440,20,1462.8,0,0,0,0,0.0,0.0,Low Risk
C002441,17,1486.95,0,0,0,0,0.0,0.0,Low Risk
C002442,23,1053.61,0,0,0,0,0.0,0.0,Low Risk
C002443,14,1478.72,0,0,0,0,0.0,0.0,Low Risk
C002444,15,6991.6,1,0,1,1,0.06666666666666667,0.06666666666666667,High Risk (Fraud & Rules)
C002445,21,1592.1100000000001,0,0,0,0,0.0,0.0,Low Risk
C002446,17,1865.55,0,0,0,0,0.0,0.0,Low Risk
C002447,30,2292.06,0,0,0,0,0.0,0.0,Low Risk
C002448,24,2047.1299999999999,0,0,0,0,0.0,0.0,Low Risk
C002449,21,1642.18,0,0,0,0,0.0,0.0,Low Risk
C002450,27,2450.4300000000003,0,0,0,0,0.0,0.0,Low Risk
C002451,17,1256.86,0,0,0,0,0.0,0.0,Low Risk
C002452,17,1449.1100000000001,0,0,0,0,0.0,0.0,Low Risk
C002453,20,2201.12,0,0,0,0,0.0,0.0,Low Risk
C002454,23,11695.650000000001,1,0,1,1,0.043478260869565216,0.043478260869565216,High Risk (Fraud & Rules)
C002455,21,2057.77,0,0,0,0,0.0,0.0,Low Risk
C002456,20,1875.48,0,0,0,0,0.0,0.0,Low Risk
C002457,11,758.2099999999999,0,0,0,0,0.0,0.0,Low Risk
C002458,11,1032.27,0,0,0,0,0.0,0.0,Low Risk
C002459,17,12995.83,1,0,1,1,0.058823529411764705,0.058823529411764705,High Risk (Fraud & Rules)
C002460,25,1804.68,0,0,0,0,0.0,0.0,Low Risk
C002461,14,1170.65,0,0,0,0,0.0,0.0,Low Risk
C002462,33,1922.02,0,0,0,0,0.0,0.0,Low Risk
C002463,22,13021.5,1,0,1,1,0.045454545454545456,0.045454545454545456,High Risk (Fraud & Rules)
C002464,17,1528.0900000000001,0,0,0,0,0.0,0.0,Low Risk
C002465,21,1607.7,0,0,0,0,0.0,0.0,Low Risk
C002466,17,1566.55,0,0,0,0,0.0,0.0,Low Risk
C002467,23,1975.99,0,0,0,0,0.0,0.0,Low Risk
C002468,27,2063.53,0,0,0,0,0.0,0.0,Low Risk
C002469,23,1884.5500000000002,0,0,0,0,0.0,0.0,Low Risk
C002470,18,1149.56,0,0,0,0,0.0,0.0,Low Risk
C002471,23,2758.61,0,0,0,0,0.0,0.0,Low Risk
C002472,13,1137.95,0,0,0,0,0.0,0.0,Low Risk
C002473,12,549.99,0,0,0,0,0.0,0.0,Low Risk
C002474,13,1074.59,0,0,0,0,0.0,0.0,Low Risk
C002475,23,1558.79,0,0,0,0,0.0,0.0,Low Risk
C002476,32,3051.2799999999997,0,0,0,0,0.0,0.0,Low Risk
C002477,16,923.29,0,0,0,0,0.0,0.0,Low Risk
C002478,28,1815.49,0,0,0,0,0.0,0.0,Low Risk
C002479,24,1643.28,0,0,0,0,0.0,0.0,Low Risk
C002480,25,13108.19,1,0,1,1,0.04,0.04,High Risk (Fraud & Rules)
C002481,26,1486.27,0,0,0,0,0.0,0.0,Low Risk
C002482,24,1593.88,0,0,0,0,0.0,0.0,Low Risk
C002483,23,2413.07,0,0,0,0,0.0,0.0,Low Risk
C002484,20,1187.1299999999999,0,0,0,0,0.0,0.0,Low Risk
C002485,18,921.66,0,0,0,0,0.0,0.0,Low Risk
C002486,17,1220.55,0,0,0,0,0.0,0.0,Low Risk
C002487,17,2472.94,0,0,0,0,0.0,0.0,Low Risk
C002488,14,625.7,0,0,0,0,0.0,0.0,Low Risk
C002489,22,1707.83,0,0,0,0,0.0,0.0,Low Risk
C002490,46,3099.94,18,11,0,11,0.391304347826087,0.2391304347826087,High Risk (Fraud & Rules)
C002491,23,1614.53,0,0,0,0,0.0,0.0,Low Risk
C002492,26,1421.27,0,0,0,0,0.0,0.0,Low Risk
C002493,24,1487.97,0,0,0,0,0.0,0.0,Low Risk
C002494,23,2755.16,0,0,0,0,0.0,0.0,Low Risk
C002495,23,1636.57,0,0,0,0,0.0,0.0,Low Risk
C002496,20,1647.51,0,0,0,0,0.0,0.0,Low Risk
C002497,19,1145.76,0,0,0,0,0.0,0.0,Low Risk
C002498,26,10857.03,1,0,1,1,0.038461538461538464,0.038461538461538464,High Risk (Fraud & Rules)
C002499,22,1411.71,0,0,0,0,0.0,0.0,Low Risk
C002500,26,2010.6499999999999,0,0,0,0,0.0,0.0,Low Risk
