merchant_id,industry_segment,settlement_frequency,monthly_txn_count,average_ticket_size,monthly_transaction_volume,chargeback_rate,fraud_alert_rate,days_since_last_chargeback,concentration_ratio,reserve_coverage_ratio,prior_default_flag,gross_exposure,net_exposure,synthetic_pd_signal,risk_label
M00001,restaurants,daily,587,38.91,22840.3,0.00449,0.00397,5,0.1832,1.0439,0,2827.94,1974.17,0.1689,0
M00002,travel,twice_weekly,586,253.31,148441.03,0.01108,0.01392,45,0.2492,0.4277,0,20217.81,20629.87,0.9973,1
M00003,restaurants,weekly,3396,53.83,182813.25,0.00227,0.00165,113,0.16,0.6418,0,15139.04,15260.18,0.0602,0
M00004,marketplace,weekly,1653,87.02,143850.45,0.00933,0.00978,142,0.3277,0.9494,0,12524.03,10871.16,0.9508,1
M00005,grocery,daily,676,57.31,38744.46,0.00248,0.00249,92,0.2188,0.677,0,2998.42,2516.78,0.0797,0
M00006,electronics,daily,1186,382.81,454012.27,0.0211,0.02118,5,0.1402,0.7534,0,53826.4,43596.53,1.0,1
M00007,restaurants,weekly,272,51.85,14103.2,0.00237,0.00318,180,0.3091,0.8239,0,1337.78,1237.63,0.0918,0
M00008,restaurants,weekly,1171,29.1,34073.79,0.00578,0.01037,69,0.1404,0.974,0,2137.65,1831.59,0.7314,1
M00009,grocery,daily,5571,25.61,142685.84,0.00238,0.00242,18,0.1821,0.8101,0,24423.11,19247.89,0.0639,0
M00010,travel,twice_weekly,1035,382.45,395840.39,0.0184,0.02549,14,0.2067,0.7752,0,67294.22,58843.23,1.0,1
M00011,retail,daily,1679,101.59,170577.66,0.00257,0.00315,48,0.4428,0.7234,0,16763.75,13771.05,0.149,0
M00012,healthcare,daily,991,103.48,102551.4,0.00242,0.00299,9,0.1435,0.9843,0,6198.93,4469.75,0.0557,0
M00013,digital_services,daily,444,111.93,49699.09,0.00914,0.01637,60,0.113,0.4888,0,3722.36,3394.15,0.9953,1
M00014,restaurants,daily,609,44.97,27384.45,0.00584,0.00439,116,0.2631,0.8023,0,2907.94,2300.49,0.4033,1
M00015,travel,daily,610,384.14,234327.64,0.01009,0.00732,114,0.3201,0.6385,0,38814.64,33155.31,0.9612,0
M00016,fuel,weekly,1087,72.03,78301.16,0.00305,0.00396,8,0.2491,0.7192,1,13435.39,13069.38,0.3763,1
M00017,digital_services,daily,644,77.57,49954.25,0.00495,0.00871,16,0.3385,0.8364,0,3610.92,2809.26,0.7121,1
M00018,grocery,daily,622,31.22,19420.36,0.00345,0.00409,62,0.2309,0.763,0,2109.11,1700.45,0.1653,0
M00019,restaurants,daily,1350,53.95,72829.46,0.00696,0.00823,71,0.3524,0.8307,0,8821.6,6882.49,0.8144,1
M00020,digital_services,daily,4069,106.4,432926.04,0.02265,0.0174,20,0.2046,0.5549,0,36054.08,31956.57,1.0,1
M00021,restaurants,daily,866,50.27,43537.96,0.00367,0.00406,16,0.2476,1.0428,0,6923.74,4836.41,0.1389,0
M00022,retail,daily,1258,85.99,108176.45,0.00966,0.0144,39,0.0905,0.4824,0,7948.19,7266.8,0.9916,1
M00023,electronics,daily,679,214.59,145705.86,0.00195,0.00207,61,0.269,0.7002,0,13328.43,11068.21,0.075,0
M00024,healthcare,twice_weekly,3809,79.07,301185.72,0.0021,0.00225,39,0.0835,0.8443,0,30611.07,25877.83,0.0443,0
M00025,restaurants,weekly,611,46.2,28226.96,0.00492,0.00841,7,0.2071,0.6292,0,2189.47,2219.46,0.6742,1
M00026,fuel,daily,663,38.66,25633.08,0.00077,0.00119,74,0.0692,0.872,0,4089.28,3125.42,0.0149,0
M00027,travel,weekly,784,257.38,201786.93,0.02769,0.03713,73,0.4536,0.7988,0,30344.51,28418.9,1.0,1
M00028,grocery,weekly,1764,36.88,65060.77,0.00278,0.00377,365,0.1676,0.6876,0,10809.18,10670.13,0.1215,0
M00029,fuel,weekly,793,65.84,52213.82,0.00411,0.0043,105,0.2267,0.8637,0,7654.0,6942.19,0.2011,0
M00030,marketplace,twice_weekly,4059,83.74,339904.17,0.00478,0.00747,124,0.0704,0.9055,0,43312.4,35502.63,0.4711,1
M00031,restaurants,twice_weekly,432,22.46,9703.63,0.00533,0.00615,32,0.354,0.7058,0,752.85,680.24,0.5681,1
M00032,electronics,twice_weekly,5892,160.82,947547.29,0.01524,0.01446,18,0.2796,0.6502,0,60409.24,55995.26,0.9996,1
M00033,retail,twice_weekly,1727,136.58,235880.19,0.00628,0.00777,238,0.0974,0.685,0,31164.51,28430.83,0.7119,1
M00034,retail,daily,5182,87.86,455293.96,0.00516,0.00776,122,0.3698,0.7734,0,72047.64,57799.32,0.7039,0
M00035,travel,weekly,314,340.27,106845.36,0.02363,0.02569,202,0.1253,1.0434,0,13211.21,10902.66,1.0,1
M00036,fuel,twice_weekly,1806,59.18,106872.69,0.00528,0.00767,32,0.0681,0.9847,0,13060.45,10271.0,0.444,1
M00037,grocery,twice_weekly,1261,33.32,42013.36,0.00093,0.00087,1,0.2987,0.9687,0,2522.39,2000.6,0.0197,0
M00038,travel,daily,313,315.39,98718.45,0.01452,0.02423,92,0.081,0.7838,0,16115.94,12864.61,0.9999,1
M00039,fuel,daily,5097,65.32,332911.91,0.00341,0.00335,75,0.0983,0.7675,0,43604.31,35080.1,0.1232,1
M00040,marketplace,daily,811,76.64,62154.05,0.01856,0.01524,44,0.1044,1.0107,0,6932.09,4927.99,0.9998,1
M00041,travel,daily,1661,369.66,614005.9,0.02154,0.01978,155,0.4263,0.6932,0,92260.41,76864.32,1.0,1
M00042,restaurants,daily,3186,27.17,86550.51,0.00406,0.00713,216,0.183,0.9441,0,12161.26,8957.11,0.341,0
M00043,marketplace,daily,1103,48.81,53839.04,0.01567,0.014,86,0.1426,0.6673,0,5581.04,4705.29,0.9993,1
M00044,retail,daily,1696,61.91,105001.28,0.00875,0.0125,94,0.1273,0.8726,0,10407.61,7952.11,0.9609,1
M00045,restaurants,daily,3201,37.04,118558.44,0.00112,0.0017,61,0.3739,1.0687,0,11305.08,7784.27,0.0272,0
M00046,restaurants,daily,3484,52.02,181245.25,0.00562,0.00755,16,0.1851,0.8779,0,22437.94,17097.7,0.591,1
M00047,retail,weekly,1071,74.84,80150.01,0.00728,0.00955,43,0.2921,0.933,0,11077.1,9697.82,0.8586,1
M00048,retail,daily,3876,102.16,395968.69,0.00815,0.01113,168,0.1538,0.4468,1,58675.42,54449.34,0.9891,1
M00049,marketplace,daily,853,80.32,68516.64,0.01458,0.01309,5,0.2018,0.7811,0,8737.54,6983.63,0.9985,1
M00050,grocery,daily,1843,44.02,81135.59,0.00201,0.00279,18,0.4131,0.7595,0,10620.07,8576.66,0.093,0
M00051,fuel,daily,2227,63.8,142091.86,0.00191,0.00302,34,0.1554,0.7808,0,20393.72,16302.2,0.0615,0
M00052,grocery,daily,1517,43.57,66097.84,0.00096,0.00132,219,0.0368,0.8756,0,9949.82,7590.48,0.0158,0
M00053,restaurants,twice_weekly,4845,56.11,271840.28,0.00461,0.00619,69,0.2453,0.7791,0,19754.05,17241.23,0.4247,0
M00054,marketplace,weekly,489,98.43,48134.1,0.02332,0.03943,4,0.0594,0.5881,0,5282.51,5453.82,1.0,1
M00055,marketplace,daily,414,80.87,33480.58,0.01657,0.02567,4,0.3084,0.8281,0,5075.87,3965.13,1.0,1
M00056,restaurants,twice_weekly,2409,42.89,103326.25,0.00221,0.0037,232,0.1932,0.853,0,17305.15,14566.12,0.0832,0
M00057,travel,daily,4756,427.37,2032593.52,0.02313,0.03944,16,0.198,0.7744,0,166625.6,133608.55,1.0,1
M00058,digital_services,daily,3976,113.31,450523.79,0.01154,0.01293,27,0.1604,0.7885,0,29905.47,23817.96,0.9936,1
M00059,grocery,daily,1811,8.0,14488.0,0.00261,0.00285,19,0.1,0.8187,0,1257.75,987.08,0.0643,1
M00060,grocery,daily,2076,35.88,74493.6,0.00032,0.00026,56,0.0439,0.8266,0,8608.72,6729.85,0.0093,0
M00061,marketplace,twice_weekly,887,66.98,59412.03,0.00135,0.00209,47,0.1764,0.7303,0,8985.06,8025.94,0.0464,0
M00062,travel,twice_weekly,1164,268.26,312253.81,0.02224,0.03587,78,0.2629,0.6638,0,48479.24,44659.64,1.0,1
M00063,digital_services,twice_weekly,899,140.02,125873.81,0.01161,0.01701,8,0.0599,0.8501,0,15488.32,13055.93,0.9977,1
M00064,restaurants,daily,3936,52.41,206296.56,0.00796,0.0113,51,0.2761,0.9767,0,20617.07,14926.24,0.929,1
M00065,digital_services,twice_weekly,2862,105.23,301167.06,0.01505,0.02612,40,0.2745,0.5337,1,19636.42,19161.76,1.0,1
M00066,digital_services,daily,1909,98.62,188260.11,0.01902,0.0186,54,0.5598,0.6785,0,27460.61,23033.53,1.0,1
M00067,digital_services,daily,3744,96.01,359448.54,0.01188,0.00988,72,0.4075,0.8749,0,35005.61,26715.62,0.9891,1
M00068,retail,daily,2569,46.35,119076.74,0.00195,0.00145,44,0.1646,0.9723,0,19252.57,13971.1,0.0304,1
M00069,grocery,twice_weekly,1705,8.0,13640.0,0.00417,0.00535,57,0.1473,0.7469,0,1858.47,1647.14,0.2658,0
M00070,travel,weekly,2077,315.65,655609.53,0.02699,0.02201,297,0.2227,0.6501,0,62380.15,62641.85,1.0,1
M00071,fuel,daily,1284,79.32,101853.17,0.00372,0.00491,71,0.0846,0.7486,0,9893.21,8031.12,0.1935,0
M00072,retail,daily,1111,89.36,99283.19,0.00391,0.00443,2,0.117,0.7534,0,9104.57,7374.29,0.2116,1
M00073,restaurants,twice_weekly,627,66.29,41561.89,0.00484,0.00524,5,0.3376,0.7646,0,5825.59,5119.82,0.4275,1
M00074,retail,weekly,1494,80.66,120504.95,0.0009,0.00093,36,0.3467,0.6336,0,7907.12,7999.78,0.0374,0
M00075,grocery,daily,303,49.26,14926.92,0.00131,0.002,25,0.0696,0.892,0,2090.54,1581.69,0.0237,0
M00076,retail,twice_weekly,2053,84.22,172903.6,0.00872,0.01075,84,0.3426,0.9169,0,27303.51,22249.19,0.9527,1
M00077,retail,twice_weekly,3308,62.96,208284.51,0.0073,0.0056,88,0.0323,1.1027,0,12750.45,9395.53,0.4527,0
M00078,marketplace,weekly,513,89.43,45880.08,0.00851,0.01367,15,0.2729,0.7624,0,7548.66,7194.85,0.9833,1
M00079,digital_services,daily,5890,116.31,685056.28,0.01252,0.01384,10,0.4313,0.7639,0,59197.21,47708.06,0.9984,1
M00080,restaurants,weekly,1883,45.58,85823.8,0.00341,0.00613,80,0.1305,0.769,0,10762.66,10225.45,0.2535,0
M00081,marketplace,daily,4529,73.56,333148.16,0.01384,0.01173,119,0.2554,0.8378,0,33278.11,25872.12,0.9968,1
M00082,retail,weekly,542,58.24,31564.04,0.00342,0.0029,77,0.2929,0.6962,0,3248.82,3194.35,0.1535,1
M00083,restaurants,daily,577,53.6,30925.02,0.00444,0.00591,11,0.0314,0.9887,0,2101.74,1511.89,0.2328,1
M00084,fuel,daily,14855,23.74,352714.26,0.00394,0.00438,53,0.1388,0.6782,0,56511.66,47406.21,0.2438,0
M00085,grocery,daily,467,55.95,26128.35,0.00194,0.00214,65,0.3545,1.0489,0,2780.18,1935.44,0.0409,0
M00086,grocery,daily,3563,40.04,142652.02,0.00164,0.00181,8,0.1731,0.789,0,13480.55,10733.64,0.039,0
M00087,marketplace,daily,933,73.17,68264.62,0.00855,0.0083,24,0.3344,0.5495,0,9340.0,8297.98,0.9432,1
M00088,travel,daily,1585,315.73,500436.11,0.025,0.04275,1,0.101,0.4939,0,30263.13,27534.98,1.0,1
M00089,fuel,daily,642,69.11,44366.42,0.00096,0.00127,108,0.3004,0.6195,0,4923.38,4241.51,0.0372,0
M00090,gaming,daily,826,133.5,110273.9,0.0002,0.0003,161,0.3655,0.6146,0,9242.11,7979.34,0.0339,0
M00091,fuel,twice_weekly,6633,54.15,359171.02,0.00119,0.00163,154,0.2327,0.9396,0,27959.93,22518.11,0.0266,0
M00092,marketplace,weekly,5955,68.31,406805.81,0.01419,0.01223,55,0.0644,0.6394,1,43055.77,43446.02,0.9992,1
M00093,travel,twice_weekly,4592,348.3,1599393.78,0.02322,0.03402,38,0.1209,0.8593,0,117734.22,98789.14,1.0,1
M00094,retail,daily,684,128.6,87963.1,0.00209,0.00355,30,0.1407,0.9067,0,12034.12,9036.58,0.0649,0
M00095,retail,daily,1041,73.97,77007.49,0.00725,0.00581,133,0.2491,0.7513,0,7919.61,6420.79,0.6887,0
M00096,digital_services,weekly,1526,88.77,135465.52,0.02941,0.03619,125,0.1284,0.6548,0,9341.1,9360.33,1.0,1
M00097,retail,daily,932,75.72,70569.26,0.0114,0.01075,165,0.335,0.9173,0,4736.59,3537.54,0.984,1
M00098,grocery,daily,1204,41.7,50207.35,0.0028,0.00455,116,0.3756,0.7995,0,8481.84,6719.16,0.1765,0
M00099,grocery,weekly,1296,49.53,64194.81,0.00159,0.00225,119,0.0842,0.7752,0,4536.27,4297.22,0.035,0
M00100,electronics,weekly,5027,396.1,1991172.71,0.00328,0.00287,66,0.0842,0.7759,0,236250.37,223722.46,0.2209,0
M00101,healthcare,daily,181,137.66,24916.89,0.00581,0.00477,31,0.0606,0.8466,0,4358.3,3373.51,0.3292,0
M00102,marketplace,twice_weekly,189,51.01,9641.49,0.01118,0.01308,70,0.0246,0.8044,0,907.15,782.11,0.989,1
M00103,retail,daily,2543,56.82,144480.78,0.0054,0.00925,46,0.1532,0.6521,0,16853.21,14307.21,0.7465,1
M00104,electronics,twice_weekly,1493,247.44,369434.72,0.01263,0.02092,162,0.2943,0.6712,0,34769.66,31922.26,0.9998,1
M00105,restaurants,daily,1078,44.91,48408.52,0.00281,0.0034,89,0.1356,0.9188,0,3650.26,2724.04,0.077,0
M00106,marketplace,daily,814,67.79,55181.75,0.01105,0.01161,324,0.1932,0.7443,0,4377.59,3560.85,0.9876,1
M00107,travel,twice_weekly,1306,281.23,367284.38,0.02793,0.04181,36,0.3949,0.7762,0,63765.86,55731.89,1.0,1
M00108,retail,daily,1579,104.69,165304.56,0.00287,0.00478,14,0.104,0.7517,0,12188.62,9880.06,0.1538,0
M00109,grocery,twice_weekly,3129,39.21,122681.71,0.00182,0.00216,32,0.5796,1.0668,0,20770.78,15618.46,0.0597,0
M00110,healthcare,daily,2136,99.59,212721.96,0.00338,0.00493,19,0.3429,0.728,0,29797.12,24424.92,0.2792,0
M00111,travel,weekly,329,219.9,72346.29,0.01891,0.02806,42,0.1704,0.5781,0,10730.23,11127.04,1.0,1
M00112,fuel,twice_weekly,357,50.24,17935.78,0.00471,0.00843,222,0.2588,1.0791,0,2077.5,1551.4,0.4754,0
M00113,retail,daily,2787,55.85,155653.31,0.00532,0.00521,33,0.0683,0.7347,0,25176.23,20572.62,0.3786,1
M00114,digital_services,twice_weekly,1111,52.64,58479.19,0.0038,0.00511,203,0.1723,0.7234,1,3836.1,3437.85,0.542,0
M00115,fuel,daily,3265,59.88,195495.27,0.00268,0.00241,48,0.2506,0.7281,0,34461.32,28247.88,0.0925,0
M00116,restaurants,daily,3165,35.54,112493.54,0.00594,0.01068,125,0.2349,0.753,0,7433.57,6021.8,0.847,1
M00117,restaurants,daily,2139,68.85,147279.06,0.00319,0.00401,82,0.2281,0.8535,0,9464.68,7301.0,0.1384,0
M00118,marketplace,weekly,556,78.96,43900.75,0.02127,0.02051,108,0.0505,0.5601,0,3844.29,4017.9,1.0,1
M00119,travel,weekly,3216,218.63,703123.5,0.00967,0.01143,59,0.3279,0.7128,0,96624.86,94273.81,0.9888,1
M00120,digital_services,weekly,823,136.76,112549.48,0.01446,0.02553,46,0.2207,0.7386,0,6800.17,6554.85,1.0,1
M00121,digital_services,weekly,180,99.87,17976.12,0.01369,0.02002,1,0.2321,0.6243,0,1325.33,1346.44,0.9998,1
M00122,digital_services,weekly,1562,116.39,181801.76,0.02089,0.03451,9,0.3588,0.7464,0,32403.53,31120.47,1.0,1
M00123,grocery,daily,953,54.63,52064.04,0.00272,0.0027,44,0.1611,0.8394,0,6766.33,5256.41,0.0677,0
M00124,travel,weekly,2772,297.9,825779.16,0.02412,0.04026,60,0.073,0.9586,0,51894.5,44828.61,1.0,1
M00125,grocery,daily,363,31.27,11352.61,0.00196,0.00159,97,0.1466,0.7688,0,1396.5,1122.82,0.0372,0
M00126,gaming,daily,1311,88.88,116523.29,0.01439,0.02254,14,0.1517,0.4141,0,18264.61,17179.21,1.0,1
M00127,retail,daily,3423,115.79,396348.65,0.01356,0.01428,2,0.2523,0.7028,0,45532.77,37765.17,0.9987,1
M00128,fuel,daily,1207,28.5,34395.38,0.00103,0.00098,1,0.0981,0.9279,0,5746.96,4268.56,0.0164,0
M00129,grocery,daily,2669,43.76,116797.99,0.00314,0.00263,162,0.1168,0.6025,0,13933.89,12095.28,0.1062,0
M00130,digital_services,daily,1055,57.99,61176.91,0.01809,0.01575,90,0.3292,1.0132,0,8260.46,5864.25,0.9998,1
M00131,fuel,daily,1103,53.27,58752.91,0.00211,0.00178,105,0.3065,0.8139,0,7351.31,5782.94,0.0538,0
M00132,healthcare,daily,2086,180.95,377466.55,0.00164,0.00117,0,0.0513,0.6378,0,26944.86,23023.16,0.0361,0
M00133,digital_services,weekly,402,106.63,42864.71,0.00172,0.00251,144,0.2236,0.8867,0,7124.99,6387.97,0.0546,0
M00134,retail,twice_weekly,4859,101.71,494205.87,0.00928,0.01578,26,0.1454,0.9899,0,50320.38,39463.56,0.9889,1
M00135,digital_services,daily,2298,63.07,144941.08,0.01308,0.0147,147,0.5216,0.7508,0,9754.77,7910.39,0.999,1
M00136,grocery,daily,1307,51.04,66711.68,0.00147,0.00225,73,0.043,0.7139,0,10188.42,8407.07,0.0346,0
M00137,electronics,daily,819,282.03,230984.64,0.01091,0.0156,101,0.0738,0.7948,0,35703.01,28348.04,0.9956,1
M00138,gaming,daily,875,81.29,71130.78,0.01613,0.02019,170,0.157,0.8329,0,8449.38,6584.85,0.9999,1
M00139,restaurants,weekly,3756,40.47,151988.11,0.00361,0.00595,124,0.02,0.7904,0,12079.89,11359.68,0.2186,1
M00140,grocery,daily,1230,30.89,37995.84,0.00185,0.00272,26,0.0439,0.7994,0,6627.24,5250.31,0.0418,0
M00141,gaming,twice_weekly,428,71.94,30788.87,0.01805,0.01541,30,0.0674,0.9831,0,2162.2,1701.87,0.9998,1
M00142,gaming,twice_weekly,921,80.1,73773.05,0.01914,0.01431,23,0.2038,0.5112,0,8853.37,8723.03,0.9999,1
M00143,electronics,daily,1035,312.09,323011.31,0.02177,0.01675,24,0.1934,0.5931,0,42971.37,37457.02,1.0,1
M00144,digital_services,weekly,4175,121.65,507869.49,0.01031,0.0096,6,0.1869,1.0347,0,62595.81,51905.31,0.962,1
M00145,travel,daily,479,367.66,176109.06,0.02348,0.03568,105,0.4093,0.961,0,26410.68,19280.36,1.0,1
M00146,retail,weekly,1985,92.01,182640.72,0.00517,0.007,12,0.159,0.6802,0,30949.65,30655.2,0.5852,1
M00147,retail,twice_weekly,540,121.87,65809.97,0.01018,0.01355,42,0.1022,0.7051,0,9541.54,8624.13,0.9879,1
M00148,gaming,twice_weekly,1975,166.95,329735.67,0.02229,0.03459,26,0.1065,0.5248,0,44789.67,43874.78,1.0,1
M00149,travel,twice_weekly,4238,290.73,1232094.51,0.00905,0.00996,180,0.1553,0.6837,0,153446.98,140074.11,0.9746,1
M00150,grocery,weekly,5657,36.52,206566.14,0.00235,0.00258,87,0.305,0.9117,0,29873.49,26442.81,0.0689,0
M00151,restaurants,weekly,2400,40.61,97464.46,0.00463,0.00485,65,0.1878,0.724,0,16455.38,15971.43,0.323,0
M00152,healthcare,daily,630,222.1,139923.41,0.00443,0.00501,76,0.6097,0.6032,0,16026.19,13906.92,0.5359,0
M00153,fuel,twice_weekly,1807,55.2,99742.53,0.00347,0.00271,4,0.2458,0.9264,0,6306.95,5114.32,0.1016,0
M00154,digital_services,twice_weekly,181,22.26,4028.5,0.02202,0.0271,8,0.5575,0.7617,0,301.6,265.43,1.0,1
M00155,grocery,daily,1328,27.05,35922.84,0.00339,0.00568,27,0.1958,0.9177,0,3559.77,2658.08,0.1956,0
M00156,marketplace,weekly,1209,48.78,58980.39,0.01476,0.01633,71,0.1376,0.7354,0,4745.82,4581.63,0.9994,1
M00157,retail,daily,1218,63.1,76857.68,0.0059,0.00939,198,0.1473,0.7861,0,9498.04,7573.11,0.75,0
M00158,marketplace,daily,617,44.45,27424.21,0.00572,0.00473,12,0.1564,0.6161,0,4099.43,3537.02,0.4934,1
M00159,marketplace,daily,858,81.99,70346.01,0.02158,0.02873,26,0.1247,0.5744,0,4307.25,3785.51,1.0,1
M00160,restaurants,daily,1309,33.98,44482.2,0.00157,0.00157,53,0.1868,0.8223,0,6293.95,4930.69,0.0332,0
M00161,grocery,weekly,888,38.07,33810.36,0.00192,0.0028,11,0.0271,0.9999,0,6076.77,5135.05,0.0325,0
M00162,healthcare,daily,4829,204.78,988882.03,0.00428,0.00512,16,0.1912,0.7019,0,143748.98,119275.73,0.419,1
M00163,retail,daily,1885,115.98,218618.47,0.00681,0.00548,54,0.0539,1.0138,0,32391.48,22988.29,0.4464,0
M00164,grocery,daily,2039,45.32,92411.07,0.00377,0.00619,55,0.4371,0.6568,0,15876.75,13449.57,0.4473,1
M00165,digital_services,daily,539,82.46,44448.38,0.01612,0.01167,14,0.1474,0.6034,1,7857.02,6817.57,0.9997,1
M00166,retail,twice_weekly,781,80.58,62935.93,0.00395,0.00576,217,0.0584,0.5818,0,7753.44,7409.51,0.3145,1
M00167,restaurants,weekly,815,61.63,50224.91,0.00488,0.00855,30,0.1476,0.9201,1,6290.78,5544.41,0.7765,1
M00168,restaurants,daily,1169,63.9,74703.14,0.00414,0.00648,2,0.123,0.9697,0,6236.07,4531.48,0.2855,1
M00169,retail,daily,6085,75.96,462232.97,0.00638,0.00909,34,0.2204,1.0641,0,38648.4,26679.34,0.7299,1
M00170,electronics,daily,9493,222.67,2113783.84,0.02175,0.0302,102,0.2809,1.0019,0,377233.62,269453.28,1.0,1
M00171,retail,twice_weekly,1822,89.75,163527.81,0.0086,0.01107,123,0.3976,0.7499,0,23778.32,21044.64,0.9681,1
M00172,gaming,daily,1210,134.08,162240.28,0.03059,0.02217,180,0.0948,0.5531,0,27613.83,24495.32,1.0,1
M00173,retail,daily,3394,57.19,194087.09,0.00588,0.00665,56,0.3489,0.9547,0,33363.11,24436.12,0.592,0
M00174,electronics,daily,2073,296.48,614609.74,0.00726,0.00657,190,0.4834,0.7942,0,42720.31,33930.52,0.838,0
M00175,fuel,twice_weekly,1516,32.37,49073.65,0.00347,0.00579,29,0.3203,0.7343,0,5222.36,4656.28,0.3099,1
M00176,grocery,daily,1029,65.08,66964.49,0.00131,0.00116,64,0.0914,0.7884,0,6824.51,5435.6,0.022,0
M00177,travel,daily,1856,284.44,527928.88,0.02295,0.02141,27,0.1668,0.7777,0,40047.18,32060.84,1.0,1
M00178,electronics,twice_weekly,980,281.95,276310.03,0.01312,0.00997,1,0.3957,0.7437,0,21805.72,19355.61,0.9951,1
M00179,healthcare,twice_weekly,3787,155.55,589082.12,0.00285,0.00422,62,0.1856,0.8478,0,48366.54,40816.88,0.1343,1
M00180,restaurants,daily,678,38.56,26142.75,0.00305,0.00524,14,0.3811,0.7194,0,4571.49,3762.45,0.2747,0
M00181,healthcare,twice_weekly,2331,158.81,370194.37,0.0031,0.00539,24,0.0877,0.816,0,33797.74,28974.49,0.1795,1
M00182,healthcare,weekly,655,88.23,57790.89,0.00089,0.0015,65,0.1542,0.8965,0,3562.31,3177.86,0.0198,0
M00183,gaming,daily,2007,84.23,169046.39,0.03109,0.04793,31,0.3856,0.8856,0,19504.19,14804.73,1.0,1
M00184,retail,twice_weekly,3053,64.98,198379.83,0.00713,0.00889,90,0.1352,0.936,0,27326.17,22049.3,0.784,1
M00185,restaurants,daily,1241,46.15,57270.31,0.00345,0.00275,55,0.1694,0.9825,0,3768.62,2720.0,0.08,0
M00186,marketplace,twice_weekly,893,80.78,72135.76,0.02022,0.02114,17,0.3908,0.6175,0,9981.78,9389.42,1.0,1
M00187,retail,daily,3179,64.86,206195.86,0.00479,0.00838,121,0.1719,1.031,0,21117.96,14847.48,0.4891,1
M00188,grocery,twice_weekly,1158,43.89,50820.28,0.00123,0.00123,104,0.168,0.7276,0,7869.5,7038.39,0.0275,0
M00189,restaurants,daily,1295,40.06,51881.51,0.00458,0.00798,11,0.1577,0.8078,0,6235.38,4919.62,0.5165,0
M00190,retail,daily,1179,65.09,76739.43,0.00525,0.00792,9,0.0651,1.0082,0,11034.79,7855.22,0.4741,0
M00191,electronics,weekly,1405,422.11,593066.63,0.01086,0.01194,40,0.1103,0.6923,0,91131.57,89766.98,0.991,1
M00192,retail,daily,1393,96.82,134870.37,0.00099,0.00078,30,0.1306,0.7843,0,12430.93,9920.57,0.0205,0
M00193,grocery,weekly,1496,36.39,54439.16,0.00079,0.00103,113,0.1565,0.8139,0,5215.25,4848.58,0.0181,0
M00194,restaurants,weekly,2177,52.73,114787.23,0.00509,0.00536,81,0.1347,0.5242,0,19062.03,20234.36,0.4682,1
M00195,fuel,weekly,1421,49.03,69678.43,0.00447,0.00633,3,0.4043,0.6297,0,4332.32,4390.83,0.5473,1
M00196,fuel,daily,1354,62.87,85126.95,0.00423,0.00553,46,0.1287,0.6783,0,13496.28,11321.24,0.3109,0
M00197,digital_services,twice_weekly,167,100.72,16820.55,0.0191,0.02816,53,0.2556,0.7258,0,2998.71,2684.35,1.0,1
M00198,healthcare,daily,1197,159.22,190588.34,0.00327,0.00505,29,0.0694,0.9672,0,28044.13,20405.26,0.1335,0
M00199,fuel,daily,641,24.94,15985.56,0.00446,0.0038,29,0.1563,0.8937,0,2305.69,1742.9,0.1737,0
M00200,retail,weekly,3413,109.09,372320.93,0.00602,0.00751,202,0.1498,0.8508,0,53356.74,48709.3,0.649,1
M00201,restaurants,twice_weekly,1742,43.26,75367.15,0.00589,0.00866,11,0.2354,0.8273,0,5809.79,4952.94,0.7268,1
M00202,electronics,daily,834,339.59,283214.53,0.01672,0.0289,123,0.2557,0.7462,0,22902.06,18612.55,1.0,1
M00203,gaming,daily,1898,136.46,259010.16,0.01992,0.01976,39,0.1023,0.6694,1,30996.87,26107.88,1.0,1
M00204,fuel,twice_weekly,262,47.37,12411.36,0.00293,0.00336,224,0.1553,0.699,0,983.05,891.04,0.1089,0
M00205,grocery,twice_weekly,2752,38.67,106416.21,0.00271,0.00342,45,0.509,0.8847,0,9395.76,7783.78,0.1378,0
M00206,fuel,daily,1836,63.18,115991.59,0.00532,0.00823,36,0.0796,0.883,0,8600.2,6536.68,0.5327,1
M00207,grocery,weekly,644,36.04,23210.61,0.00164,0.00194,18,0.0592,0.9336,0,2619.57,2292.62,0.0251,0
M00208,marketplace,daily,2214,83.18,184159.34,0.01181,0.01848,129,0.3546,0.6786,0,31001.05,26002.19,0.9994,1
M00209,grocery,daily,821,42.66,35025.69,0.00314,0.00229,67,0.02,0.8179,0,2117.78,1662.7,0.0574,0
M00210,gaming,twice_weekly,1319,139.85,184465.11,0.03131,0.02371,78,0.0493,0.5641,0,15529.51,14956.0,1.0,1
M00211,marketplace,weekly,1463,62.65,91653.88,0.01078,0.01019,156,0.2181,0.8081,0,11004.71,10259.71,0.9775,1
M00212,digital_services,daily,2344,91.03,213371.6,0.00666,0.00644,22,0.2183,0.6813,0,18507.51,15503.96,0.7344,1
M00213,fuel,daily,1106,73.88,81713.78,0.00401,0.00294,24,0.2279,0.8613,0,11367.97,8735.24,0.14,0
M00214,restaurants,daily,335,40.71,13637.2,0.00313,0.00329,6,0.1578,0.8409,0,2400.95,1863.7,0.1049,0
M00215,marketplace,weekly,1885,91.45,172384.64,0.0002,0.00021,9,0.4572,0.767,0,22752.04,21637.07,0.0272,0
M00216,marketplace,daily,982,70.59,69317.59,0.01214,0.01137,316,0.3812,0.9312,0,5796.65,4298.09,0.9921,1
M00217,grocery,daily,1567,52.34,82014.31,0.00293,0.00218,26,0.085,0.7893,0,11753.15,9357.1,0.0625,1
M00218,grocery,weekly,1996,38.81,77454.94,0.00032,0.00042,1,0.0484,0.7019,0,7709.05,7559.8,0.013,0
M00219,healthcare,daily,2473,173.21,428351.65,0.00218,0.00205,85,0.167,0.4468,0,59414.88,55135.4,0.1,0
M00220,retail,daily,560,73.02,40893.38,0.00356,0.00389,120,0.3834,0.6264,0,4951.49,4252.46,0.2595,0
M00221,retail,daily,502,88.63,44490.19,0.00748,0.01243,70,0.1711,0.8974,0,4774.38,3602.35,0.9328,1
M00222,gaming,twice_weekly,647,151.44,97979.18,0.01232,0.01113,37,0.1249,0.7952,1,13202.02,11433.24,0.9975,1
M00223,marketplace,daily,2541,80.89,205541.92,0.00457,0.00633,67,0.083,0.4652,0,22540.86,20757.75,0.5232,1
M00224,electronics,daily,1584,224.79,356071.28,0.00167,0.0028,65,0.0851,0.7593,0,27427.98,22152.83,0.0583,0
M00225,retail,daily,3367,73.52,247525.87,0.00535,0.00853,12,0.0924,0.7903,0,15270.63,12151.39,0.6326,0
M00226,healthcare,twice_weekly,1123,100.94,113358.22,0.0059,0.01,9,0.2944,0.5775,0,19655.69,18819.15,0.8763,0
M00227,grocery,twice_weekly,868,31.02,26921.54,0.0033,0.00544,68,0.2741,0.6154,0,4515.49,4251.52,0.2833,1
M00228,digital_services,daily,1777,106.2,188717.65,0.00812,0.01055,51,0.3704,0.9689,1,28622.89,20807.83,0.98,1
M00229,digital_services,daily,603,94.8,57167.35,0.01824,0.01806,83,0.208,0.8023,0,7489.41,5924.95,0.9999,1
M00230,grocery,weekly,3436,42.74,146854.24,0.0018,0.00126,92,0.0231,0.9693,0,23618.84,20288.33,0.0199,0
M00231,fuel,daily,2147,72.12,154844.64,0.00586,0.01041,62,0.1452,0.7799,0,20228.64,16177.72,0.7997,1
M00232,travel,daily,1022,221.71,226590.46,0.01761,0.02484,76,0.1161,0.7107,0,17010.9,14057.2,1.0,1
M00233,electronics,daily,983,293.7,288703.93,0.00825,0.00985,10,0.131,0.5919,0,38637.74,33696.83,0.9471,1
M00234,digital_services,daily,2134,94.9,202518.21,0.01098,0.01903,38,0.167,0.8794,0,33025.9,25146.85,0.9986,1
M00235,electronics,daily,905,211.71,191597.69,0.01734,0.01593,162,0.1701,0.7257,0,25310.62,20769.78,0.9998,1
M00236,restaurants,daily,808,46.33,37431.13,0.00505,0.00758,85,0.2476,0.7522,0,4845.44,3926.84,0.5831,0
M00237,travel,daily,4924,277.0,1363923.69,0.00474,0.0055,182,0.1515,0.7917,0,124129.34,98705.91,0.4829,1
M00238,restaurants,daily,2343,47.26,110721.75,0.00374,0.00395,25,0.2994,0.5908,0,9385.98,8189.58,0.2661,0
M00239,grocery,twice_weekly,383,38.6,14785.29,0.0023,0.00306,58,0.2798,0.6561,0,1581.76,1462.22,0.0994,0
M00240,grocery,daily,724,55.92,40487.64,0.00207,0.00298,45,0.1055,1.0795,0,5051.14,3457.04,0.0349,0
M00241,restaurants,daily,1572,45.08,70870.27,0.00246,0.00319,53,0.2171,0.7498,0,7431.98,6029.63,0.0931,0
M00242,restaurants,weekly,465,38.42,17866.1,0.00309,0.00505,9,0.0649,0.9905,0,1119.08,950.49,0.1176,0
M00243,retail,daily,1442,68.13,98240.18,0.0055,0.00609,21,0.2345,0.6726,0,13051.83,10977.46,0.5621,1
M00244,gaming,twice_weekly,750,151.22,113416.29,0.00749,0.00866,11,0.118,0.8473,0,16306.04,13764.55,0.8667,1
M00245,digital_services,daily,2010,99.84,200688.42,0.01931,0.01795,61,0.1668,0.6889,0,21021.12,17547.98,1.0,1
M00246,healthcare,twice_weekly,1760,38.61,67945.12,0.00168,0.00292,2,0.2575,0.8933,0,10033.0,8275.32,0.0571,0
M00247,digital_services,daily,4192,127.77,535624.12,0.01143,0.01114,147,0.154,0.8093,0,94133.25,74216.94,0.9895,1
M00248,travel,daily,3767,450.48,1696971.89,0.02374,0.02935,31,0.2808,0.952,0,290324.18,212943.78,1.0,1
M00249,retail,daily,3354,59.59,199856.74,0.00547,0.00686,159,0.2896,0.9823,0,34754.21,25086.75,0.5266,1
M00250,travel,daily,1443,216.17,311934.7,0.01284,0.0185,112,0.0821,0.7162,0,46878.12,38640.35,0.9994,1
M00251,marketplace,daily,2285,87.95,200964.65,0.0002,0.00035,129,0.2138,0.8791,0,33046.73,25166.93,0.0148,0
M00252,healthcare,twice_weekly,2360,148.84,351258.14,0.00425,0.00327,134,0.1897,1.0081,0,29158.86,22645.01,0.1341,0
M00253,travel,weekly,507,243.06,123233.69,0.02322,0.03375,53,0.0787,0.8254,0,12640.72,11685.8,1.0,1
M00254,retail,daily,1222,84.17,102857.71,0.00534,0.00388,365,0.2857,0.9646,0,14498.85,10564.41,0.2803,1
M00255,retail,weekly,1375,80.78,111078.59,0.00445,0.00549,6,0.0428,0.7953,0,12288.85,11528.81,0.2842,0
M00256,restaurants,twice_weekly,780,41.33,32236.6,0.00382,0.00509,6,0.0807,1.0805,0,3143.59,2345.77,0.1443,0
M00257,restaurants,weekly,1219,31.35,38214.78,0.00716,0.0084,52,0.2362,0.8892,0,4802.81,4300.4,0.7877,1
M00258,grocery,twice_weekly,507,29.67,15041.26,0.00205,0.00181,77,0.0623,0.7672,0,2131.68,1871.13,0.036,0
M00259,grocery,twice_weekly,1339,38.48,51529.05,0.00253,0.00202,94,0.1072,0.9455,0,7146.96,5738.18,0.0395,0
M00260,digital_services,daily,5075,116.52,591327.57,0.01135,0.01087,7,0.0656,0.7454,0,91112.89,74077.35,0.9882,1
M00261,fuel,twice_weekly,972,58.19,56559.84,0.00355,0.00548,85,0.0711,0.8379,0,4143.0,3513.67,0.1814,0
M00262,restaurants,weekly,570,59.73,34043.6,0.00434,0.00768,174,0.1216,0.8283,0,4720.57,4357.66,0.4256,0
M00263,retail,daily,417,90.37,37684.21,0.00588,0.00663,3,0.1377,0.7487,0,3540.9,2874.35,0.575,1
M00264,fuel,daily,2123,70.55,149778.49,0.00259,0.00412,149,0.1424,0.7828,0,10126.67,8087.19,0.1049,0
M00265,healthcare,daily,629,166.68,104842.97,0.00212,0.00243,2,0.1975,0.901,0,6520.62,4910.8,0.0522,0
M00266,fuel,weekly,963,70.29,67689.46,0.00219,0.00221,15,0.2022,0.9092,0,11859.38,10511.06,0.049,0
M00267,retail,daily,2684,67.85,182114.73,0.00436,0.00569,165,0.1503,0.9045,0,28865.91,21700.04,0.2878,0
M00268,fuel,twice_weekly,2014,51.99,104710.85,0.00332,0.00304,45,0.1741,1.0599,0,8577.5,6474.64,0.0726,1
M00269,grocery,weekly,417,55.03,22948.35,0.00302,0.00378,152,0.1499,0.5795,0,3332.63,3453.69,0.1474,0
M00270,grocery,weekly,1042,48.38,50413.93,0.00086,0.00088,307,0.02,0.8339,0,5778.86,5319.86,0.0136,0
M00271,grocery,daily,1600,39.87,63795.9,0.00149,0.00236,15,0.2036,0.8391,0,8299.09,6447.93,0.0408,0
M00272,fuel,twice_weekly,941,55.38,52113.26,0.0056,0.00615,73,0.2339,0.8648,0,5981.62,5005.42,0.4707,1
M00273,grocery,weekly,1022,32.59,33311.83,0.0018,0.0021,44,0.3047,0.6484,0,2887.59,2901.91,0.0644,0
M00274,digital_services,daily,1495,110.01,164461.74,0.01513,0.02273,32,0.1575,0.8784,0,24207.21,18441.19,0.9999,1
M00275,marketplace,twice_weekly,1066,86.39,92089.09,0.01012,0.0109,36,0.273,0.9489,0,5582.99,4474.49,0.9724,1
M00276,retail,daily,4878,110.54,539198.33,0.00621,0.00703,10,0.1105,0.9124,0,56899.61,42602.59,0.6026,0
M00277,retail,twice_weekly,3649,116.09,423629.48,0.00671,0.00708,134,0.2405,1.1015,0,54080.22,39877.79,0.6261,1
M00278,gaming,daily,1087,119.07,129434.39,0.02936,0.05038,9,0.1027,0.5085,0,13196.06,11932.24,1.0,1
M00279,healthcare,daily,557,140.55,78287.31,0.00376,0.00584,79,0.0901,0.565,0,7010.49,6186.51,0.3108,1
M00280,restaurants,daily,1130,46.08,52068.91,0.00435,0.00699,12,0.2127,0.7046,0,5364.17,4445.4,0.4761,1
M00281,grocery,daily,2241,35.87,80383.97,0.00178,0.00166,40,0.379,0.8515,0,11756.66,9078.36,0.0478,0
M00282,fuel,daily,1076,34.8,37439.61,0.00295,0.00215,335,0.0906,0.954,0,5619.1,4117.17,0.0478,0
M00283,retail,twice_weekly,1813,73.55,133340.37,0.00352,0.00295,72,0.1631,1.1713,0,16600.47,11753.94,0.0689,0
M00284,retail,daily,1664,89.12,148294.21,0.00627,0.00894,232,0.1692,0.9284,0,18602.84,13814.02,0.7227,1
M00285,digital_services,daily,751,83.51,62719.6,0.02774,0.02361,31,0.4022,0.9014,0,5794.68,4363.21,1.0,1
M00286,travel,twice_weekly,1215,280.53,340842.93,0.02618,0.04667,131,0.2159,0.7586,0,27797.14,24499.78,1.0,1
M00287,grocery,twice_weekly,1884,20.32,38289.68,0.00109,0.00148,50,0.2438,1.071,0,3806.43,2855.48,0.0183,0
M00288,retail,daily,1230,111.1,136654.46,0.00762,0.01157,17,0.3426,0.8117,0,12792.59,10073.87,0.9496,1
M00289,gaming,weekly,2008,114.11,229126.06,0.01918,0.01393,364,0.3015,0.5446,0,39836.16,41916.14,0.9999,1
M00290,grocery,daily,6911,34.97,241653.48,0.00155,0.00261,17,0.215,0.8286,0,42247.59,32995.32,0.0518,0
M00291,restaurants,weekly,2470,32.61,80540.16,0.00538,0.0043,169,0.052,1.0295,0,6562.87,5457.62,0.2052,1
M00292,grocery,daily,1575,46.61,73418.49,0.00223,0.00302,45,0.352,0.8949,0,9669.02,7304.6,0.0772,0
M00293,healthcare,twice_weekly,1094,136.5,149326.42,0.00498,0.00488,61,0.0732,0.5757,0,10578.25,10136.35,0.3577,0
M00294,grocery,weekly,1542,46.02,70969.31,0.00254,0.00423,21,0.1592,0.8254,0,8437.84,7800.18,0.1046,0
M00295,restaurants,weekly,3118,43.67,136151.07,0.00364,0.00455,26,0.3919,0.8279,0,20455.12,18886.04,0.2613,1
M00296,healthcare,daily,1594,94.14,150063.03,0.00224,0.00232,73,0.2894,0.7428,0,13306.2,10831.63,0.0748,0
M00297,electronics,twice_weekly,3300,171.34,565422.63,0.00488,0.00539,21,0.235,0.7326,0,92787.63,82795.25,0.5201,0
M00298,restaurants,daily,872,58.25,50790.9,0.00416,0.00449,159,0.2506,0.8134,0,4761.67,3746.67,0.2416,1
M00299,restaurants,twice_weekly,2743,52.9,145107.19,0.00636,0.00598,130,0.1947,0.9483,0,22391.66,17951.41,0.5147,0
M00300,digital_services,twice_weekly,2423,130.38,315911.88,0.01049,0.00917,29,0.3769,0.6429,0,43616.5,40563.43,0.9829,1
M00301,restaurants,weekly,259,24.48,6340.7,0.004,0.0059,36,0.1425,0.9872,0,1039.34,884.29,0.2236,0
M00302,grocery,daily,3036,33.15,100635.84,0.00327,0.00257,39,0.2846,0.7536,0,16020.18,12974.09,0.1162,0
M00303,gaming,daily,366,126.99,46479.88,0.0106,0.00779,196,0.1871,0.3035,0,7452.32,7326.65,0.9802,1
M00304,gaming,twice_weekly,481,100.38,48284.01,0.0065,0.0063,143,0.308,0.8917,0,3083.81,2545.64,0.6981,1
M00305,restaurants,daily,2470,42.86,105852.66,0.00337,0.00597,61,0.4271,0.878,0,15532.78,11835.57,0.3135,0
M00306,travel,daily,1253,219.73,275326.98,0.0166,0.01307,117,0.3083,0.8542,0,35043.75,27023.13,0.9995,1
M00307,retail,daily,2238,49.43,110615.77,0.00568,0.00626,17,0.5375,0.7379,0,7820.92,6381.02,0.6938,1
M00308,digital_services,twice_weekly,870,114.05,99225.92,0.02216,0.03814,52,0.1591,0.9451,0,15333.45,12313.85,1.0,1
M00309,retail,daily,462,60.61,28001.07,0.00854,0.01233,8,0.0695,0.6281,0,4430.39,3802.02,0.9674,1
M00310,grocery,daily,906,34.87,31592.75,0.0033,0.00362,101,0.039,0.8593,0,3504.89,2695.91,0.0887,0
M00311,travel,daily,1269,238.75,302979.67,0.03074,0.04181,35,0.4705,0.6533,0,44234.17,37531.94,1.0,1
M00312,travel,weekly,2074,421.55,874286.46,0.02521,0.04014,77,0.1021,0.526,0,68747.79,72918.0,1.0,1
M00313,retail,twice_weekly,299,74.38,22241.02,0.00094,0.00165,10,0.0468,0.7762,0,3068.11,2681.57,0.0233,0
M00314,retail,daily,2046,98.03,200565.87,0.00841,0.00613,219,0.0817,0.7558,0,17516.48,14171.1,0.7581,1
M00315,retail,daily,1046,119.29,124779.65,0.00885,0.01059,70,0.4748,0.7892,0,21178.99,16862.09,0.9686,1
M00316,retail,daily,251,77.18,19371.91,0.00487,0.00516,8,0.4863,0.8764,0,1540.14,1174.52,0.4464,1
M00317,retail,daily,1170,57.69,67497.16,0.00544,0.00476,88,0.1103,0.7497,0,4858.4,3941.95,0.3513,0
M00318,marketplace,twice_weekly,493,68.77,33901.47,0.00522,0.00793,24,0.3837,0.6804,0,4013.97,3669.62,0.7414,1
M00319,retail,daily,1763,112.28,197949.54,0.00423,0.00528,48,0.0756,0.7327,0,21768.24,17804.08,0.2748,1
M00320,electronics,weekly,402,353.42,142075.15,0.01359,0.01153,19,0.1275,1.1742,0,25193.49,19291.93,0.992,1
M00321,healthcare,daily,4299,103.98,447002.65,0.0025,0.00402,75,0.4166,0.7159,0,75597.38,62322.18,0.2018,1
M00322,gaming,twice_weekly,1861,141.66,263622.75,0.01139,0.01785,144,0.0968,0.7154,0,30712.44,27627.03,0.9988,1
M00323,retail,daily,5026,54.46,273738.09,0.0097,0.01045,68,0.0934,0.7231,0,30545.33,25096.03,0.9616,0
M00324,gaming,weekly,1834,89.78,164660.37,0.00916,0.00794,144,0.0868,1.0077,1,28088.31,23635.66,0.9594,1
M00325,restaurants,weekly,3491,49.82,173923.66,0.00589,0.00442,254,0.2128,0.6689,0,12570.78,12515.97,0.4526,0
M00326,marketplace,twice_weekly,869,62.47,54287.89,0.00568,0.00651,44,0.1798,0.7275,0,7506.66,6714.22,0.586,1
M00327,restaurants,daily,860,25.83,22210.22,0.00117,0.00155,31,0.3648,0.6,0,2825.71,2455.58,0.0536,0
M00328,gaming,daily,3989,122.59,489020.59,0.01448,0.02425,15,0.0936,0.7363,0,56910.66,46469.55,1.0,1
M00329,digital_services,twice_weekly,1066,117.17,124899.58,0.0085,0.01157,65,0.2191,0.8305,0,8300.71,7065.34,0.9601,1
M00330,retail,twice_weekly,2093,105.25,220281.84,0.00625,0.00834,107,0.2019,0.7421,0,32431.25,28809.03,0.7637,1
M00331,marketplace,daily,2760,38.64,106637.95,0.01283,0.01753,30,0.3444,0.8072,0,15383.47,12141.25,0.9993,1
M00332,fuel,daily,1906,57.76,110093.05,0.00315,0.0025,31,0.1637,1.0,0,8878.72,6348.27,0.0626,0
M00333,marketplace,daily,1011,89.82,90811.4,0.01557,0.01909,24,0.2096,0.805,0,11473.29,9064.54,0.9998,1
M00334,healthcare,weekly,383,124.12,47538.77,0.00442,0.00729,198,0.0964,0.7697,0,6334.98,6016.84,0.4121,0
M00335,grocery,twice_weekly,1349,21.37,28822.42,0.00173,0.00187,89,0.5014,0.6759,0,1920.0,1758.92,0.0776,1
M00336,digital_services,twice_weekly,660,122.22,80666.52,0.0002,0.00031,37,0.1489,0.5482,0,9239.71,8960.29,0.0215,0
M00337,grocery,twice_weekly,918,35.91,32962.01,0.00197,0.0025,16,0.132,0.6974,0,4124.29,3741.11,0.0569,0
M00338,marketplace,daily,5888,31.32,184394.92,0.01332,0.013,40,0.3083,0.6584,0,32602.13,27598.35,0.9981,1
M00339,grocery,daily,929,37.67,34999.77,0.00186,0.00329,10,0.6326,0.921,0,2181.34,1626.0,0.1131,1
M00340,electronics,daily,399,213.14,85043.51,0.01635,0.02502,223,0.2192,0.4606,0,7676.03,7082.36,1.0,1
M00341,grocery,twice_weekly,1156,31.58,36501.73,0.00239,0.00272,6,0.419,0.7942,0,6469.36,5605.33,0.1032,0
M00342,electronics,daily,3862,270.38,1044213.6,0.01274,0.01182,65,0.345,0.5126,0,117318.57,105898.29,0.9981,1
M00343,restaurants,daily,2941,34.65,101905.99,0.00503,0.00842,181,0.1022,0.8113,0,7163.57,5642.38,0.562,0
M00344,digital_services,daily,1416,75.94,107524.72,0.00757,0.00749,180,0.3273,0.8554,0,9494.34,7317.12,0.8338,1
M00345,restaurants,daily,910,69.41,63166.65,0.00702,0.00833,10,0.2282,0.6825,0,10757.43,9006.52,0.8346,1
M00346,restaurants,twice_weekly,1416,35.11,49715.98,0.00326,0.00236,3,0.092,0.7344,0,6713.79,5985.66,0.0904,0
M00347,electronics,daily,846,363.34,307385.42,0.01543,0.01208,57,0.2413,0.578,0,23787.13,20872.67,0.999,1
M00348,retail,daily,12324,70.92,874011.03,0.00041,0.00032,134,0.3439,0.9112,0,66807.88,50050.67,0.0189,0
M00349,digital_services,twice_weekly,1804,78.93,142382.15,0.0129,0.01603,95,0.1942,0.7763,0,15241.16,13320.05,0.9987,1
M00350,grocery,daily,1788,39.33,70321.9,0.00172,0.00307,47,0.0761,1.2053,0,4305.14,2737.92,0.024,0
M00351,digital_services,daily,709,116.0,82241.4,0.01063,0.01601,173,0.0755,0.9877,0,11459.95,8247.96,0.9937,1
M00352,fuel,daily,428,83.05,35545.19,0.00165,0.00232,9,0.1267,0.8844,0,5949.3,4518.64,0.0362,0
M00353,digital_services,twice_weekly,557,142.93,79612.08,0.00922,0.01153,274,0.1113,0.6979,0,12608.33,11434.47,0.9714,1
M00354,digital_services,daily,744,73.77,54886.28,0.01152,0.01264,142,0.3337,0.5682,0,5129.98,4520.68,0.9959,1
M00355,travel,twice_weekly,689,356.82,245851.79,0.01567,0.01285,248,0.3,0.8297,1,23303.97,19844.24,0.9997,1
M00356,gaming,weekly,1473,157.86,232523.84,0.00781,0.00628,36,0.2197,0.808,0,26924.77,25102.98,0.8167,1
M00357,restaurants,twice_weekly,1095,30.34,33219.15,0.0033,0.00273,67,0.3403,0.8245,0,4435.22,3786.38,0.1243,0
M00358,restaurants,daily,1768,31.85,56315.72,0.00531,0.00373,24,0.0756,0.7677,0,7473.09,6011.64,0.2549,0
M00359,gaming,twice_weekly,5267,109.72,577876.0,0.03124,0.05417,1,0.1276,0.5514,0,47184.72,45694.25,1.0,1
M00360,digital_services,daily,2155,97.4,209894.95,0.01463,0.01951,22,0.1162,0.7253,0,36689.96,30112.99,0.9998,1
M00361,electronics,daily,483,275.13,132886.19,0.00398,0.0047,63,0.02,0.8615,0,15191.12,11671.46,0.1884,0
M00362,grocery,daily,1340,33.67,45119.21,0.0015,0.00119,5,0.3938,0.9099,0,6267.0,4698.39,0.0361,0
M00363,grocery,daily,2082,33.18,69076.25,0.00187,0.00267,272,0.02,0.8208,0,6107.44,4788.13,0.0377,0
M00364,grocery,daily,2157,37.53,80944.87,0.00283,0.00387,190,0.1276,0.9163,0,11960.45,8936.97,0.0857,0
M00365,marketplace,daily,595,83.17,49487.97,0.00355,0.00421,32,0.2112,0.8464,0,3127.67,2421.26,0.1849,1
M00366,travel,daily,986,313.38,308989.99,0.03092,0.05266,42,0.1462,0.8654,0,37641.19,28863.63,1.0,1
M00367,restaurants,daily,2317,57.52,133275.44,0.00577,0.00943,33,0.1455,1.0405,0,10948.6,7657.54,0.6543,1
M00368,marketplace,daily,474,75.39,35735.66,0.00827,0.00933,8,0.2079,0.3615,0,2551.76,2451.76,0.9567,1
M00369,retail,weekly,4739,88.59,419827.49,0.00601,0.00522,83,0.2274,0.8793,1,33561.19,30203.0,0.7304,0
M00370,healthcare,daily,875,157.68,137967.35,0.00405,0.00395,56,0.0427,0.8921,0,10308.53,7798.74,0.1334,0
M00371,restaurants,twice_weekly,2329,52.97,123376.7,0.00805,0.01227,51,0.1612,0.7991,1,15455.01,13358.99,0.9836,1
M00372,retail,daily,1641,68.54,112474.95,0.00857,0.01469,59,0.4967,1.2348,0,17379.99,10855.44,0.9805,1
M00373,retail,daily,479,114.1,54656.08,0.00555,0.00932,59,0.248,0.8484,0,4621.78,3574.25,0.7273,1
M00374,retail,daily,2927,98.18,287380.08,0.01251,0.02212,112,0.1882,1.0578,0,24309.59,16840.14,0.9996,1
M00375,fuel,daily,2011,58.59,117829.29,0.00348,0.00537,3,0.2147,0.6297,0,18649.28,15992.79,0.298,1
M00376,fuel,daily,1250,61.32,76651.86,0.00307,0.00551,17,0.086,0.5512,0,7685.46,6823.0,0.2369,0
M00377,electronics,daily,714,265.66,189678.17,0.00587,0.00421,14,0.0839,0.6908,0,33787.5,28179.8,0.4347,1
M00378,travel,daily,1572,169.49,266438.6,0.0253,0.04111,44,0.0977,0.9679,0,46646.86,33929.66,1.0,1
M00379,retail,daily,733,121.92,89369.4,0.01146,0.0117,27,0.339,0.9387,0,9366.74,6918.36,0.9886,1
M00380,marketplace,daily,326,89.78,29269.38,0.01685,0.01248,140,0.2424,0.8634,0,3544.58,2720.82,0.9992,1
M00381,digital_services,daily,1642,79.57,130660.83,0.02588,0.0362,114,0.1695,0.8263,0,9865.53,7713.6,1.0,1
M00382,electronics,daily,2069,261.3,540631.97,0.0164,0.02189,205,0.1741,0.8988,0,66354.44,50028.92,1.0,1
M00383,restaurants,daily,1588,26.49,42060.28,0.00279,0.00297,4,0.0388,0.8954,1,6007.72,4537.47,0.1699,0
M00384,travel,daily,497,252.39,125436.22,0.01872,0.0211,20,0.2039,0.8667,0,21977.94,16841.88,1.0,1
M00385,retail,daily,821,76.88,63121.64,0.0062,0.00646,24,0.2905,0.6956,0,7691.51,6400.78,0.6737,1
M00386,electronics,daily,1322,282.67,373683.96,0.01115,0.01774,32,0.2894,0.8335,0,50850.13,39618.31,0.9986,1
M00387,marketplace,daily,1423,79.0,112423.15,0.01415,0.01208,25,0.3043,0.872,0,18355.9,14029.27,0.9975,1
M00388,electronics,weekly,284,201.67,57273.9,0.02182,0.03594,19,0.2378,0.5306,0,4979.3,5271.08,1.0,1
M00389,grocery,daily,1352,42.83,57908.08,0.00144,0.00102,300,0.2785,1.0491,0,7344.8,5112.64,0.0206,0
M00390,restaurants,daily,1755,43.91,77059.55,0.00139,0.00099,7,0.3696,0.7003,1,8480.05,7041.56,0.1258,0
M00391,digital_services,daily,389,101.23,39379.14,0.01081,0.01161,9,0.5206,0.8906,0,5012.45,3794.94,0.9913,1
M00392,grocery,weekly,1474,24.62,36292.33,0.00258,0.00438,37,0.2396,0.938,0,3135.42,2737.89,0.1024,0
M00393,digital_services,twice_weekly,496,70.72,35077.97,0.01578,0.02253,78,0.02,0.7352,0,3570.45,3182.08,0.9999,1
M00394,marketplace,twice_weekly,4915,81.14,398788.39,0.02318,0.024,129,0.0475,0.9312,0,55099.21,44568.62,1.0,1
M00395,grocery,weekly,1037,50.37,52235.09,0.00313,0.00415,0,0.1848,0.8005,0,6675.74,6246.85,0.1438,0
M00396,travel,daily,3351,242.43,812374.19,0.018,0.01378,140,0.2858,0.946,0,120687.14,88802.1,0.9998,1
M00397,restaurants,weekly,836,63.23,52857.1,0.00389,0.00598,65,0.3212,0.6527,0,5715.39,5732.68,0.4012,1
M00398,retail,daily,1406,116.18,163350.27,0.00175,0.00182,98,0.3045,0.9118,0,27642.01,20702.88,0.0448,0
M00399,travel,twice_weekly,558,304.16,169723.62,0.01602,0.01845,54,0.1371,0.6962,0,18826.13,17086.63,0.9999,1
M00400,travel,daily,2099,364.08,764200.95,0.03491,0.05118,116,0.0657,0.754,0,50099.75,40565.32,1.0,1
M00401,retail,daily,1025,50.31,51566.69,0.00884,0.01548,77,0.1207,0.6229,0,7760.7,6675.68,0.9899,1
M00402,healthcare,weekly,525,111.66,58623.7,0.00353,0.00534,47,0.4673,0.6028,0,9631.61,9879.48,0.3951,0
M00403,restaurants,daily,1502,71.52,107429.22,0.00535,0.00452,113,0.1508,0.8639,0,11826.52,9075.55,0.3013,0
M00404,grocery,weekly,1478,34.35,50774.53,0.00042,0.00039,83,0.2478,0.8002,0,6431.79,6019.46,0.0151,1
M00405,electronics,daily,2971,236.78,703480.47,0.03082,0.05308,31,0.1108,0.8092,0,112950.18,89057.15,1.0,1
M00406,healthcare,twice_weekly,2107,220.64,464891.26,0.00154,0.00153,150,0.1512,0.7368,0,65501.88,58332.54,0.0419,0
M00407,retail,weekly,2896,77.21,223592.96,0.00384,0.00555,29,0.0616,0.985,0,13940.2,11874.87,0.1834,1
M00408,restaurants,daily,567,24.25,13748.39,0.00479,0.00633,133,0.1752,0.9298,1,2084.41,1546.68,0.6206,1
M00409,grocery,weekly,1155,66.18,76439.9,0.00216,0.00197,2,0.096,0.8522,0,8223.44,7501.7,0.0407,0
M00410,electronics,daily,2619,201.23,527026.23,0.0088,0.01106,8,0.0628,0.733,0,39839.77,32580.64,0.9598,1
M00411,marketplace,twice_weekly,957,56.47,54040.93,0.01635,0.01295,47,0.1525,0.695,0,6392.13,5804.61,0.9993,1
M00412,marketplace,daily,929,85.51,79434.98,0.00506,0.00356,211,0.0943,0.8375,0,8779.16,6826.46,0.23,0
M00413,grocery,daily,1285,31.05,39895.65,0.00097,0.00126,43,0.0812,0.783,0,6176.22,4931.89,0.0193,0
M00414,healthcare,twice_weekly,393,134.18,52731.36,0.00349,0.00311,33,0.2616,0.8342,0,8619.42,7323.33,0.1308,0
M00415,grocery,daily,1047,44.35,46431.39,0.00202,0.00194,88,0.0322,0.942,0,3883.4,2863.36,0.027,0
M00416,retail,daily,3311,96.26,318717.44,0.00802,0.01131,17,0.1757,0.4479,0,36335.09,33702.58,0.968,1
M00417,fuel,daily,777,50.09,38920.55,0.0055,0.00593,203,0.277,0.9353,0,5955.31,4406.33,0.4329,0
M00418,restaurants,weekly,458,49.82,22818.29,0.00352,0.00549,9,0.2098,0.7401,0,3158.42,3042.41,0.2661,0
M00419,fuel,daily,5103,44.84,228831.85,0.0002,0.00025,27,0.1895,1.0096,0,15524.93,11043.07,0.0091,0
M00420,healthcare,twice_weekly,999,159.66,159496.65,0.00411,0.00599,82,0.1401,0.6398,0,14223.39,13246.26,0.3561,0
M00421,marketplace,weekly,484,59.55,28820.49,0.00923,0.01187,71,0.2197,0.7458,0,1981.93,1903.97,0.9754,1
M00422,grocery,daily,712,52.52,37396.04,0.00207,0.00329,365,0.2682,0.9944,0,4796.87,3440.19,0.0578,0
M00423,grocery,daily,760,38.31,29113.11,0.00275,0.00397,151,0.1603,0.7138,0,3386.47,2794.48,0.1177,0
M00424,grocery,twice_weekly,934,55.92,52230.4,0.00074,0.00063,236,0.1427,0.8415,0,4561.51,3861.62,0.0145,0
M00425,digital_services,daily,832,89.68,74612.76,0.0002,0.00031,38,0.5088,0.6319,0,6217.78,5326.97,0.0348,0
M00426,restaurants,twice_weekly,1221,62.92,76822.91,0.00397,0.0041,33,0.143,0.9,0,9187.77,7552.52,0.1598,0
M00427,retail,twice_weekly,413,73.12,30200.07,0.01128,0.01543,76,0.2492,0.8243,0,5047.46,4309.48,0.9962,1
M00428,restaurants,twice_weekly,791,51.04,40374.01,0.00309,0.00483,26,0.1944,0.6453,0,5934.18,5512.79,0.2112,0
M00429,grocery,daily,3576,41.43,148137.01,0.00293,0.00291,183,0.1105,0.8002,0,22716.9,17990.44,0.0801,0
M00430,restaurants,twice_weekly,5147,51.72,266179.67,0.00286,0.00256,85,0.4136,0.8221,0,31475.5,26902.5,0.1216,0
M00431,healthcare,twice_weekly,2879,116.52,335446.72,0.00054,0.00087,191,0.1542,0.903,0,59803.25,49082.85,0.0165,0
M00432,restaurants,daily,1558,36.1,56237.93,0.00538,0.00836,40,0.0892,0.6826,0,4334.25,3628.69,0.636,0
M00433,marketplace,daily,2680,74.37,199319.38,0.01613,0.02105,6,0.1903,1.1605,0,19033.2,12432.59,0.9999,1
M00434,restaurants,weekly,1103,48.31,53286.2,0.00494,0.0044,130,0.2546,1.0542,0,8165.62,6698.64,0.2329,0
M00435,grocery,twice_weekly,1226,32.12,39381.59,0.00113,0.00201,365,0.1427,0.8835,0,6094.66,5051.98,0.025,0
M00436,fuel,daily,921,50.53,46541.27,0.00277,0.00345,5,0.0431,0.7733,0,6393.5,5129.33,0.0846,0
M00437,grocery,daily,3469,48.16,167080.08,0.00151,0.00255,75,0.3918,0.8305,0,18637.67,14542.34,0.0601,0
M00438,gaming,daily,3685,120.19,442899.18,0.01144,0.01333,131,0.4046,0.5599,0,51286.8,45360.55,0.998,1
M00439,restaurants,daily,1481,61.08,90460.47,0.0024,0.00204,24,0.1406,0.7884,0,11497.35,9157.45,0.0558,0
M00440,digital_services,daily,2316,70.27,162749.5,0.00585,0.00475,278,0.2124,0.6213,0,17359.6,14943.2,0.5395,0
M00441,restaurants,weekly,873,56.36,49198.53,0.00271,0.00211,16,0.0204,0.6296,0,5490.78,5564.98,0.0675,0
M00442,fuel,daily,1489,34.63,51563.45,0.00239,0.00327,20,0.251,0.9309,0,5228.62,3877.64,0.0744,0
M00443,marketplace,twice_weekly,711,52.15,37075.86,0.00938,0.01313,102,0.0282,0.6686,0,4477.73,4115.89,0.9809,1
M00444,fuel,daily,2103,70.01,147238.38,0.00147,0.00248,39,0.1204,1.0248,0,14135.06,9971.79,0.027,0
M00445,retail,daily,3658,78.16,285908.03,0.00737,0.00557,42,0.0469,0.7129,0,34171.89,28209.88,0.6353,1
M00446,marketplace,daily,1194,49.14,58678.96,0.01622,0.02732,59,0.0244,0.6587,0,9647.26,8165.43,1.0,1
M00447,electronics,daily,1613,341.51,550857.65,0.00804,0.01236,29,0.2104,0.7746,0,37428.48,30009.21,0.9675,1
M00448,digital_services,twice_weekly,1100,114.73,126208.48,0.0228,0.03378,121,0.4102,0.5672,0,19731.04,18977.04,1.0,1
M00449,grocery,weekly,740,35.48,26257.01,0.00366,0.00404,36,0.1883,0.7825,0,4060.78,3833.16,0.1636,0
M00450,digital_services,weekly,1267,86.15,109150.86,0.02651,0.02955,46,0.2374,0.6907,0,19133.28,18860.37,1.0,1
M00451,grocery,daily,2295,55.17,126621.24,0.00198,0.00342,24,0.213,0.7244,0,22604.03,18560.22,0.0858,0
M00452,healthcare,twice_weekly,895,65.24,58389.38,0.00209,0.00269,212,0.2198,0.8615,0,9899.44,8297.5,0.058,0
M00453,marketplace,daily,667,76.53,51044.58,0.01492,0.01405,79,0.307,0.7984,0,4420.28,3503.56,0.9991,1
M00454,fuel,weekly,129,53.19,6861.25,0.00613,0.00912,53,0.1613,0.6354,0,1160.14,1172.79,0.785,0
M00455,grocery,daily,1040,40.36,41976.5,0.00102,0.00154,126,0.0657,0.8105,0,5894.07,4644.2,0.02,0
M00456,fuel,daily,3031,41.87,126907.16,0.0031,0.00355,18,0.3087,0.7421,0,18517.98,15079.21,0.1604,1
M00457,electronics,daily,2168,304.75,660690.89,0.02175,0.02426,28,0.2474,0.839,0,83475.86,64859.99,1.0,1
M00458,travel,daily,394,401.79,158303.68,0.0002,0.0002,28,0.4177,0.4825,0,16430.36,15021.06,0.0414,0
M00459,restaurants,daily,1006,34.56,34763.33,0.00214,0.002,28,0.2314,0.7339,0,3011.25,2461.51,0.0606,0
M00460,digital_services,weekly,1504,100.7,151448.85,0.01049,0.01181,8,0.5655,0.6011,0,18538.1,19029.44,0.9948,1
M00461,digital_services,twice_weekly,1328,111.77,148435.08,0.01728,0.01577,183,0.2365,0.6883,0,18751.8,17081.24,0.9998,1
M00462,fuel,weekly,1124,48.02,53969.26,0.00407,0.00308,64,0.1306,0.6917,0,8856.55,8726.33,0.1569,0
M00463,electronics,daily,1559,343.38,535328.67,0.01909,0.02096,34,0.2776,0.7828,0,55441.96,44277.59,1.0,1
M00464,retail,twice_weekly,1562,87.95,137384.92,0.00416,0.006,46,0.2388,0.7213,0,11240.22,10083.3,0.379,0
M00465,digital_services,daily,1022,82.81,84629.26,0.02396,0.04066,50,0.05,0.6223,1,12012.8,10336.15,1.0,1
M00466,marketplace,daily,805,94.31,75920.35,0.00911,0.00778,190,0.2117,0.6803,0,6239.0,5228.88,0.9186,1
M00467,digital_services,daily,2607,75.99,198109.43,0.014,0.02415,0,0.1079,0.4588,0,28731.26,26529.6,1.0,1
M00468,electronics,daily,3117,181.41,565449.37,0.01226,0.01432,30,0.0833,0.7157,0,38403.64,31662.17,0.9969,1
M00469,fuel,daily,982,55.52,54521.36,0.00322,0.0037,18,0.4169,0.5529,1,4354.55,3863.04,0.5,1
M00470,gaming,daily,311,172.54,53659.97,0.01969,0.01765,80,0.0631,0.4194,0,8202.5,7698.33,1.0,1
M00471,retail,daily,3132,71.38,223551.9,0.01031,0.01727,42,0.1976,0.7722,0,16002.35,12845.3,0.9968,1
M00472,travel,twice_weekly,1120,239.36,268081.86,0.01267,0.01929,17,0.0896,0.9889,0,40441.73,31733.39,0.9993,1
M00473,grocery,daily,1367,46.22,63176.9,0.00188,0.00265,148,0.0564,0.8196,0,9707.8,7615.31,0.0404,0
M00474,grocery,weekly,425,44.64,18971.5,0.00249,0.00237,37,0.4216,0.8326,0,1279.39,1178.52,0.0857,0
M00475,retail,daily,691,75.15,51928.19,0.00477,0.00431,25,0.1786,0.7134,0,3904.47,3222.55,0.2992,0
M00476,retail,twice_weekly,3133,109.9,344319.63,0.00901,0.01127,54,0.0813,1.0136,0,55153.92,42705.65,0.9402,1
M00477,travel,twice_weekly,2072,382.58,792695.93,0.03918,0.06406,68,0.493,0.7404,0,128307.63,114071.22,1.0,1
M00478,digital_services,twice_weekly,892,91.47,81594.62,0.01397,0.00995,6,0.4653,0.7849,0,8310.01,7232.54,0.9967,1
M00479,digital_services,twice_weekly,2374,60.46,143523.82,0.01671,0.01785,146,0.1727,0.8212,1,25176.81,21528.92,1.0,1
M00480,travel,weekly,1735,288.65,500814.93,0.01548,0.01265,23,0.1231,0.7915,0,49653.46,46667.56,0.9989,1
M00481,retail,twice_weekly,532,90.95,48388.03,0.00987,0.00753,196,0.1383,0.744,0,3817.89,3388.41,0.9105,1
M00482,fuel,daily,1583,70.92,112270.17,0.00548,0.00882,23,0.3602,0.9028,0,15244.27,11469.91,0.7135,0
M00483,digital_services,daily,3448,115.9,399636.33,0.0138,0.02423,51,0.099,0.5478,0,33208.31,29525.15,1.0,1
M00484,retail,twice_weekly,1063,69.63,74013.84,0.00614,0.00525,70,0.0934,0.5513,0,12177.59,11793.25,0.5442,0
M00485,grocery,daily,4669,26.21,122393.24,0.00175,0.0031,125,0.2553,1.0744,0,12813.51,8794.8,0.042,0
M00486,travel,daily,466,282.9,131830.18,0.01064,0.01704,30,0.2375,0.5595,0,9580.19,8474.47,0.9984,1
M00487,travel,daily,14753,246.79,3640834.22,0.02744,0.0444,83,0.156,0.6939,0,443223.51,369146.52,1.0,1
M00488,fuel,daily,440,44.71,19672.09,0.00307,0.00502,223,0.4006,0.8645,0,1784.48,1369.0,0.2096,0
M00489,digital_services,daily,877,76.66,67231.91,0.01672,0.01846,1,0.1417,0.6939,0,8009.27,6670.64,0.9999,1
M00490,digital_services,twice_weekly,1440,84.98,122366.22,0.0113,0.01236,4,0.0749,0.874,0,7700.49,6413.92,0.9882,1
M00491,marketplace,twice_weekly,6896,64.72,446332.37,0.00582,0.00807,150,0.5027,0.7214,0,39269.76,35225.42,0.8342,1
M00492,digital_services,weekly,1693,105.79,179106.39,0.01271,0.01128,60,0.0555,0.7146,0,21922.0,21370.59,0.9928,1
M00493,marketplace,daily,341,72.53,24733.78,0.00951,0.01176,6,0.1749,0.4465,0,2272.12,2108.78,0.9858,1
M00494,retail,daily,1000,109.49,109486.22,0.00744,0.00986,7,0.3879,0.7663,0,16076.23,12941.18,0.9236,1
M00495,restaurants,daily,3191,43.5,138793.75,0.00549,0.00824,15,0.0397,0.9395,0,15453.96,11409.4,0.5373,0
M00496,digital_services,daily,4771,113.85,543192.43,0.01609,0.0174,59,0.1738,0.7337,0,60692.79,49616.77,0.9998,1
M00497,travel,twice_weekly,394,472.14,186021.49,0.00526,0.0086,99,0.1207,0.6211,0,21029.77,19749.8,0.7431,1
M00498,digital_services,daily,1803,32.25,58146.87,0.00616,0.01042,136,0.2195,0.8284,0,8816.67,6886.31,0.8537,1
M00499,retail,weekly,1215,31.28,38007.02,0.00177,0.00274,59,0.6095,1.0654,0,4181.06,3408.55,0.0744,0
M00500,gaming,daily,1424,91.9,130861.39,0.02917,0.02329,40,0.322,0.563,0,14025.13,12387.46,1.0,1
M00501,marketplace,weekly,1310,45.99,60243.41,0.01149,0.01097,35,0.2572,0.7383,0,9303.02,8968.86,0.9893,1
M00502,healthcare,twice_weekly,563,162.92,91722.46,0.00396,0.00408,82,0.0963,0.6484,0,7060.33,6549.8,0.1991,0
M00503,healthcare,daily,1263,122.46,154669.78,0.00139,0.00237,45,0.072,0.4797,0,20099.86,18397.97,0.0564,0
M00504,gaming,twice_weekly,704,123.84,87185.98,0.03226,0.0413,18,0.0459,0.8564,0,15631.91,13136.0,1.0,1
M00505,gaming,daily,694,116.2,80645.57,0.02292,0.03423,19,0.1347,0.8718,0,9433.82,7210.94,1.0,1
M00506,restaurants,twice_weekly,1264,26.35,33302.5,0.00209,0.00364,20,0.186,0.6738,0,5361.66,4916.61,0.0997,0
M00507,retail,twice_weekly,1465,118.54,173661.42,0.0075,0.00692,62,0.3645,0.6678,0,27502.74,25289.06,0.8423,1
M00508,restaurants,daily,1721,40.36,69466.1,0.00607,0.00761,119,0.3616,0.9241,0,4621.06,3439.07,0.6753,1
M00509,gaming,daily,522,134.27,70087.73,0.02899,0.03017,29,0.02,0.5909,0,4600.17,4013.73,1.0,1
M00510,grocery,twice_weekly,3866,45.79,177043.24,0.00117,0.00105,24,0.4883,0.6526,0,25777.7,23867.84,0.0545,0
M00511,grocery,daily,946,56.93,53854.93,0.00176,0.00203,14,0.231,0.8384,0,7249.17,5634.2,0.0436,0
M00512,restaurants,weekly,739,50.02,36965.02,0.00152,0.00165,275,0.2063,0.8611,0,2520.83,2289.45,0.0322,0
M00513,grocery,twice_weekly,1277,38.83,49586.85,0.00343,0.00383,89,0.2104,0.8767,1,5127.26,4264.79,0.3062,0
M00514,retail,twice_weekly,2314,91.54,211828.53,0.00954,0.01401,171,0.2144,0.8864,0,28609.44,23680.54,0.9857,1
M00515,retail,daily,2421,68.12,164926.16,0.00893,0.01106,102,0.3944,0.857,0,23238.17,17894.57,0.9667,1
M00516,fuel,twice_weekly,5498,56.34,309752.39,0.00152,0.00248,59,0.3041,0.9975,0,27404.34,21404.25,0.0413,0
M00517,retail,weekly,768,100.55,77225.57,0.00994,0.01553,4,0.1967,0.9722,0,5808.35,4981.64,0.9913,1
M00518,restaurants,daily,3489,54.6,190493.23,0.00357,0.00588,62,0.1486,0.8368,0,23654.08,18399.31,0.2437,0
M00519,grocery,daily,9094,37.16,337945.83,0.00218,0.00195,50,0.1508,0.8858,0,29320.77,22253.63,0.0419,0
M00520,restaurants,daily,364,36.08,13134.6,0.0065,0.01167,45,0.2117,0.8837,0,1129.58,858.21,0.8818,1
M00521,restaurants,daily,515,55.98,28828.09,0.0039,0.00492,289,0.2366,0.5942,0,3778.56,3291.99,0.309,0
M00522,retail,twice_weekly,507,78.7,39899.16,0.01101,0.00901,22,0.1845,0.7353,0,3618.69,3224.87,0.969,1
M00523,fuel,daily,498,72.09,35902.05,0.00444,0.00534,68,0.233,0.7144,0,6003.92,4952.94,0.3414,0
M00524,digital_services,daily,2518,91.99,231633.88,0.00241,0.00384,148,0.1261,0.3288,0,34785.8,33861.21,0.2157,1
M00525,grocery,daily,461,36.45,16805.25,0.00088,0.00131,50,0.1911,0.8264,0,2814.46,2200.46,0.0211,0
M00526,retail,daily,500,63.05,31522.99,0.00403,0.00484,58,0.4917,0.7545,0,3549.11,2873.07,0.3657,0
M00527,electronics,daily,5208,351.49,1830546.35,0.0122,0.01869,13,0.2581,0.796,0,165453.95,131294.88,0.9996,1
M00528,electronics,weekly,865,223.4,193239.83,0.01468,0.01564,4,0.2235,1.0436,0,22463.87,18536.65,0.9991,1
M00529,restaurants,twice_weekly,1580,42.2,66679.95,0.00293,0.0035,156,0.0735,0.6804,0,11371.09,10395.89,0.1094,0
M00530,retail,daily,448,134.43,60222.68,0.00619,0.00982,20,0.0788,0.8418,0,10774.84,8360.29,0.7678,1
M00531,marketplace,twice_weekly,1375,25.06,34456.8,0.00944,0.01454,5,0.0833,0.6812,0,6197.96,5664.38,0.9898,1
M00532,marketplace,daily,3029,100.04,303013.53,0.01223,0.01461,40,0.2677,0.8138,0,36780.41,28934.41,0.9975,1
M00533,retail,daily,1332,87.94,117138.39,0.00649,0.00682,121,0.2742,0.7733,0,20000.25,16046.17,0.6954,1
M00534,digital_services,daily,638,79.41,50663.7,0.00519,0.00581,101,0.2791,0.9183,0,6430.92,4800.47,0.4516,1
M00535,grocery,weekly,1991,38.65,76949.94,0.00205,0.0017,117,0.3114,0.7508,0,5411.83,5186.72,0.0555,0
M00536,fuel,twice_weekly,700,46.95,32865.43,0.0007,0.00052,222,0.1134,0.8109,0,5429.48,4666.23,0.014,0
M00537,gaming,twice_weekly,820,101.85,83515.37,0.02446,0.03403,100,0.1834,1.0929,0,9976.95,7392.72,1.0,1
M00538,fuel,daily,1273,41.43,52740.17,0.00506,0.00694,45,0.26,1.0165,0,3818.52,2706.03,0.4233,1
M00539,fuel,daily,1721,66.57,114566.07,0.00364,0.00549,39,0.3055,0.5735,0,12253.85,10773.64,0.357,0
M00540,restaurants,twice_weekly,2433,57.08,138882.74,0.00252,0.00404,79,0.4111,0.8458,0,21678.09,18313.2,0.1505,0
M00541,electronics,daily,1595,215.41,343574.09,0.01305,0.02099,2,0.1976,0.8238,0,37472.0,29334.82,0.9998,1
M00542,digital_services,weekly,2905,88.05,255785.31,0.01556,0.02625,13,0.1631,0.8911,0,45448.63,40656.24,1.0,1
M00543,restaurants,twice_weekly,1381,42.77,59065.6,0.00104,0.00081,36,0.3742,0.6786,0,5589.42,5114.37,0.0365,0
M00544,electronics,daily,3073,336.29,1033417.92,0.00804,0.01349,95,0.1017,0.9284,0,110369.48,81954.51,0.9707,1
M00545,fuel,twice_weekly,2061,50.36,103800.7,0.00058,0.00082,38,0.1708,0.7628,0,12915.09,11360.17,0.0179,0
M00546,travel,weekly,743,320.87,238402.93,0.01847,0.03137,9,0.2383,0.7189,0,33605.81,32695.19,1.0,1
M00547,retail,daily,800,72.93,58344.88,0.00455,0.0049,1,0.0328,1.0341,0,5059.25,3550.97,0.184,1
M00548,grocery,twice_weekly,1404,39.89,55999.04,0.00339,0.00424,31,0.1654,0.8821,0,9876.64,8192.95,0.1345,0
M00549,restaurants,weekly,946,77.2,73031.64,0.00428,0.00687,1,0.0749,0.8554,0,5486.57,4997.02,0.3472,0
M00550,travel,daily,1594,346.91,552977.25,0.02144,0.03161,5,0.211,0.472,0,81048.2,74424.29,1.0,1
M00551,travel,weekly,1444,288.04,415924.55,0.01589,0.01362,94,0.0803,0.5711,0,58112.54,60445.55,0.9995,1
M00552,fuel,daily,1215,66.52,80816.1,0.00174,0.00305,64,0.2381,0.8423,0,11574.53,8978.33,0.0581,0
M00553,fuel,twice_weekly,3172,55.39,175701.75,0.0034,0.00523,28,0.02,0.5465,0,24636.49,23908.47,0.236,0
M00554,healthcare,twice_weekly,2339,177.34,414795.46,0.00362,0.00393,178,0.1336,0.7308,0,51425.21,45925.21,0.1827,0
M00555,grocery,twice_weekly,280,55.89,15650.04,0.00182,0.00148,66,0.037,0.8676,0,1444.15,1206.77,0.024,0
M00556,retail,daily,1942,106.02,205895.81,0.00641,0.00514,124,0.1327,0.8414,0,32122.93,24928.77,0.4799,1
M00557,retail,twice_weekly,948,79.33,75202.01,0.00749,0.00717,157,0.4279,0.5682,0,6662.21,6404.67,0.8756,0
M00558,gaming,daily,266,94.0,25004.02,0.02651,0.02357,23,0.1402,0.6113,0,1962.19,1696.63,1.0,1
M00559,digital_services,daily,2316,85.78,198673.2,0.00602,0.00995,32,0.2581,0.8183,0,21018.29,16498.62,0.8441,1
M00560,gaming,daily,748,109.57,81958.45,0.02162,0.02361,33,0.1845,0.7115,0,5839.57,4823.92,1.0,1
M00561,grocery,twice_weekly,554,44.51,24658.83,0.00157,0.00178,85,0.1288,0.8632,0,3790.92,3174.73,0.0281,0
M00562,retail,daily,1090,86.76,94569.95,0.01071,0.01823,0,0.2138,0.8313,0,8350.11,6512.66,0.998,1
M00563,restaurants,daily,2075,42.62,88428.11,0.00038,0.00046,6,0.169,0.9618,0,5498.77,4012.47,0.0115,0
M00564,digital_services,weekly,882,77.48,68336.49,0.0132,0.01551,29,0.0418,0.5907,0,6385.21,6584.53,0.9987,1
M00565,digital_services,daily,903,68.79,62117.79,0.01009,0.01679,8,0.2293,0.5106,0,10011.12,9044.21,0.9979,1
M00566,marketplace,daily,889,48.71,43299.59,0.01756,0.0164,15,0.0284,0.9951,0,5552.39,3980.46,0.9997,1
M00567,restaurants,daily,514,59.68,30677.58,0.00476,0.00377,25,0.311,0.7402,0,1841.11,1500.53,0.2975,1
M00568,grocery,daily,5162,22.05,113821.94,0.00175,0.00299,12,0.2179,0.5461,0,18929.43,16842.33,0.0915,0
M00569,retail,twice_weekly,934,75.39,70414.85,0.00587,0.00963,141,0.0645,0.7085,0,8558.51,7723.36,0.7568,1
M00570,gaming,daily,665,89.32,59396.0,0.01794,0.02344,82,0.375,0.8314,1,4727.1,3686.66,1.0,1
M00571,retail,daily,3725,84.96,316486.9,0.00369,0.00384,104,0.2791,0.6852,0,22141.09,18514.75,0.2258,0
M00572,restaurants,weekly,695,44.2,30716.41,0.00301,0.00277,170,0.3863,0.8086,0,3351.99,3124.33,0.123,1
M00573,gaming,twice_weekly,679,137.89,93627.15,0.02298,0.02289,59,0.2706,0.7417,0,16740.81,14873.77,1.0,1
M00574,restaurants,twice_weekly,1134,48.77,55309.82,0.0041,0.004,10,0.0352,0.7509,0,4503.62,3983.96,0.1741,0
M00575,restaurants,weekly,1326,46.36,61466.9,0.00091,0.0007,86,0.2803,1.1338,0,8351.3,6548.42,0.0138,0
M00576,gaming,weekly,534,115.08,61451.62,0.0181,0.02049,102,0.261,0.5866,0,10361.53,10704.59,1.0,1
M00577,healthcare,daily,3291,127.3,418946.6,0.00493,0.00413,106,0.3411,1.0992,0,63782.66,43167.38,0.2548,0
M00578,digital_services,twice_weekly,2374,62.89,149291.61,0.01556,0.01557,19,0.1921,0.8794,0,20898.67,17359.9,0.9995,1
M00579,restaurants,twice_weekly,1909,40.02,76403.31,0.00151,0.002,41,0.1509,0.8328,0,6347.29,5396.73,0.0342,0
M00580,retail,daily,1537,90.02,138353.32,0.0002,0.00029,183,0.31,0.6363,0,13701.52,11715.29,0.0212,0
M00581,gaming,daily,835,84.47,70531.83,0.03098,0.02399,96,0.3013,0.6128,0,6837.14,5907.82,1.0,1
M00582,gaming,daily,3256,120.95,393820.22,0.03976,0.05289,250,0.0519,0.4445,0,37638.71,34960.93,1.0,1
M00583,grocery,twice_weekly,1432,52.4,75032.83,0.00261,0.00451,52,0.2764,0.8507,0,10974.81,9248.62,0.1312,0
M00584,retail,twice_weekly,618,83.69,51719.63,0.00295,0.00283,66,0.1595,0.4805,0,4049.34,4042.05,0.1378,0
M00585,healthcare,twice_weekly,1521,102.92,156538.16,0.00345,0.0033,210,0.1795,0.6261,0,21855.96,20480.3,0.1638,0
M00586,digital_services,daily,1606,81.6,131044.99,0.01043,0.01009,210,0.0375,0.5603,0,21744.19,19227.75,0.9766,1
M00587,fuel,daily,516,43.0,22187.79,0.0019,0.0015,63,0.5368,0.9103,0,1725.61,1293.38,0.0569,0
M00588,retail,daily,1672,142.04,237495.9,0.00749,0.00838,1,0.1,0.7301,0,17313.14,14178.03,0.8318,1
M00589,fuel,daily,1172,41.87,49072.03,0.0028,0.00411,138,0.1993,0.8619,0,3534.48,2715.02,0.1097,0
M00590,grocery,weekly,599,39.31,23543.71,0.00392,0.00419,175,0.2995,0.7528,0,1420.05,1359.65,0.2254,1
M00591,healthcare,weekly,1398,178.17,249078.54,0.00378,0.0053,125,0.2096,0.8319,0,42463.52,39129.53,0.2613,0
M00592,travel,weekly,1147,384.94,441527.51,0.01621,0.01198,89,0.2875,0.5731,0,36678.54,38117.33,0.9995,1
M00593,retail,weekly,1117,90.43,101012.09,0.00724,0.01174,5,0.2517,0.9616,0,7960.93,6866.02,0.9186,1
M00594,digital_services,weekly,1307,104.81,136980.58,0.01945,0.02434,49,0.231,0.6756,0,8909.38,8843.52,1.0,1
M00595,grocery,daily,2478,51.23,126937.98,0.00166,0.00161,51,0.1597,0.7561,0,21018.88,17001.88,0.0366,0
M00596,retail,daily,1073,54.37,58340.85,0.0062,0.00615,115,0.1462,0.6198,1,6038.34,5201.36,0.8253,1
M00597,marketplace,daily,2024,85.37,172784.14,0.01003,0.01048,71,0.3095,0.6777,0,15272.38,12814.78,0.9803,1
M00598,digital_services,daily,2523,128.89,325191.08,0.00715,0.00719,93,0.02,0.6376,0,28967.41,24753.36,0.7672,1
M00599,electronics,daily,2032,311.93,633842.82,0.01102,0.0185,19,0.3059,0.7799,0,108549.78,86811.01,0.9992,1
M00600,digital_services,daily,2603,93.18,242556.55,0.02422,0.02451,14,0.1855,1.0491,0,33026.96,22989.83,1.0,1
M00601,travel,weekly,3644,388.61,1416105.48,0.01209,0.01608,90,0.2753,0.675,0,144105.53,143077.74,0.9993,1
M00602,restaurants,daily,1099,32.91,36171.22,0.00535,0.00677,23,0.1147,0.6999,0,3211.86,2667.63,0.5205,0
M00603,healthcare,weekly,2068,160.02,330931.37,0.00269,0.00309,114,0.1052,0.8345,0,48918.2,45019.81,0.0826,0
M00604,marketplace,twice_weekly,7158,61.05,437014.12,0.00599,0.0046,73,0.0818,0.8396,0,34053.45,28855.27,0.4033,0
M00605,electronics,twice_weekly,2890,151.07,436593.12,0.00631,0.00716,61,0.3308,0.9594,0,46627.08,37163.45,0.7071,1
M00606,restaurants,twice_weekly,724,45.27,32778.68,0.00382,0.00416,122,0.0702,0.7555,0,4237.96,3740.83,0.1625,0
M00607,healthcare,daily,1254,148.53,186253.92,0.00188,0.00257,45,0.2686,0.6223,0,15736.75,13539.9,0.081,0
M00608,grocery,twice_weekly,702,31.02,21772.82,0.00303,0.00248,32,0.2054,0.9233,1,1617.73,1313.93,0.1807,1
M00609,marketplace,daily,1321,59.81,79014.54,0.00959,0.01327,209,0.2073,1.0306,0,10532.62,7406.73,0.9789,1
M00610,travel,weekly,678,293.47,198971.18,0.01066,0.00917,54,0.3559,0.8455,0,19208.87,17581.59,0.9766,1
M00611,digital_services,daily,3853,67.93,261735.41,0.01854,0.01303,9,0.2481,0.6819,0,23342.58,19548.67,0.9998,1
M00612,marketplace,daily,319,90.35,28822.55,0.00999,0.01494,17,0.3224,0.7704,0,2962.42,2379.99,0.9945,1
M00613,electronics,twice_weekly,8626,236.27,2038096.71,0.0036,0.00525,26,0.3663,0.6971,0,215605.88,195602.03,0.5483,1
M00614,electronics,twice_weekly,1727,232.32,401212.98,0.00447,0.00491,6,0.3618,0.5682,0,29116.12,27991.11,0.511,0
M00615,retail,daily,1057,100.92,106671.24,0.00446,0.0062,111,0.2275,0.7174,0,14569.28,12002.44,0.4259,0
M00616,marketplace,twice_weekly,475,74.78,35519.09,0.01488,0.01607,64,0.1406,0.8688,0,5117.54,4273.79,0.9993,1
M00617,restaurants,daily,895,45.04,40306.79,0.00298,0.00217,29,0.0766,0.9539,0,5603.21,4105.66,0.0505,0
M00618,retail,twice_weekly,3209,78.77,252764.81,0.00879,0.01473,69,0.1854,0.7336,0,20754.3,18510.88,0.9867,1
M00619,grocery,daily,271,24.51,6641.5,0.00379,0.00333,56,0.4377,0.8207,0,1162.74,911.63,0.1929,0
M00620,grocery,daily,653,31.47,20552.58,0.00315,0.00427,287,0.1436,0.8278,0,1684.79,1316.34,0.1239,0
M00621,restaurants,daily,3875,66.54,257829.45,0.00421,0.00484,68,0.1569,0.867,0,43066.29,32997.86,0.2402,0
M00622,gaming,daily,961,130.96,125852.95,0.00447,0.00556,32,0.1728,0.5728,0,15925.38,14005.64,0.5039,0
M00623,electronics,daily,2113,106.09,224157.86,0.01074,0.01171,38,0.2153,0.6132,0,31011.03,26790.63,0.9904,1
M00624,travel,daily,394,415.2,163590.35,0.023,0.02207,214,0.1904,0.7161,0,28725.97,23678.66,1.0,1
M00625,electronics,daily,1398,242.55,339085.82,0.01249,0.00892,4,0.0885,0.5424,0,56860.63,50673.78,0.9899,1
M00626,travel,daily,2003,256.01,512796.27,0.00912,0.00837,68,0.1435,0.6698,0,85714.2,72183.0,0.9476,1
M00627,restaurants,daily,2544,51.15,130125.5,0.00475,0.00842,93,0.186,0.5739,0,21922.51,19271.16,0.6692,0
M00628,grocery,daily,593,42.0,24906.92,0.00169,0.00154,254,0.2685,0.8465,0,4165.73,3224.6,0.0362,0
M00629,digital_services,twice_weekly,1493,122.17,182406.42,0.01792,0.03113,156,0.1392,0.8789,1,14775.35,12276.51,1.0,1
M00630,restaurants,weekly,2869,52.62,150972.04,0.00424,0.00316,310,0.0947,0.8762,0,13677.23,12327.76,0.1321,1
M00631,healthcare,daily,1424,142.33,202677.2,0.00189,0.00227,8,0.1201,1.1356,0,14976.7,9926.66,0.0277,0
M00632,restaurants,weekly,481,54.6,26264.65,0.00325,0.00531,69,0.1742,0.6823,0,3897.02,3856.3,0.2279,0
M00633,grocery,daily,738,33.22,24519.94,0.00125,0.00146,25,0.3916,0.5705,0,2658.3,2340.29,0.0564,0
M00634,retail,daily,830,89.79,74528.7,0.0066,0.00833,219,0.1995,0.7275,0,12202.14,10004.92,0.7806,1
M00635,grocery,twice_weekly,567,49.19,27889.7,0.00158,0.00224,71,0.1583,0.6626,0,4261.54,3927.88,0.0469,0
M00636,grocery,twice_weekly,1094,42.57,46572.05,0.00371,0.00347,29,0.0383,0.9096,0,3898.82,3189.18,0.0953,0
M00637,marketplace,weekly,3712,79.43,294847.2,0.00872,0.00836,25,0.1274,0.7371,0,52734.45,50869.49,0.9171,1
M00638,marketplace,daily,677,38.18,25850.3,0.0144,0.01774,58,0.4452,0.9639,0,3097.48,2257.76,0.9996,1
M00639,restaurants,twice_weekly,1983,49.65,98455.8,0.0002,0.00031,6,0.283,0.6462,0,10793.07,10022.59,0.0209,0
M00640,healthcare,daily,3044,126.88,386215.53,0.00105,0.00139,82,0.3044,0.9166,0,35485.52,26511.89,0.0284,0
M00641,marketplace,daily,3004,50.72,152359.96,0.02219,0.01913,44,0.2924,0.7728,0,17438.17,13993.47,1.0,1
M00642,restaurants,daily,1427,59.04,84256.32,0.00273,0.0024,23,0.1669,0.7659,0,15084.68,12145.13,0.0783,0
M00643,grocery,weekly,1664,32.37,53861.25,0.00126,0.00174,16,0.084,0.6697,0,6893.01,6860.62,0.0322,0
M00644,retail,daily,1330,73.87,98246.07,0.00629,0.00981,33,0.2354,0.7987,0,15920.68,12617.41,0.8292,1
M00645,digital_services,weekly,755,108.96,82262.72,0.00794,0.01089,4,0.1153,0.9149,0,10916.06,9646.79,0.9223,1
M00646,restaurants,twice_weekly,2261,39.89,90196.15,0.00555,0.00944,38,0.311,0.7904,0,15993.76,13883.22,0.7776,1
M00647,grocery,twice_weekly,1034,53.05,54849.49,0.00143,0.00255,11,0.3358,0.8778,0,6776.26,5633.21,0.0503,0
M00648,gaming,twice_weekly,4322,71.43,308718.16,0.01857,0.0144,21,0.1414,0.744,0,50792.11,45078.26,0.9999,1
M00649,marketplace,weekly,570,58.09,33110.5,0.01335,0.01729,33,0.1234,0.8494,0,4606.36,4207.98,0.999,1
M00650,grocery,daily,1149,28.55,32798.33,0.00075,0.00116,78,0.2131,0.8476,0,3805.9,2944.52,0.0192,0
M00651,retail,daily,1078,73.88,79640.86,0.0002,0.00028,126,0.421,0.8667,1,8557.17,6557.66,0.051,0
M00652,healthcare,twice_weekly,1767,169.01,298636.85,0.0002,0.00029,82,0.0908,0.7183,0,46079.47,41394.55,0.0137,0
M00653,marketplace,daily,769,106.84,82161.74,0.0147,0.01524,230,0.2378,0.8924,0,7049.62,5332.53,0.9991,1
M00654,retail,daily,1528,45.13,68964.63,0.00646,0.00545,81,0.0803,0.833,0,4947.03,3855.16,0.469,1
M00655,restaurants,daily,817,41.22,33680.42,0.0021,0.00236,71,0.2237,0.4981,0,4265.24,3873.8,0.0913,0
M00656,retail,daily,928,80.4,74608.7,0.00703,0.0094,16,0.0513,0.6813,0,9404.96,7878.71,0.8396,0
M00657,restaurants,daily,370,28.81,10659.74,0.00227,0.00175,17,0.0854,0.5493,0,1053.32,935.89,0.0621,0
M00658,retail,daily,2385,87.05,207615.31,0.00974,0.008,8,0.082,0.985,0,34145.98,24611.8,0.8886,1
M00659,digital_services,weekly,9623,99.66,959059.82,0.0002,0.00031,284,0.1012,0.9854,0,101948.34,86825.08,0.0134,0
M00660,retail,daily,1019,77.89,79374.0,0.0061,0.00838,145,0.0496,0.5343,0,4937.92,4416.03,0.7464,0
M00661,retail,weekly,499,71.06,35460.54,0.00702,0.01076,104,0.3162,0.6865,0,4673.64,4615.88,0.9235,1
M00662,healthcare,weekly,8289,122.91,1018829.32,0.003,0.00493,14,0.2899,0.7459,0,96269.41,92477.94,0.2762,0
M00663,fuel,daily,1883,47.0,88504.11,0.00421,0.0049,16,0.0412,0.9013,0,9317.2,7015.74,0.184,0
M00664,grocery,twice_weekly,7201,49.15,353934.25,0.00219,0.00299,38,0.1272,0.9932,0,38221.0,29920.96,0.0485,0
M00665,retail,twice_weekly,2065,86.94,179531.37,0.00324,0.00477,57,0.3123,0.9055,0,24506.46,20087.35,0.1946,0
M00666,marketplace,twice_weekly,1473,62.28,91742.98,0.0098,0.00872,1,0.3828,0.6455,0,5900.75,5481.22,0.97,1
M00667,restaurants,daily,606,59.56,36092.94,0.0057,0.0084,8,0.3608,0.8011,0,5657.82,4478.52,0.7469,0
M00668,electronics,daily,1988,235.71,468596.26,0.01755,0.01412,17,0.1478,0.7443,0,52141.83,42414.82,0.9997,1
M00669,retail,daily,2310,72.63,167773.76,0.00473,0.00525,9,0.2907,0.8687,0,12460.05,9539.01,0.3639,0
M00670,retail,twice_weekly,3549,84.48,299835.67,0.01032,0.01281,46,0.02,0.7227,0,36270.38,32515.14,0.9845,1
M00671,grocery,weekly,908,50.03,45422.8,0.00269,0.00318,132,0.2177,0.8417,0,5043.33,4624.83,0.0839,0
M00672,digital_services,twice_weekly,1276,103.57,132156.83,0.01142,0.01016,16,0.0916,0.6147,0,15916.11,14990.0,0.9858,1
M00673,electronics,twice_weekly,305,244.59,74600.96,0.00965,0.00838,31,0.2482,0.8102,0,7560.67,6499.96,0.9404,1
M00674,marketplace,weekly,910,36.59,33299.19,0.0039,0.00551,51,0.1656,0.6328,0,4693.54,4750.16,0.3417,1
M00675,digital_services,twice_weekly,320,59.98,19193.51,0.01029,0.01357,186,0.1133,0.6422,0,2335.3,2172.45,0.9911,1
M00676,retail,daily,1863,111.24,207245.43,0.01049,0.01713,46,0.2627,0.7719,0,29659.93,23811.04,0.9974,1
M00677,healthcare,weekly,1236,53.91,66626.73,0.00082,0.00077,61,0.1375,0.7407,0,10299.22,9917.98,0.0194,0
M00678,gaming,daily,2637,133.38,351725.47,0.02167,0.02059,24,0.1559,0.8811,0,56583.63,43046.73,1.0,1
M00679,grocery,daily,2204,50.48,111267.98,0.00106,0.00168,16,0.1307,0.7654,0,19276.41,15523.78,0.0281,0
M00680,retail,daily,1736,114.33,198471.62,0.00551,0.00874,60,0.3112,0.5195,0,29190.28,26271.2,0.8189,1
M00681,grocery,weekly,3091,58.54,180955.03,0.00208,0.00202,54,0.415,0.6626,0,16112.0,16087.86,0.0875,1
M00682,fuel,daily,6632,76.12,504796.16,0.00231,0.00405,40,0.1487,0.5612,0,53170.74,47000.38,0.1459,0
M00683,grocery,daily,3291,49.78,163819.17,0.00133,0.00129,284,0.2761,0.8036,0,24635.44,19477.18,0.0329,0
M00684,travel,daily,1662,242.98,403836.09,0.00646,0.00866,71,0.4054,0.6299,0,59274.23,50827.85,0.904,1
M00685,digital_services,daily,784,102.18,80110.02,0.02615,0.04526,8,0.1178,0.633,0,5350.1,4581.17,1.0,1
M00686,retail,daily,1317,63.2,83233.11,0.01103,0.00958,105,0.3223,0.4774,0,11443.35,10484.47,0.9864,1
M00687,travel,twice_weekly,680,404.98,275389.23,0.0321,0.04248,81,0.2862,0.672,0,20090.71,18438.28,1.0,1
M00688,electronics,weekly,1322,349.18,461617.44,0.0147,0.01042,95,0.2793,0.846,0,29416.52,26917.76,0.9968,1
M00689,restaurants,daily,2116,47.93,101422.56,0.00522,0.00669,215,0.339,0.9786,0,8790.02,6357.31,0.485,1
M00690,digital_services,daily,5640,121.07,682840.64,0.01006,0.01253,15,0.0353,0.7979,0,79983.26,63410.77,0.985,1
M00691,retail,daily,1046,69.04,72213.68,0.00673,0.01167,76,0.0864,0.9095,0,9271.03,6951.69,0.8688,1
M00692,healthcare,daily,13704,78.47,1075303.67,0.0002,0.0002,81,0.2127,0.7059,0,111728.6,92536.5,0.0206,0
M00693,retail,daily,1078,97.12,104692.24,0.00546,0.00651,67,0.0926,0.6703,0,18179.92,15306.61,0.5239,1
M00694,retail,twice_weekly,224,107.87,24162.29,0.00368,0.00407,93,0.1294,1.0745,0,3065.07,2294.86,0.1073,0
M00695,healthcare,twice_weekly,395,129.97,51339.01,0.00228,0.00275,8,0.3175,0.9501,0,5094.13,4080.17,0.0688,0
M00696,gaming,daily,574,122.59,70364.3,0.02569,0.04326,115,0.2126,0.8022,0,11953.85,9457.44,1.0,1
M00697,restaurants,daily,587,43.76,25689.12,0.0056,0.00859,5,0.1491,0.7474,0,2540.32,2063.41,0.6906,1
M00698,digital_services,daily,1397,80.34,112233.96,0.02243,0.01604,3,0.1899,0.7146,0,11120.85,9173.35,1.0,1
M00699,marketplace,daily,101,85.23,8607.83,0.01561,0.02459,1,0.3761,0.5799,0,574.95,504.09,1.0,1
M00700,retail,weekly,3578,111.51,398998.93,0.00795,0.0109,33,0.0702,1.0858,1,69427.69,55956.06,0.9607,1
M00701,retail,twice_weekly,9351,65.02,607974.8,0.00436,0.00565,204,0.4402,1.0077,0,82516.91,64095.17,0.4032,0
M00702,retail,weekly,1677,71.74,120304.01,0.00561,0.01007,37,0.1964,0.7808,0,9818.8,9276.31,0.7851,1
M00703,fuel,weekly,1219,60.33,73546.34,0.00405,0.00328,44,0.088,0.5996,0,12211.96,12543.63,0.1763,1
M00704,healthcare,twice_weekly,3250,210.45,683976.37,0.00362,0.00634,127,0.2921,0.7404,0,75767.39,67360.69,0.4077,1
M00705,retail,weekly,2221,94.02,208810.13,0.00517,0.00637,92,0.3195,1.0403,0,29806.8,24639.77,0.4439,0
M00706,digital_services,daily,1655,125.34,207438.43,0.01324,0.01384,9,0.1389,1.1151,0,14039.77,9416.05,0.996,1
M00707,restaurants,daily,954,52.16,49757.48,0.00632,0.0074,0,0.0802,0.8464,0,8277.22,6407.82,0.6199,0
M00708,restaurants,daily,7124,47.02,334978.3,0.00399,0.00531,26,0.1098,0.9403,0,26489.11,19548.45,0.2095,1
M00709,travel,daily,2752,386.52,1063713.38,0.01712,0.0266,322,0.1706,0.7264,0,79458.95,65183.47,1.0,1
M00710,travel,daily,575,334.82,192520.55,0.02426,0.04114,72,0.0491,0.5226,1,23908.25,21488.72,1.0,1
M00711,electronics,daily,444,291.49,129421.33,0.00828,0.00964,55,0.2884,0.8201,0,18856.42,14788.26,0.9319,1
M00712,marketplace,twice_weekly,1920,71.71,137684.7,0.01911,0.03291,0,0.181,0.9645,0,9813.14,7800.75,1.0,1
M00713,restaurants,twice_weekly,1015,25.81,26192.79,0.0002,0.0003,25,0.211,0.7553,0,2961.72,2614.5,0.0145,0
M00714,healthcare,twice_weekly,2881,105.46,303827.76,0.00372,0.0059,179,0.1903,0.9906,0,26025.55,20402.83,0.2249,0
M00715,restaurants,daily,1343,50.21,67431.23,0.00089,0.00095,16,0.5024,0.8636,0,8670.7,6654.98,0.035,0
M00716,fuel,twice_weekly,3898,60.48,235731.98,0.00255,0.00339,240,0.2924,0.8226,0,17839.71,15244.18,0.1037,0
M00717,digital_services,daily,1806,63.62,114892.1,0.0176,0.01271,5,0.193,0.8416,0,13369.62,10374.82,0.9995,1
M00718,grocery,daily,885,55.25,48897.3,0.00228,0.00286,31,0.1237,0.9359,0,8118.99,6005.46,0.0488,0
M00719,marketplace,daily,1038,72.81,75573.01,0.00204,0.00198,123,0.1918,1.0637,0,5143.22,3551.3,0.0366,0
M00720,electronics,daily,1139,320.23,364744.23,0.01576,0.02223,184,0.1382,0.6975,0,35637.69,29632.08,1.0,1
M00721,gaming,daily,647,124.0,80226.0,0.01556,0.02164,365,0.1077,0.5412,0,7534.67,6718.21,1.0,1
M00722,travel,twice_weekly,4418,385.08,1701281.65,0.01293,0.02261,19,0.1185,0.7453,1,204667.52,181538.17,1.0,1
M00723,grocery,twice_weekly,2091,44.88,93835.84,0.0013,0.00099,15,0.26,0.872,0,9038.09,7535.75,0.0259,0
M00724,electronics,twice_weekly,594,171.99,102162.28,0.01604,0.0241,73,0.1761,1.0048,0,9084.87,7067.94,1.0,1
M00725,grocery,daily,289,64.36,18601.18,0.00165,0.00129,155,0.3599,0.9381,0,1801.58,1331.06,0.0332,0
M00726,grocery,twice_weekly,1046,41.07,42960.33,0.00142,0.00244,24,0.4193,0.8882,0,5272.9,4360.53,0.0534,0
M00727,retail,twice_weekly,5144,116.04,596921.53,0.00384,0.0066,1,0.1536,1.0433,0,59246.7,45135.68,0.29,0
M00728,grocery,daily,1642,50.93,83621.46,0.0015,0.00164,330,0.0537,0.7789,0,14913.14,11932.4,0.0271,0
M00729,travel,twice_weekly,1484,342.29,507960.11,0.00641,0.00778,28,0.4849,0.6626,0,64467.76,59419.21,0.8896,1
M00730,gaming,daily,1281,117.27,150221.98,0.00932,0.01321,91,0.4171,0.4612,0,19798.67,18263.24,0.9949,1
M00731,retail,daily,2426,46.9,113787.85,0.00121,0.001,13,0.2741,0.7686,0,13825.15,11116.78,0.0332,1
M00732,grocery,daily,4507,38.74,174585.6,0.0032,0.00264,7,0.4638,0.7454,0,22557.83,18340.02,0.1659,0
M00733,grocery,daily,1385,38.85,53800.41,0.00325,0.00486,115,0.3507,0.8632,0,3776.63,2899.24,0.1978,0
M00734,retail,daily,928,82.02,76118.6,0.0071,0.00639,0,0.3607,0.753,0,6386.79,5173.95,0.766,1
M00735,grocery,daily,600,51.51,30903.51,0.00236,0.00344,61,0.2174,0.8905,0,4604.15,3486.0,0.0733,1
M00736,marketplace,daily,2015,68.84,138721.91,0.00556,0.00831,34,0.5368,1.0984,0,20726.4,14034.35,0.7226,1
M00737,fuel,weekly,1147,39.42,45209.8,0.002,0.002,48,0.02,0.6065,0,5668.38,5804.77,0.0461,0
M00738,retail,daily,1977,97.65,193052.76,0.00312,0.00547,168,0.2013,0.791,0,17970.32,14294.58,0.216,0
M00739,retail,daily,1913,99.68,190696.53,0.0061,0.00786,28,0.1691,0.8197,0,17787.28,13952.75,0.6748,0
M00740,travel,daily,1116,242.71,270859.22,0.02656,0.0211,69,0.2862,0.6379,0,42742.08,36519.2,1.0,1
M00741,grocery,weekly,1664,48.11,80063.26,0.00188,0.00235,90,0.1161,0.8359,0,5937.12,5460.21,0.0397,0
M00742,grocery,daily,282,53.43,15067.24,0.00245,0.00248,0,0.0715,0.8402,0,2579.04,2002.7,0.0515,0
M00743,healthcare,weekly,5206,136.65,711418.16,0.00159,0.0019,29,0.1964,0.9135,0,120297.98,106384.37,0.0483,0
M00744,grocery,daily,1523,59.45,90549.54,0.0025,0.00297,65,0.1213,0.8996,0,11876.84,8950.8,0.0579,0
M00745,gaming,daily,858,89.55,76831.01,0.01305,0.01509,58,0.0851,0.9446,0,5879.07,4328.98,0.9978,1
M00746,gaming,daily,4420,136.74,604372.43,0.01776,0.02913,79,0.0754,0.7502,0,58640.17,47567.59,1.0,1
M00747,retail,daily,1002,85.39,85559.79,0.00481,0.00338,29,0.1418,0.9566,0,12303.8,9002.86,0.1717,0
M00748,travel,twice_weekly,6744,237.78,1603612.49,0.01669,0.01188,68,0.1319,0.8669,0,260048.57,217378.31,0.9995,1
M00749,restaurants,weekly,7658,58.7,449486.99,0.00279,0.00456,8,0.3194,0.8887,0,31861.19,28536.31,0.1718,0
M00750,restaurants,daily,2428,47.32,114888.52,0.00427,0.00348,13,0.149,1.1383,0,9962.43,6592.8,0.1133,0
M00751,retail,weekly,401,69.26,27772.09,0.00263,0.00321,195,0.1101,0.8876,0,3191.59,2860.16,0.0694,0
M00752,retail,daily,1838,58.13,106834.28,0.00885,0.00712,158,0.2449,0.7459,0,8696.14,7068.36,0.8738,1
M00753,retail,daily,878,81.04,71150.93,0.01085,0.01729,41,0.4211,0.6815,0,5721.28,4792.27,0.9985,1
M00754,travel,daily,1329,373.29,496096.37,0.02628,0.02225,221,0.2711,0.7898,0,87004.44,69248.69,1.0,1
M00755,marketplace,daily,659,80.53,53067.82,0.00883,0.00704,28,0.381,0.7253,0,7272.49,5968.83,0.9104,1
M00756,fuel,twice_weekly,848,84.33,71511.03,0.00043,0.00052,234,0.3857,0.9007,0,9269.89,7617.2,0.0177,0
M00757,retail,daily,2474,99.04,245023.51,0.00986,0.00801,43,0.1467,0.8507,0,27685.67,21386.7,0.916,1
M00758,electronics,daily,1968,206.98,407337.41,0.01198,0.01413,135,0.1031,0.4462,0,61414.62,57006.79,0.9979,1
M00759,grocery,daily,658,59.38,39072.36,0.00205,0.00248,30,0.2248,0.6713,0,2385.23,2007.25,0.0687,0
M00760,travel,daily,1786,331.28,591671.34,0.01436,0.0165,54,0.083,0.7767,0,82314.36,65930.94,0.9995,1
M00761,marketplace,daily,3869,48.61,188085.21,0.00997,0.01317,44,0.5058,0.7788,0,33316.21,26658.43,0.9932,1
M00762,fuel,twice_weekly,2847,54.72,155796.0,0.00267,0.0043,81,0.355,0.8382,0,20015.77,16972.7,0.1521,0
M00763,grocery,daily,360,53.49,19257.92,0.00201,0.00161,2,0.02,0.9495,0,2933.5,2154.44,0.0252,0
M00764,grocery,daily,1836,53.97,99089.5,0.00191,0.00178,9,0.1285,1.0718,0,13469.15,9258.16,0.0257,0
M00765,healthcare,daily,265,151.42,40126.35,0.00154,0.00218,2,0.0688,0.6565,0,4961.22,4203.29,0.0437,0
M00766,grocery,daily,674,27.4,18469.7,0.0016,0.0016,37,0.2578,0.7551,0,1496.45,1211.08,0.0399,0
M00767,fuel,daily,899,44.31,39835.81,0.00366,0.00457,84,0.1965,0.8235,0,6906.9,5407.71,0.1835,1
M00768,grocery,twice_weekly,1972,33.88,66806.5,0.00052,0.0009,19,0.0924,1.1518,0,8814.83,6313.63,0.0084,0
M00769,grocery,weekly,1910,52.41,100098.01,0.00195,0.00168,12,0.126,0.6587,0,14027.82,14031.93,0.0483,0
M00770,digital_services,daily,992,93.5,92748.41,0.0065,0.00495,68,0.1893,0.5321,0,14374.67,12867.13,0.6479,1
M00771,retail,weekly,3440,109.2,375639.03,0.00448,0.00717,58,0.0447,0.7106,0,56415.37,55100.86,0.4679,0
M00772,digital_services,twice_weekly,3020,91.56,276512.71,0.02962,0.02393,143,0.448,0.6982,0,27001.38,24483.13,1.0,1
M00773,digital_services,twice_weekly,1360,56.94,77443.92,0.02845,0.04104,15,0.2198,0.7596,0,10657.91,9389.46,1.0,1
M00774,restaurants,twice_weekly,1329,47.6,63262.51,0.00357,0.00372,2,0.2466,0.8096,0,10723.05,9221.63,0.1734,0
M00775,grocery,twice_weekly,5104,33.96,173350.74,0.0026,0.00355,16,0.3818,0.7268,0,22498.61,20130.73,0.1516,1
M00776,restaurants,twice_weekly,1286,40.74,52391.79,0.00548,0.00426,128,0.049,0.6642,0,4783.65,4405.99,0.3209,1
M00777,digital_services,daily,1125,60.11,67624.36,0.02313,0.01688,98,0.0907,0.5874,0,5550.5,4850.42,1.0,1
M00778,fuel,daily,4971,35.91,178518.88,0.00201,0.00168,50,0.1697,0.8647,0,19392.7,14875.9,0.0379,0
M00779,restaurants,daily,3625,64.13,232461.65,0.00358,0.00604,42,0.2376,0.7577,0,36534.21,29530.53,0.3222,1
M00780,restaurants,daily,4546,35.82,162841.29,0.00371,0.006,83,0.1318,0.4125,0,20382.65,19183.99,0.4069,0
M00781,retail,twice_weekly,1928,62.05,119640.84,0.00273,0.00409,4,0.1051,0.6516,0,15467.45,14328.13,0.1434,0
M00782,healthcare,daily,2945,99.67,293519.44,0.00293,0.00388,24,0.0453,0.7909,0,52098.32,41444.76,0.1126,0
M00783,travel,daily,988,301.92,298294.98,0.00465,0.00542,83,0.2819,0.6227,0,21340.77,18358.95,0.5129,1
M00784,digital_services,daily,1396,121.71,169913.34,0.01193,0.01215,18,0.4293,0.9168,0,21757.01,16253.55,0.9947,1
M00785,electronics,daily,1834,259.6,476101.77,0.00588,0.01021,128,0.0944,0.831,0,44223.56,34496.97,0.8071,1
M00786,retail,twice_weekly,1818,95.1,172894.45,0.00221,0.00295,115,0.056,1.0347,0,21877.94,16745.74,0.0411,0
M00787,restaurants,twice_weekly,1567,29.66,46479.0,0.00381,0.00669,197,0.1749,0.6421,0,4132.22,3844.27,0.3869,1
M00788,retail,daily,299,71.89,21494.26,0.00923,0.01375,152,0.1944,0.9288,0,1314.32,975.79,0.9786,1
M00789,restaurants,daily,3043,38.6,117464.14,0.00435,0.00548,166,0.2342,0.8343,0,20146.93,15690.65,0.3184,0
M00790,digital_services,daily,612,97.37,59588.35,0.00826,0.01037,164,0.0806,0.9178,0,6036.63,4507.33,0.9079,1
M00791,fuel,daily,484,68.85,33324.69,0.00319,0.00341,104,0.2905,0.5842,0,3429.65,3001.19,0.1777,0
M00792,travel,twice_weekly,881,392.43,345730.34,0.02115,0.01607,39,0.1421,0.7324,0,37411.98,33385.48,1.0,1
M00793,retail,daily,1269,79.93,101426.03,0.0048,0.00505,14,0.2152,0.6772,0,7310.19,6135.26,0.3906,0
M00794,grocery,daily,3322,14.63,48615.96,0.00313,0.00527,84,0.0526,0.9699,0,4686.1,3404.93,0.1162,0
M00795,grocery,daily,2179,53.98,117621.77,0.00088,0.00102,78,0.0923,0.9179,0,8266.45,6171.86,0.0143,0
M00796,retail,weekly,4022,117.99,474573.67,0.00557,0.0074,15,0.0961,0.996,0,64601.9,54706.66,0.5312,0
M00797,grocery,twice_weekly,2325,43.63,101436.22,0.00213,0.00216,43,0.3376,0.8583,0,6511.61,5466.58,0.0587,0
M00798,fuel,daily,611,73.22,44736.52,0.00303,0.00288,40,0.2445,1.1121,0,6435.56,4323.6,0.0632,0
M00799,marketplace,daily,2504,68.22,170822.61,0.00813,0.01083,41,0.02,0.9809,0,29082.35,21007.46,0.8996,1
M00800,marketplace,daily,4524,93.85,424560.82,0.00983,0.01081,3,0.1234,0.7725,0,75967.18,60970.25,0.976,1
M00801,marketplace,weekly,605,93.98,56860.79,0.00288,0.00269,1,0.0259,0.5725,0,8853.92,9203.64,0.1112,0
M00802,retail,daily,1305,72.63,94787.59,0.01257,0.0177,25,0.0927,0.8539,0,13457.47,10378.98,0.9986,1
M00803,healthcare,daily,700,149.08,104359.32,0.00533,0.00679,54,0.0678,0.8328,0,15657.85,12203.27,0.4429,0
M00804,digital_services,weekly,3182,125.0,397739.92,0.01546,0.02598,115,0.4662,0.8938,0,58758.9,52489.55,1.0,1
M00805,grocery,twice_weekly,1587,42.48,67412.58,0.00208,0.00347,6,0.1622,0.7066,0,7365.89,6653.23,0.0847,0
M00806,fuel,daily,1363,61.59,83948.06,0.00279,0.00349,131,0.2758,0.8014,0,5378.6,4256.88,0.1135,0
M00807,marketplace,daily,227,77.18,17519.61,0.01399,0.02169,63,0.1411,0.6964,0,3107.15,2584.82,0.9999,1
M00808,fuel,daily,3311,52.36,173363.15,0.00248,0.00346,100,0.1914,0.7697,0,23917.46,19221.4,0.0954,0
M00809,gaming,twice_weekly,1914,125.12,239479.45,0.02192,0.02212,24,0.1018,0.9238,0,37004.55,30047.54,1.0,1
M00810,electronics,daily,1272,277.66,353187.96,0.0134,0.01851,22,0.1908,0.9686,0,21239.63,15443.27,0.9994,1
M00811,grocery,weekly,1642,45.54,74782.59,0.00075,0.00102,1,0.1271,0.6572,0,12199.0,12210.71,0.0239,0
M00812,grocery,weekly,683,48.65,33224.67,0.0012,0.00171,87,0.2774,0.7059,0,5833.98,5710.48,0.0392,0
M00813,electronics,daily,558,320.3,178728.57,0.01152,0.01767,34,0.2933,0.8514,0,11820.42,9127.94,0.9986,1
M00814,digital_services,twice_weekly,2347,91.07,213743.84,0.01103,0.00849,8,0.3178,0.7773,0,20267.82,17704.54,0.9759,1
M00815,grocery,daily,3303,52.59,173715.95,0.00248,0.00435,148,0.1482,0.9574,0,22531.01,16479.2,0.0853,0
M00816,healthcare,daily,1140,127.12,144914.12,0.00032,0.0003,128,0.1527,0.6922,0,25064.21,20891.19,0.0155,0
M00817,healthcare,twice_weekly,1523,168.0,255863.44,0.0019,0.00282,28,0.1321,0.7623,0,40138.62,35315.24,0.0629,0
M00818,gaming,daily,1782,94.11,167707.7,0.01448,0.02058,5,0.2792,0.7619,0,10576.96,8532.22,0.9999,1
M00819,digital_services,daily,1176,107.38,126281.33,0.01271,0.01738,365,0.1089,0.5306,0,12691.36,11368.04,0.9993,1
M00820,retail,daily,510,90.28,46041.37,0.01055,0.00891,15,0.149,0.7126,0,7894.31,6517.78,0.961,1
M00821,grocery,daily,3556,44.37,157796.96,0.00026,0.00046,201,0.1874,1.0851,0,11170.59,7621.01,0.0083,0
M00822,digital_services,daily,533,55.11,29376.03,0.01447,0.01663,36,0.0626,0.8756,0,2581.1,1969.15,0.9992,1
M00823,retail,twice_weekly,4070,73.43,298850.05,0.00456,0.00647,84,0.253,0.8328,0,47487.94,40375.67,0.4511,0
M00824,marketplace,twice_weekly,2828,77.48,219122.43,0.01565,0.02737,171,0.5318,0.7308,0,17863.13,15952.7,1.0,1
M00825,restaurants,twice_weekly,472,26.63,12571.29,0.00376,0.00395,60,0.0976,0.7119,0,1399.82,1261.22,0.1645,0
M00826,grocery,weekly,1496,42.26,63214.13,0.00184,0.00321,215,0.4095,0.8709,1,4454.54,4025.79,0.2029,0
M00827,digital_services,daily,759,53.32,40470.73,0.0194,0.0282,33,0.1888,0.5178,0,2438.64,2196.36,1.0,1
M00828,retail,weekly,2169,108.14,234550.72,0.00675,0.00773,21,0.3291,0.5974,1,21017.72,21610.42,0.9413,1
M00829,healthcare,daily,694,102.58,71189.15,0.00216,0.00204,37,0.2176,0.7491,0,9122.66,7403.76,0.058,0
M00830,retail,daily,3509,120.16,421636.65,0.00807,0.01061,108,0.4378,0.7145,0,52437.96,43257.58,0.9624,1
M00831,digital_services,weekly,453,95.73,43366.48,0.00672,0.01194,55,0.1613,0.7405,0,5614.75,5407.38,0.9263,1
M00832,digital_services,daily,3384,75.02,253857.74,0.00962,0.00788,135,0.04,0.9588,0,35360.2,25843.71,0.8864,1
M00833,retail,daily,803,81.94,65798.13,0.00354,0.00555,40,0.2859,0.8982,0,8103.78,6111.74,0.2447,1
M00834,marketplace,daily,1394,82.56,115084.84,0.01532,0.02751,134,0.045,0.5197,0,20705.41,18632.91,1.0,1
M00835,marketplace,daily,843,58.01,48898.6,0.00445,0.0046,165,0.1545,0.7337,0,5815.39,4754.27,0.2929,1
M00836,digital_services,daily,1003,117.62,117974.75,0.01486,0.01799,29,0.0878,0.6527,0,13075.73,11097.57,0.9997,1
M00837,restaurants,daily,2056,66.35,136422.86,0.00467,0.00544,36,0.2753,0.6537,0,21772.66,18469.91,0.4389,1
M00838,electronics,weekly,740,284.59,210599.69,0.01129,0.01355,16,0.5328,0.9529,0,17900.3,15509.13,0.9959,1
M00839,travel,daily,806,479.35,386358.8,0.01901,0.0245,49,0.1538,0.7398,0,24685.3,20122.99,1.0,1
M00840,gaming,daily,2218,110.87,245914.65,0.01984,0.03511,13,0.0298,1.0529,0,35300.42,24520.87,1.0,1
M00841,grocery,daily,1693,49.26,83399.7,0.00241,0.00378,79,0.1215,0.5723,0,7965.14,7006.77,0.1139,0
M00842,restaurants,weekly,1542,42.11,64933.23,0.00235,0.0037,53,0.1946,0.7254,0,5448.77,5285.0,0.1028,0
M00843,gaming,daily,4272,143.32,612273.93,0.04137,0.03681,39,0.2102,0.4894,0,43441.53,39599.94,1.0,1
M00844,retail,daily,3118,111.84,348709.91,0.00743,0.00615,260,0.159,0.8104,0,61085.59,48134.24,0.7098,1
M00845,grocery,daily,473,14.75,6974.82,0.00169,0.00134,19,0.1423,0.7249,0,759.39,623.4,0.0339,0
M00846,healthcare,twice_weekly,3077,104.34,321053.79,0.00359,0.00521,4,0.1261,0.6468,0,24585.05,22823.39,0.269,0
M00847,retail,twice_weekly,670,64.27,43061.7,0.00741,0.00744,90,0.1199,0.6456,0,3541.69,3289.68,0.7879,1
M00848,marketplace,twice_weekly,653,64.46,42092.88,0.01308,0.01964,86,0.0864,0.7843,1,5064.0,4408.65,0.9998,1
M00849,fuel,twice_weekly,1351,72.46,97887.48,0.00363,0.00519,350,0.1167,0.8001,0,10965.23,9473.42,0.1979,0
M00850,electronics,daily,2518,266.08,669999.28,0.02165,0.03684,96,0.1123,1.0347,0,79976.52,56113.33,1.0,1
M00851,fuel,daily,2667,64.03,170759.04,0.00313,0.00519,124,0.1482,0.9146,0,13794.42,10316.71,0.1485,0
M00852,fuel,daily,3796,71.85,272748.71,0.00363,0.0031,110,0.3076,0.9793,0,17787.63,12860.07,0.1196,0
M00853,restaurants,daily,1144,38.01,43481.48,0.00287,0.00459,178,0.4867,0.8045,0,6176.02,4880.77,0.2224,1
M00854,healthcare,daily,418,155.44,64972.4,0.0025,0.00304,68,0.5509,0.6947,0,6120.8,5095.78,0.1624,0
M00855,fuel,daily,1220,45.35,55321.24,0.00387,0.00339,16,0.1474,0.999,0,9128.63,6530.4,0.1096,0
M00856,travel,daily,1115,146.65,163512.91,0.02382,0.04174,190,0.251,0.5646,0,21441.35,18924.67,1.0,1
M00857,marketplace,daily,680,75.86,51582.36,0.00889,0.00819,8,0.6119,0.744,0,4696.32,3820.68,0.9582,1
M00858,healthcare,daily,968,154.93,149967.65,0.00438,0.00466,9,0.3595,0.7806,0,9164.5,7326.74,0.3341,0
M00859,retail,twice_weekly,1004,69.78,70061.16,0.00474,0.00852,57,0.2313,0.7913,0,10610.3,9206.12,0.6093,1
M00860,gaming,twice_weekly,1238,102.91,127401.52,0.03947,0.04122,32,0.2747,0.6783,0,11885.94,10877.01,1.0,1
M00861,restaurants,daily,1065,43.9,46756.16,0.00465,0.00656,40,0.2424,0.6447,0,7629.33,6498.64,0.5007,1
M00862,marketplace,daily,3278,55.63,182370.85,0.01687,0.01872,18,0.1374,0.4786,0,16989.8,15558.52,0.9999,1
M00863,restaurants,twice_weekly,330,48.19,15902.62,0.00165,0.00279,16,0.1794,0.7409,0,2411.18,2143.11,0.058,0
M00864,digital_services,twice_weekly,1149,96.34,110690.71,0.01098,0.01915,88,0.3512,0.6484,0,13036.1,12093.28,0.9993,1
M00865,grocery,daily,1366,43.66,59639.79,0.00382,0.00276,58,0.154,0.9734,0,10155.19,7364.93,0.0888,0
M00866,healthcare,daily,1325,121.26,160673.66,0.00248,0.00235,28,0.3194,1.052,0,24422.11,16972.65,0.0579,0
M00867,healthcare,twice_weekly,545,126.86,69139.88,0.00204,0.00303,16,0.2905,0.8219,0,4640.76,3966.91,0.0772,0
M00868,restaurants,twice_weekly,1441,57.85,83366.33,0.00622,0.00681,124,0.2604,0.6033,0,13277.87,12569.22,0.7133,1
M00869,grocery,daily,800,48.18,38546.61,0.00157,0.00252,52,0.3339,0.5391,0,4049.63,3614.12,0.0822,0
M00870,fuel,daily,1000,73.64,73637.84,0.00242,0.00199,13,0.1891,0.8235,0,5574.78,4364.86,0.0553,0
M00871,restaurants,weekly,3195,54.19,173131.48,0.00457,0.00427,41,0.2611,0.73,0,23099.94,22356.93,0.3091,0
M00872,grocery,daily,1894,15.87,30057.55,0.00148,0.00242,33,0.1211,0.7985,0,2073.65,1643.53,0.0364,0
M00873,electronics,weekly,828,278.41,230523.43,0.01911,0.03227,193,0.2463,0.6988,0,27653.83,27157.6,1.0,1
M00874,retail,daily,1784,79.37,141594.52,0.00212,0.0022,10,0.0699,0.5616,0,12089.73,10684.48,0.0684,0
M00875,marketplace,daily,1422,74.02,105254.31,0.01072,0.01172,88,0.3565,0.7061,0,7000.38,5797.29,0.9903,1
M00876,healthcare,daily,690,151.27,104376.38,0.00348,0.00591,72,0.2751,0.792,0,6430.08,5112.43,0.2818,0
M00877,retail,daily,357,77.53,27676.48,0.00371,0.00668,38,0.1202,0.7211,0,2899.36,2384.37,0.3288,0
M00878,retail,weekly,2880,97.5,280799.24,0.00929,0.00989,52,0.2455,0.4929,0,17717.47,19059.4,0.9699,1
M00879,digital_services,daily,4521,82.62,373542.41,0.02392,0.03412,7,0.1038,0.5678,0,43148.29,38031.5,1.0,1
M00880,digital_services,weekly,977,96.58,94356.68,0.02332,0.02305,29,0.1412,0.7063,1,11992.81,11736.44,1.0,1
M00881,retail,daily,3004,107.19,321985.57,0.00656,0.0076,81,0.1849,0.7474,0,30504.35,24777.71,0.7355,0
M00882,digital_services,weekly,875,103.25,90342.67,0.01539,0.02454,29,0.4932,0.8542,0,6369.94,5805.15,1.0,1
M00883,electronics,weekly,3423,246.51,843797.3,0.01453,0.01201,14,0.0247,0.5956,0,87966.08,90516.56,0.9984,1
M00884,travel,daily,1013,188.64,191092.47,0.01866,0.03126,22,0.2618,0.6364,0,23160.64,19802.05,1.0,1
M00885,fuel,daily,1011,65.14,65852.41,0.00368,0.00318,66,0.02,0.753,0,4574.07,3705.39,0.1054,1
M00886,retail,twice_weekly,1065,43.8,46642.51,0.00485,0.00519,4,0.2804,0.647,0,3417.98,3172.71,0.4494,1
M00887,retail,daily,1011,80.99,81879.49,0.00592,0.00657,180,0.3401,0.8741,0,6813.04,5201.45,0.5981,0
M00888,grocery,weekly,2728,56.46,154027.21,0.00247,0.0035,261,0.6771,1.0528,0,22653.69,18598.62,0.1371,0
M00889,fuel,daily,1233,69.76,86012.69,0.00203,0.00272,28,0.0603,0.6412,0,12131.78,10350.17,0.0615,0
M00890,marketplace,daily,548,63.57,34836.51,0.01267,0.02074,41,0.1745,0.6834,0,4956.33,4148.0,0.9997,1
M00891,retail,daily,1736,117.41,203831.92,0.00441,0.00785,18,0.2286,0.9098,0,27187.52,20383.1,0.4941,0
M00892,electronics,twice_weekly,1266,229.56,290629.26,0.01513,0.01993,9,0.0424,0.7944,0,38024.4,32942.06,0.9998,1
M00893,retail,weekly,614,46.76,28707.84,0.00895,0.0105,139,0.2814,0.6696,0,3875.03,3856.98,0.9622,1
M00894,grocery,daily,1118,31.34,35040.92,0.00117,0.00203,365,0.3797,0.8198,0,4884.38,3831.29,0.0425,0
M00895,restaurants,twice_weekly,957,45.55,43592.32,0.00252,0.00374,72,0.2898,0.7293,0,7146.83,6387.19,0.1292,0
M00896,healthcare,weekly,1268,154.41,195797.43,0.00198,0.00329,12,0.2157,0.8728,0,14193.93,12815.67,0.0695,0
M00897,retail,daily,947,94.78,89757.47,0.00779,0.00591,316,0.2055,0.7676,1,14048.05,11301.23,0.8892,1
M00898,fuel,daily,572,45.23,25869.67,0.00509,0.00622,41,0.2201,0.6669,0,4535.1,3824.26,0.4916,0
M00899,fuel,twice_weekly,475,51.66,24537.44,0.00363,0.00377,38,0.3426,0.8294,0,3493.43,2975.12,0.1803,0
M00900,gaming,twice_weekly,366,95.44,34930.39,0.02086,0.02216,50,0.2039,0.746,0,3917.69,3473.73,1.0,1
M00901,travel,daily,1452,338.17,491028.32,0.00631,0.00628,13,0.382,0.5511,0,55441.74,49221.89,0.8241,1
M00902,retail,weekly,1284,67.86,87131.07,0.00675,0.00576,69,0.1836,0.6521,0,15624.21,15675.66,0.6519,0
M00903,grocery,daily,1097,39.3,43108.2,0.00237,0.00399,75,0.3853,0.6932,0,6988.94,5822.54,0.1502,1
M00904,gaming,weekly,480,83.98,40312.4,0.00678,0.01204,213,0.1081,0.5667,0,6417.56,6688.13,0.9515,0
M00905,electronics,weekly,1760,261.1,459529.18,0.01534,0.01352,195,0.382,0.8909,0,60582.33,54200.46,0.9993,1
M00906,marketplace,twice_weekly,1595,74.75,119231.67,0.00987,0.01275,3,0.1938,1.0734,0,17869.44,13387.59,0.9781,1
M00907,gaming,daily,810,135.66,109885.76,0.02926,0.02544,16,0.0556,0.8061,0,12054.88,9518.99,1.0,1
M00908,grocery,daily,785,34.46,27052.65,0.00236,0.00171,38,0.13,0.944,0,4728.93,3483.08,0.0346,0
M00909,retail,daily,659,97.31,64125.91,0.00294,0.00413,1,0.1425,0.9659,0,9737.87,7090.61,0.1054,0
M00910,retail,daily,1764,36.56,64499.25,0.00081,0.0006,213,0.1501,0.7626,0,9643.21,7776.32,0.0186,0
M00911,restaurants,twice_weekly,748,38.81,29029.47,0.0014,0.00213,6,0.0837,0.6154,0,1880.61,1770.63,0.0445,0
M00912,healthcare,daily,788,89.27,70345.55,0.00228,0.00256,30,0.1423,0.715,0,11211.13,9246.24,0.0675,0
M00913,healthcare,daily,1649,177.38,292499.32,0.00533,0.00457,1,0.3296,0.8614,0,23513.19,18066.75,0.3983,0
M00914,electronics,daily,4602,293.4,1350211.02,0.01562,0.01795,25,0.2043,0.7111,0,149567.22,123576.02,0.9999,1
M00915,electronics,daily,1143,260.11,297308.0,0.02334,0.0237,59,0.1859,0.8073,0,44370.82,35017.72,1.0,1
M00916,electronics,daily,1576,168.15,265011.62,0.02008,0.02026,0,0.1471,0.7753,0,29805.39,23888.75,1.0,1
M00917,grocery,twice_weekly,973,51.39,49998.81,0.00108,0.00169,17,0.1492,0.86,0,4620.05,3875.25,0.0241,0
M00918,grocery,twice_weekly,379,44.89,17013.34,0.00261,0.00277,3,0.2545,0.7618,0,1565.8,1377.97,0.0912,0
M00919,retail,daily,1641,109.64,179912.9,0.00868,0.0078,28,0.078,1.0617,0,29655.92,20499.4,0.7941,1
M00920,digital_services,weekly,1298,64.38,83563.29,0.02964,0.03734,33,0.2778,0.6984,0,5588.53,5489.13,1.0,1
M00921,grocery,weekly,2197,52.27,114829.87,0.00411,0.00619,105,0.0858,0.8167,0,15254.27,14162.06,0.2799,0
M00922,restaurants,daily,357,48.98,17486.08,0.0005,0.00052,3,0.0505,0.9535,0,1335.37,978.69,0.0101,0
M00923,digital_services,twice_weekly,1081,101.25,109446.35,0.0247,0.02155,8,0.4715,0.8156,0,15157.45,12996.97,1.0,1
M00924,digital_services,daily,687,62.85,43181.09,0.01241,0.00982,82,0.2366,0.5841,0,6852.48,5996.75,0.9918,1
M00925,fuel,daily,4511,51.94,234322.42,0.00254,0.00245,37,0.18,0.926,0,19269.22,14326.38,0.0557,0
M00926,retail,daily,425,111.3,47302.42,0.00542,0.00421,3,0.0552,0.6225,0,6558.49,5642.39,0.3515,0
M00927,fuel,daily,2687,63.21,169836.25,0.00257,0.00281,82,0.5328,0.6922,0,17170.69,14311.9,0.1547,0
M00928,restaurants,weekly,671,26.33,17669.05,0.00669,0.00894,3,0.4003,0.8748,0,2057.3,1855.63,0.8395,1
M00929,digital_services,weekly,1505,80.75,121528.95,0.02223,0.02381,45,0.3124,0.756,0,15478.3,14797.27,1.0,1
M00930,marketplace,weekly,302,75.0,22649.95,0.01122,0.01024,5,0.1826,0.8379,0,2078.09,1909.25,0.9804,1
M00931,retail,daily,1176,108.62,127735.21,0.00625,0.01064,6,0.0793,1.0469,0,21592.13,15048.26,0.7713,1
M00932,retail,daily,1086,101.56,110289.92,0.00906,0.01017,24,0.5905,0.5468,0,17784.45,15818.71,0.9823,1
M00933,retail,weekly,2521,85.95,216689.97,0.00604,0.00637,60,0.3485,0.9173,0,16876.28,14895.76,0.5922,1
M00934,restaurants,daily,1341,67.16,90059.65,0.00449,0.00315,6,0.2141,0.8062,0,11180.5,8828.18,0.1989,1
M00935,restaurants,daily,4344,49.75,216130.94,0.00869,0.01449,33,0.2228,0.8734,0,13500.97,10311.34,0.9818,1
M00936,fuel,daily,1092,76.2,83206.83,0.00363,0.00553,23,0.277,0.9074,0,13980.9,10494.53,0.2436,0
M00937,electronics,daily,826,211.53,174720.49,0.01132,0.00851,45,0.1071,0.8421,0,11078.92,8595.08,0.9622,1
M00938,grocery,daily,1602,39.7,63595.39,0.00307,0.00485,106,0.4661,0.7025,0,5695.38,4724.46,0.2664,0
M00939,healthcare,daily,454,117.79,53474.41,0.00479,0.00838,8,0.2171,1.0578,0,6698.32,4640.35,0.4941,0
M00940,grocery,twice_weekly,1455,50.03,72799.2,0.00182,0.00305,4,0.2603,0.8754,0,5933.91,4938.9,0.0615,0
M00941,retail,daily,2296,53.17,122070.13,0.0002,0.00023,52,0.2061,1.012,0,13334.33,9472.29,0.0095,0
M00942,restaurants,daily,2154,57.47,123794.81,0.00614,0.00652,109,0.229,0.6583,0,17244.33,14598.09,0.6563,1
M00943,fuel,daily,1673,54.97,91960.17,0.00252,0.0024,266,0.2041,0.8408,0,8778.34,6814.46,0.0625,0
M00944,travel,daily,8759,297.01,2601473.67,0.02093,0.03177,0,0.359,0.3865,0,325923.61,310020.82,1.0,1
M00945,travel,weekly,899,395.18,355264.35,0.01394,0.01087,13,0.2816,1.021,0,62366.31,52102.4,0.996,1
M00946,retail,daily,3048,104.23,317681.78,0.00637,0.00901,16,0.0415,0.6856,0,42306.82,35370.2,0.7885,1
M00947,marketplace,twice_weekly,1002,70.79,70930.97,0.00909,0.01135,71,0.0318,0.7015,0,7369.45,6671.94,0.9609,1
M00948,restaurants,twice_weekly,1250,34.58,43221.45,0.00677,0.00583,13,0.2109,0.7704,0,4171.72,3656.25,0.6247,1
M00949,healthcare,daily,789,119.45,94248.06,0.00187,0.00164,266,0.093,0.9007,0,15693.98,11820.93,0.0292,1
M00950,retail,weekly,1559,72.54,113084.43,0.00467,0.00778,22,0.02,1.0189,0,13164.21,11010.48,0.3717,1
M00951,gaming,twice_weekly,2687,98.27,264059.3,0.04468,0.05731,13,0.18,0.8848,0,26467.07,21925.3,1.0,1
M00952,retail,daily,192,107.83,20703.52,0.00468,0.00619,10,0.1912,0.8922,0,1368.43,1035.21,0.3699,0
M00953,retail,daily,1092,65.61,71642.97,0.00483,0.00464,33,0.2126,0.8801,0,7845.94,5972.01,0.2833,1
M00954,fuel,daily,722,54.14,39086.25,0.00095,0.00103,9,0.103,0.9349,0,6167.42,4564.36,0.0157,0
M00955,electronics,weekly,5358,370.78,1986664.59,0.01475,0.02481,6,0.113,0.6272,0,153633.54,155876.83,1.0,1
M00956,healthcare,twice_weekly,1737,138.58,240705.38,0.00286,0.00251,70,0.3329,0.8559,0,16990.79,14281.24,0.0944,0
M00957,restaurants,weekly,2918,22.64,66069.4,0.00641,0.00721,42,0.1393,0.8412,0,5733.43,5259.13,0.6218,1
M00958,gaming,weekly,727,102.58,74576.42,0.01648,0.02221,64,0.3475,0.4948,0,10147.86,10907.42,1.0,1
M00959,gaming,daily,2523,102.82,259408.55,0.01837,0.0309,0,0.0809,0.5889,0,16170.3,14121.27,1.0,1
M00960,gaming,twice_weekly,2882,148.91,429150.02,0.02569,0.03838,114,0.1055,0.6664,0,53784.64,49487.16,1.0,1
M00961,gaming,daily,2368,88.94,210603.12,0.01165,0.01425,41,0.0971,1.0534,0,21793.96,15134.36,0.994,1
M00962,travel,twice_weekly,1168,350.51,409391.69,0.02129,0.02127,26,0.0969,1.0183,0,62795.05,48497.18,1.0,1
M00963,grocery,daily,2101,14.73,30947.13,0.00484,0.00587,35,0.1303,0.8338,0,5280.04,4113.04,0.3328,0
M00964,grocery,daily,1732,42.91,74318.77,0.00325,0.0035,28,0.1435,1.0132,0,4738.67,3364.14,0.0816,0
M00965,electronics,twice_weekly,1379,296.14,408380.42,0.01578,0.0134,16,0.0988,0.8687,0,56433.41,47130.72,0.999,1
M00966,gaming,twice_weekly,2218,113.09,250825.75,0.02797,0.02882,93,0.0211,0.6895,0,21703.4,19759.22,1.0,1
M00967,electronics,twice_weekly,970,216.34,209852.7,0.02034,0.03378,20,0.1027,0.721,0,13617.32,12217.43,1.0,1
M00968,fuel,daily,2127,58.95,125384.91,0.00374,0.00566,42,0.2143,0.6064,0,13975.1,12109.95,0.3311,0
M00969,digital_services,daily,2530,138.28,349843.74,0.03162,0.03765,35,0.0409,0.9165,0,30752.42,22976.99,1.0,1
M00970,fuel,weekly,1333,50.0,66655.13,0.00124,0.00107,50,0.231,0.7635,0,9760.34,9297.66,0.0286,0
M00971,retail,daily,1025,78.85,80823.28,0.00656,0.01,115,0.0813,0.8656,0,7070.96,5421.58,0.7916,1
M00972,grocery,daily,403,42.21,17009.8,0.00325,0.00456,101,0.0348,0.8405,0,2242.69,1741.24,0.1158,0
M00973,grocery,daily,3323,49.21,163510.93,0.00186,0.00318,253,0.1987,0.7081,0,12801.58,10591.69,0.072,0
M00974,healthcare,daily,963,129.33,124549.37,0.0021,0.00148,10,0.2091,0.964,0,13467.12,9815.4,0.036,0
M00975,retail,daily,672,51.92,34891.05,0.0041,0.00716,1,0.1672,0.6607,0,4725.41,3995.87,0.4689,0
M00976,digital_services,daily,1398,113.83,159140.31,0.01382,0.0208,73,0.1676,0.7649,0,16225.14,13069.69,0.9998,1
M00977,travel,weekly,863,397.25,342826.43,0.00502,0.00882,28,0.2421,0.7623,0,23996.63,22873.0,0.7409,0
M00978,retail,weekly,4339,62.93,273042.69,0.00302,0.00426,33,0.2061,0.7828,0,43528.93,41083.63,0.1707,0
M00979,gaming,weekly,1954,57.03,111439.31,0.02231,0.0393,177,0.1598,0.8855,0,17026.19,15274.12,1.0,1
M00980,fuel,daily,1410,61.22,86318.91,0.00268,0.00454,49,0.2482,0.8671,0,11622.08,8904.33,0.1295,0
M00981,electronics,daily,1320,226.05,298384.7,0.01441,0.01962,161,0.2519,0.5906,0,41089.96,35856.67,0.9999,1
M00982,restaurants,twice_weekly,1066,50.44,53766.14,0.00161,0.00265,40,0.235,0.82,0,7063.97,6043.89,0.0515,0
M00983,restaurants,weekly,2729,46.34,126449.84,0.00217,0.00387,9,0.4112,0.8713,0,19167.75,17319.57,0.1269,0
M00984,travel,daily,2704,291.89,789262.02,0.01353,0.01837,29,0.1224,0.711,0,111526.8,92151.5,0.9997,1
M00985,fuel,twice_weekly,1682,72.42,121817.34,0.00385,0.00506,0,0.199,0.7745,0,15250.88,13339.91,0.2583,0
M00986,healthcare,twice_weekly,265,132.99,35243.27,0.00435,0.00748,117,0.3242,0.9122,0,4275.54,3492.67,0.4622,0
M00987,retail,twice_weekly,1559,50.05,78029.27,0.00498,0.00413,2,0.2161,0.9452,0,12787.81,10268.87,0.2606,0
M00988,grocery,twice_weekly,4501,50.93,229246.61,0.0026,0.00329,56,0.0677,0.5821,0,36011.14,34408.59,0.1061,0
M00989,retail,daily,535,102.38,54773.85,0.00751,0.01263,40,0.1393,0.8421,0,8244.57,6395.92,0.9399,1
M00990,restaurants,daily,621,42.51,26397.54,0.00478,0.00401,17,0.0754,0.8178,0,2789.96,2190.49,0.2141,1
M00991,digital_services,twice_weekly,1650,128.8,212516.53,0.02114,0.02866,6,0.475,0.9427,0,19830.03,15944.25,1.0,1
M00992,restaurants,daily,5352,29.39,157311.17,0.00262,0.00275,197,0.2154,0.8875,0,19578.13,14846.07,0.0733,0
M00993,restaurants,weekly,1248,53.35,66576.74,0.00567,0.01,85,0.1921,0.7096,0,11643.86,11377.42,0.8001,1
M00994,fuel,twice_weekly,786,60.98,47932.87,0.00215,0.00351,18,0.5765,0.8553,0,4616.63,3881.59,0.1371,0
M00995,healthcare,daily,4476,172.87,773763.13,0.00408,0.00638,41,0.3203,0.826,0,121877.59,95306.86,0.4687,0
M00996,travel,twice_weekly,984,318.74,313641.21,0.02576,0.04394,46,0.17,0.9007,0,30170.21,24790.57,1.0,1
M00997,digital_services,twice_weekly,1929,98.37,189752.67,0.01218,0.01338,4,0.236,1.0862,0,18134.24,13488.05,0.9941,1
M00998,grocery,twice_weekly,952,32.28,30733.32,0.00307,0.0025,93,0.3483,0.7963,0,5236.79,4532.69,0.1063,1
M00999,electronics,daily,1606,234.55,376689.59,0.01189,0.011,365,0.0369,1.0304,0,29026.21,20414.33,0.9803,1
M01000,retail,weekly,321,97.81,31396.15,0.00667,0.00732,96,0.209,0.8624,0,4498.52,4082.83,0.6803,1
M01001,grocery,daily,1157,28.99,33541.28,0.00232,0.00275,98,0.2469,0.7967,0,5739.22,4552.81,0.0712,0
M01002,travel,daily,1555,385.32,599171.08,0.01268,0.01174,52,0.2747,0.9057,0,90652.98,68107.12,0.9956,1
M01003,grocery,daily,604,30.35,18332.44,0.00301,0.00336,102,0.1435,0.6902,0,1623.04,1354.06,0.11,0
M01004,fuel,twice_weekly,1063,74.79,79507.04,0.00433,0.00429,30,0.0799,0.7387,0,12631.8,11238.84,0.2121,1
M01005,digital_services,twice_weekly,1980,33.56,66439.92,0.00307,0.00521,8,0.4009,0.6345,0,9822.09,9169.14,0.3574,1
M01006,retail,daily,714,85.17,60814.37,0.00973,0.01472,153,0.0446,0.8348,0,5163.83,4020.56,0.9859,1
M01007,healthcare,daily,2765,158.19,437386.32,0.00164,0.00178,32,0.2436,0.7499,0,47552.69,38579.18,0.051,0
M01008,retail,twice_weekly,1721,116.75,200922.05,0.00299,0.00466,21,0.3933,0.9821,0,23797.47,18740.91,0.1805,0
M01009,marketplace,twice_weekly,544,50.04,27223.27,0.01292,0.01947,365,0.1362,0.8474,0,3487.32,2943.54,0.9994,1
M01010,travel,daily,2656,325.17,863652.14,0.02124,0.02049,15,0.02,0.8498,0,90914.15,70259.28,1.0,1
M01011,marketplace,weekly,2076,76.74,159308.25,0.01742,0.02505,139,0.2644,0.7044,0,27302.33,26742.54,1.0,1
M01012,digital_services,twice_weekly,1128,105.25,118717.21,0.01707,0.02337,9,0.1144,1.0144,0,10436.0,8077.17,1.0,1
M01013,travel,weekly,2806,389.47,1092843.35,0.023,0.02819,8,0.1184,0.6408,0,92879.47,93662.41,1.0,1
M01014,electronics,weekly,12661,383.86,4860014.06,0.0268,0.04244,35,0.2227,0.8778,0,826594.03,744421.11,1.0,1
M01015,retail,weekly,860,81.97,70491.18,0.005,0.00403,71,0.1665,0.8237,0,9213.4,8524.26,0.26,0
M01016,fuel,twice_weekly,485,34.11,16545.3,0.00228,0.00213,9,0.3366,0.7023,0,1965.79,1779.13,0.083,1
M01017,marketplace,twice_weekly,2182,49.36,107693.89,0.01059,0.01825,234,0.2071,1.0069,0,13184.1,10245.17,0.9973,1
M01018,restaurants,daily,1440,51.8,74589.79,0.00197,0.00308,62,0.0709,0.7631,0,12081.1,9739.95,0.0573,0
M01019,grocery,daily,1227,53.28,65379.5,0.0023,0.00304,131,0.2886,0.6956,0,6663.73,5545.51,0.0959,0
M01020,travel,twice_weekly,594,380.99,226306.9,0.01523,0.01551,37,0.2003,0.8362,0,38276.5,32488.2,0.9995,1
M01021,healthcare,daily,4033,164.16,662062.81,0.00044,0.00036,126,0.1111,0.7837,0,80123.24,63960.93,0.0159,0
M01022,restaurants,weekly,388,44.04,17088.65,0.00425,0.00631,24,0.0399,0.9829,0,2144.36,1828.65,0.24,0
M01023,electronics,daily,1495,311.66,465934.92,0.01273,0.00935,65,0.2322,0.8704,0,73182.77,55976.1,0.9891,1
M01024,gaming,daily,4110,63.69,261753.3,0.03699,0.05611,151,0.282,0.8147,0,36911.35,29024.99,1.0,1
M01025,marketplace,daily,2416,52.07,125810.54,0.01512,0.02453,48,0.2533,0.6738,0,7644.02,6425.39,1.0,1
M01026,retail,daily,4619,84.3,389383.89,0.00635,0.01011,32,0.0578,0.9281,0,53667.72,39858.56,0.7837,1
M01027,electronics,daily,2028,306.14,620848.29,0.02237,0.03464,54,0.2639,0.6005,1,60380.31,52459.79,1.0,1
M01028,retail,daily,239,60.35,14424.15,0.00811,0.0073,29,0.1203,0.7827,0,1715.11,1369.82,0.799,1
M01029,marketplace,weekly,1587,83.67,132790.56,0.00624,0.0108,0,0.1465,0.9066,0,17312.43,15364.61,0.8503,1
M01030,retail,daily,1591,101.91,162131.09,0.00291,0.00208,56,0.0462,0.5951,0,14159.07,12330.88,0.0799,0
M01031,digital_services,daily,452,102.42,46292.85,0.01416,0.02221,92,0.1765,0.702,0,4410.43,3659.39,0.9999,1
M01032,marketplace,daily,1620,39.47,63940.79,0.00931,0.00797,111,0.1266,0.6485,0,10152.92,8633.18,0.9231,1
M01033,gaming,daily,432,100.65,43479.41,0.01614,0.01305,131,0.192,0.7505,0,5485.05,4448.64,0.9994,1
M01034,healthcare,daily,1047,148.51,155491.49,0.00271,0.00477,124,0.2389,0.8457,0,9650.78,7473.77,0.1435,0
M01035,travel,twice_weekly,1752,183.4,321317.3,0.01051,0.01568,101,0.2308,0.6795,0,50380.13,46077.86,0.9973,1
M01036,digital_services,twice_weekly,1068,46.6,49774.08,0.01111,0.01458,4,0.2055,0.6748,0,8305.28,7612.65,0.9964,1
M01037,retail,daily,5350,97.28,520430.74,0.00549,0.00708,222,0.3588,0.932,0,80774.34,59867.92,0.629,0
M01038,retail,twice_weekly,773,123.47,95442.33,0.00267,0.00394,0,0.0825,0.7143,0,8257.66,7431.82,0.1167,0
M01039,travel,daily,705,388.86,274146.56,0.01863,0.01363,20,0.3656,0.6878,0,28229.12,23577.21,0.9999,1
M01040,grocery,daily,3832,33.86,129736.19,0.00171,0.00138,3,0.1543,0.5853,0,19287.38,16870.13,0.048,0
M01041,grocery,weekly,2601,34.71,90289.85,0.00265,0.00444,59,0.4381,1.0157,0,9967.17,8350.85,0.1336,0
M01042,marketplace,daily,1025,66.53,68193.27,0.01515,0.02028,1,0.0817,0.854,0,12118.22,9345.9,0.9998,1
M01043,marketplace,weekly,4876,54.49,265705.65,0.01119,0.02007,30,0.1846,0.5794,0,17839.07,18487.99,0.9994,1
M01044,marketplace,daily,2067,72.83,150543.4,0.01247,0.01989,21,0.271,0.7511,0,19357.15,15695.47,0.9996,1
M01045,grocery,daily,260,32.31,8400.76,0.00079,0.00125,135,0.1363,1.1064,0,910.16,613.49,0.0116,0
M01046,retail,daily,956,84.75,81018.87,0.0043,0.00682,54,0.3752,0.7648,0,11529.85,9287.69,0.5022,1
M01047,fuel,daily,815,37.07,30212.7,0.00222,0.00264,74,0.2264,0.7425,0,4360.78,3550.24,0.0704,0
M01048,restaurants,weekly,304,34.13,10375.5,0.0018,0.00174,45,0.3241,1.0277,0,796.43,662.95,0.0352,0
M01049,healthcare,daily,2581,156.16,403057.15,0.00358,0.00253,47,0.0843,0.9234,0,48358.31,36003.06,0.0829,0
M01050,retail,weekly,6575,83.31,547769.84,0.00271,0.00293,126,0.0978,0.8482,0,84823.01,77534.93,0.0899,0
M01051,marketplace,weekly,1783,64.93,115769.66,0.01801,0.03042,40,0.3532,0.7159,0,18371.73,17898.88,1.0,1
M01052,grocery,daily,2762,38.33,105860.35,0.0018,0.00142,103,0.1364,0.7826,0,6626.33,5292.51,0.0323,0
M01053,retail,daily,1834,57.41,105283.26,0.00682,0.00623,69,0.2981,0.7978,0,13669.18,10837.78,0.6826,1
M01054,grocery,daily,1294,42.49,54975.71,0.00281,0.00234,59,0.0662,0.9088,0,5880.95,4411.3,0.0481,0
M01055,retail,daily,554,104.45,57865.93,0.00674,0.01056,187,0.1708,0.8341,0,3548.16,2763.61,0.8576,1
M01056,marketplace,twice_weekly,2441,80.36,196168.69,0.00721,0.01115,25,0.1403,0.8482,0,22279.04,18797.97,0.9117,1
M01057,healthcare,daily,4597,72.41,332878.87,0.00239,0.00218,0,0.1456,0.6142,1,52618.11,45438.33,0.227,0
M01058,fuel,weekly,2269,41.08,93206.27,0.00287,0.00244,69,0.2971,0.7435,0,10705.47,10295.33,0.0998,0
M01059,digital_services,twice_weekly,2429,99.05,240581.5,0.00383,0.00665,117,0.1889,0.5815,1,17122.03,16364.92,0.7287,1
M01060,marketplace,daily,4533,66.3,300521.67,0.00702,0.00873,45,0.5335,0.9734,0,36599.53,26543.14,0.8791,1
M01061,electronics,twice_weekly,1245,306.28,381315.52,0.00497,0.00355,11,0.3469,0.8896,0,34422.07,28444.91,0.3281,1
M01062,digital_services,daily,865,83.18,71949.64,0.00618,0.00737,64,0.1901,0.5946,0,5702.89,4967.77,0.7516,1
M01063,retail,weekly,1022,84.98,86845.55,0.00642,0.00857,78,0.4141,0.9141,0,12498.07,11049.24,0.7958,1
M01064,digital_services,daily,1497,99.57,149054.6,0.01462,0.01818,101,0.2107,0.7539,0,10246.42,8296.97,0.9997,1
M01065,retail,weekly,759,54.57,41419.29,0.00851,0.00811,28,0.5933,0.8833,0,5210.6,4679.59,0.9257,1
M01066,electronics,twice_weekly,619,294.71,182423.93,0.00836,0.01017,43,0.0415,0.6262,0,12358.45,11579.65,0.9356,1
M01067,retail,weekly,744,94.62,70398.3,0.00251,0.00232,120,0.0234,0.6923,0,6732.63,6631.54,0.0592,0
M01068,marketplace,daily,726,49.72,36098.93,0.01507,0.02685,5,0.2372,0.8045,0,5807.25,4589.3,1.0,1
M01069,grocery,weekly,1146,56.76,65042.05,0.00238,0.00393,92,0.4054,0.9,0,9280.95,8264.88,0.1162,0
M01070,retail,daily,2513,64.27,161513.68,0.0087,0.0076,167,0.3514,1.0675,0,25053.3,17262.47,0.8506,1
M01071,healthcare,twice_weekly,533,154.21,82192.45,0.00395,0.00399,146,0.4063,0.8354,0,7555.94,6415.86,0.2374,0
M01072,digital_services,daily,1172,128.57,150686.64,0.0227,0.01951,68,0.1261,0.8728,0,21346.8,16308.42,1.0,1
M01073,travel,daily,955,301.46,287897.34,0.02302,0.03985,19,0.09,0.9013,0,42869.6,32280.62,1.0,1
M01074,electronics,daily,6726,289.68,1948388.1,0.01787,0.02488,18,0.1747,0.828,0,173260.09,135355.41,1.0,1
M01075,restaurants,daily,536,38.71,20746.87,0.00449,0.00658,77,0.1064,0.9825,0,2687.85,1939.91,0.2961,1
M01076,retail,daily,302,62.24,18795.21,0.00439,0.00653,38,0.1746,0.8772,0,2048.34,1561.44,0.3514,0
M01077,digital_services,weekly,6962,70.3,489450.84,0.01024,0.01593,45,0.3337,0.4714,0,44413.4,48211.39,0.9982,1
M01078,gaming,daily,1747,136.06,237692.16,0.02226,0.02346,24,0.1299,0.5706,0,17099.06,15052.41,1.0,1
M01079,digital_services,twice_weekly,811,112.96,91609.59,0.01143,0.00837,0,0.2183,0.89,1,9953.02,8223.15,0.9897,1
M01080,retail,daily,1032,72.82,75155.28,0.0109,0.01665,3,0.0717,1.1093,0,4846.81,3261.55,0.9938,1
M01081,retail,twice_weekly,258,89.55,23105.13,0.00528,0.00532,110,0.2022,0.603,0,3940.91,3731.07,0.4739,0
M01082,healthcare,twice_weekly,3647,169.54,618306.29,0.00412,0.00573,14,0.278,0.804,0,74611.68,64337.65,0.395,1
M01083,healthcare,daily,4394,102.47,450247.95,0.00173,0.00205,24,0.0674,0.8844,1,80847.49,61402.68,0.1069,0
M01084,restaurants,twice_weekly,1747,35.37,61793.55,0.0036,0.00562,81,0.2286,1.1248,0,6638.28,4829.88,0.1717,0
M01085,electronics,weekly,1258,238.99,300650.14,0.01715,0.01303,63,0.1841,0.9299,0,26329.45,23088.38,0.9994,1
M01086,restaurants,twice_weekly,740,51.81,38342.29,0.00577,0.01014,69,0.5134,0.9564,0,5189.14,4142.49,0.8362,1
M01087,restaurants,daily,750,43.74,32806.29,0.00271,0.0032,195,0.4859,0.8934,0,3612.52,2731.18,0.1278,0
M01088,restaurants,daily,1235,43.06,53183.21,0.00361,0.00434,35,0.2496,0.4823,0,7678.13,7020.17,0.2907,0
M01089,gaming,twice_weekly,2177,142.21,309589.63,0.02705,0.03844,15,0.282,0.8765,0,41850.37,34813.28,1.0,1
M01090,travel,daily,745,327.2,243763.02,0.01849,0.02676,124,0.1759,0.5056,0,42482.23,38461.19,1.0,1
M01091,retail,twice_weekly,1056,97.95,103439.1,0.00618,0.00691,72,0.3959,0.8479,0,14181.35,11967.58,0.689,1
M01092,digital_services,daily,4234,78.5,332369.43,0.01248,0.01085,80,0.1157,0.7824,0,59521.16,47544.19,0.9918,1
M01093,retail,twice_weekly,2307,71.41,164732.4,0.00356,0.00472,101,0.1961,0.916,0,18938.81,15440.64,0.1769,1
M01094,retail,daily,4347,39.75,172814.75,0.0082,0.01446,48,0.1134,0.6921,0,28210.52,23514.48,0.9803,1
M01095,digital_services,daily,1330,168.82,224535.91,0.02251,0.03529,93,0.04,0.668,0,25606.3,21581.56,1.0,1
M01096,retail,weekly,1741,91.38,159087.05,0.00371,0.00462,127,0.1267,0.8613,0,28282.96,25684.45,0.1825,0
M01097,fuel,weekly,1747,44.2,77220.88,0.00663,0.00612,6,0.3028,0.6106,0,4701.27,4805.47,0.7189,1
M01098,restaurants,weekly,963,55.35,53303.64,0.00245,0.00432,117,0.1599,0.7058,0,7517.58,7358.53,0.1246,0
M01099,healthcare,weekly,593,109.51,64940.33,0.00506,0.00877,163,0.0654,0.6887,0,9638.35,9509.62,0.6212,1
M01100,fuel,daily,1892,54.91,103893.2,0.00164,0.00208,18,0.0459,0.7176,0,9141.62,7530.03,0.0373,1
M01101,grocery,daily,1281,32.29,41366.36,0.00235,0.00179,22,0.2237,0.9577,0,7230.92,5287.76,0.0422,0
M01102,retail,daily,5877,74.24,436292.78,0.01232,0.01668,72,0.1029,0.8647,0,47390.58,36352.79,0.998,1
M01103,restaurants,daily,1026,40.95,42009.88,0.00127,0.00107,50,0.1106,1.1296,0,5317.8,3536.89,0.0134,0
M01104,restaurants,daily,3422,56.18,192254.21,0.00494,0.00609,39,0.1203,0.8632,0,32891.45,25249.69,0.3755,1
M01105,grocery,weekly,1634,45.07,73641.24,0.00159,0.00196,162,0.2571,0.9093,0,10033.95,8892.92,0.0358,0
M01106,restaurants,daily,2459,28.81,70855.03,0.00406,0.00307,36,0.033,0.9199,0,5663.35,4223.99,0.1,0
M01107,grocery,daily,1920,54.34,104329.21,0.00309,0.00343,42,0.1513,0.7796,0,17217.74,13771.73,0.108,0
M01108,retail,daily,634,85.88,54448.63,0.00693,0.00699,78,0.3715,0.6313,0,4006.19,3433.07,0.8064,1
M01109,electronics,daily,1437,389.56,559797.93,0.01528,0.01422,21,0.3164,0.8454,0,94141.5,72914.38,0.9995,1
M01110,fuel,daily,429,50.16,21517.95,0.00473,0.00637,77,0.2695,0.6492,0,1464.32,1244.73,0.4895,1
M01111,fuel,twice_weekly,595,55.73,33161.81,0.00246,0.00345,0,0.1387,0.8486,0,2278.42,1922.01,0.0779,0
M01112,travel,daily,566,198.51,112357.74,0.0185,0.01425,43,0.1915,0.536,0,6835.67,6108.72,0.9999,1
M01113,digital_services,twice_weekly,3639,131.93,480082.39,0.01489,0.02398,62,0.2114,0.6872,0,42474.3,38709.61,1.0,1
M01114,electronics,weekly,1487,316.34,470397.94,0.0103,0.01555,198,0.3451,0.7761,0,82100.13,77738.79,0.9971,1
M01115,electronics,twice_weekly,2056,258.61,531699.78,0.00968,0.00806,55,0.0738,0.9296,0,33926.27,27465.09,0.9028,1
M01116,grocery,twice_weekly,6487,42.53,275915.68,0.00139,0.00195,84,0.02,0.8648,0,44971.79,37631.99,0.0259,0
M01117,grocery,daily,1056,16.86,17809.21,0.00288,0.00449,4,0.1634,0.8148,1,1715.12,1348.57,0.3142,1
M01118,restaurants,daily,780,37.28,29082.07,0.00559,0.00823,158,0.4592,0.8515,0,3417.1,2638.54,0.7318,1
M01119,retail,daily,2128,92.89,197665.03,0.00507,0.00829,41,0.188,0.9646,0,26531.08,19331.03,0.5518,0
M01120,healthcare,weekly,5092,180.17,917436.18,0.00269,0.00389,235,0.4741,0.8276,0,76419.32,70567.52,0.2023,0
M01121,marketplace,twice_weekly,1378,75.76,104400.19,0.00397,0.00682,16,0.0823,0.6254,0,10960.21,10273.23,0.432,0
M01122,grocery,daily,1501,54.68,82081.1,0.00207,0.00215,15,0.0745,0.8235,0,14740.4,11540.88,0.0412,0
M01123,restaurants,daily,916,30.73,28146.49,0.00762,0.01245,133,0.2745,1.105,0,2308.29,1557.16,0.9259,1
M01124,fuel,weekly,3645,55.02,200555.31,0.00234,0.00235,167,0.0964,0.904,0,17182.88,15270.15,0.0445,0
M01125,travel,twice_weekly,4102,311.23,1276681.15,0.00611,0.00955,228,0.0433,0.766,0,94469.11,82971.4,0.836,1
M01126,digital_services,daily,1724,128.69,221866.02,0.01997,0.01612,106,0.3705,0.8458,0,25881.04,20040.99,1.0,1
M01127,gaming,weekly,315,125.89,39655.64,0.02563,0.01963,48,0.1254,0.5458,0,6948.58,7307.61,1.0,1
M01128,marketplace,twice_weekly,1028,54.79,56320.76,0.0002,0.00032,9,0.435,0.8262,0,9276.59,7912.71,0.0234,0
M01129,marketplace,twice_weekly,2321,65.46,151934.61,0.01945,0.02683,13,0.267,0.7309,0,22249.62,19869.46,1.0,1
M01130,electronics,daily,652,313.56,204440.81,0.00719,0.00808,44,0.2246,0.6779,0,13677.01,11475.15,0.8492,1
M01131,electronics,daily,1453,165.48,240445.68,0.01801,0.0222,10,0.0484,0.5784,1,19552.61,17153.64,1.0,1
M01132,gaming,weekly,3677,142.75,524906.72,0.02511,0.03603,104,0.2766,0.4958,0,41881.6,44997.34,1.0,1
M01133,grocery,twice_weekly,611,33.1,20225.11,0.0027,0.00289,174,0.1462,0.8416,0,2790.98,2362.67,0.0683,0
M01134,marketplace,daily,1792,79.64,142721.41,0.01441,0.02066,12,0.3434,0.5806,0,21250.18,18624.81,0.9999,1
M01135,electronics,twice_weekly,1893,146.35,277048.01,0.02494,0.02885,50,0.1776,0.5305,0,33371.72,32610.98,1.0,1
M01136,retail,daily,130,58.57,7613.47,0.0074,0.011,37,0.1755,0.7409,0,773.93,630.56,0.916,1
M01137,travel,weekly,758,290.81,220430.55,0.02446,0.03067,15,0.3917,0.6822,0,22024.55,21795.44,1.0,1
M01138,travel,daily,496,256.55,127249.8,0.03186,0.03498,77,0.2471,0.7438,0,20165.27,16406.97,1.0,1
M01139,grocery,twice_weekly,3731,48.82,182159.13,0.00174,0.00309,114,0.1916,0.8257,0,24556.13,20951.46,0.0574,0
M01140,marketplace,daily,718,77.94,55962.83,0.01515,0.01437,8,0.1999,0.7294,1,8171.14,6693.55,0.9998,1
M01141,retail,daily,1012,57.22,57905.23,0.00496,0.00652,78,0.2501,0.8113,0,3586.52,2824.93,0.4707,1
M01142,restaurants,daily,2427,33.59,81515.77,0.00342,0.00284,11,0.2111,0.9309,0,9542.21,7076.5,0.1001,0
M01143,restaurants,twice_weekly,1152,45.79,52750.35,0.0034,0.00375,22,0.0574,1.2197,0,8580.94,5901.25,0.0642,0
M01144,restaurants,daily,2189,57.04,124861.34,0.0041,0.00714,124,0.3297,1.0333,0,11333.48,7958.27,0.3735,0
M01145,travel,daily,9682,330.49,3199775.95,0.0099,0.0133,181,0.4584,0.5734,0,435633.86,383034.79,0.9989,1
M01146,retail,twice_weekly,954,107.8,102838.82,0.00067,0.00076,27,0.4498,0.996,0,16875.79,13191.29,0.0227,0
M01147,restaurants,daily,2064,49.07,101273.46,0.00419,0.00524,95,0.1643,0.7783,0,14095.59,11281.37,0.2758,0
M01148,restaurants,daily,2722,49.84,135659.36,0.00606,0.00959,24,0.1054,0.7825,0,21649.31,17292.01,0.7712,1
M01149,gaming,daily,3783,98.71,373434.34,0.03883,0.0417,2,0.4075,0.4214,0,46490.54,43596.84,1.0,1
M01150,healthcare,weekly,2441,131.27,320422.43,0.00245,0.00405,142,0.062,1.0763,0,45762.02,37080.17,0.0628,1
M01151,fuel,daily,935,54.41,50872.64,0.00396,0.00708,24,0.1018,0.7847,0,8417.77,6716.56,0.3485,0
M01152,healthcare,daily,1094,122.38,133882.58,0.0021,0.0024,113,0.4345,0.5719,0,24022.85,21135.56,0.1217,0
M01153,grocery,daily,1859,52.91,98362.3,0.00144,0.00117,48,0.2434,0.8555,0,11591.96,8933.22,0.0278,0
M01154,fuel,daily,3295,59.86,197231.37,0.00288,0.0024,50,0.1154,0.6654,0,31938.26,26949.73,0.0874,0
M01155,gaming,daily,7011,121.96,855089.94,0.01876,0.01471,25,0.4867,0.5606,0,84795.39,74972.18,1.0,1
M01156,grocery,daily,766,32.83,25145.56,0.00109,0.00141,63,0.0977,1.103,0,2711.69,1831.32,0.0131,0
M01157,grocery,daily,1390,39.71,55192.37,0.00108,0.00084,150,0.1781,1.007,0,8038.39,5725.78,0.0149,0
M01158,grocery,daily,1845,51.24,94532.58,0.0017,0.0016,106,0.3074,0.6586,0,12417.76,10510.77,0.0541,0
M01159,travel,weekly,1849,302.95,560162.46,0.00485,0.00756,70,0.3103,0.8367,0,39749.66,36542.48,0.6475,1
M01160,restaurants,daily,1998,44.9,89704.49,0.00651,0.00905,103,0.2275,0.7903,0,8022.11,6383.42,0.7981,0
M01161,grocery,daily,1687,55.52,93656.8,0.00126,0.00122,4,0.0819,1.0401,0,7683.33,5375.07,0.0156,0
M01162,marketplace,weekly,1951,53.54,104448.92,0.01188,0.01252,74,0.2089,0.6442,0,11340.54,11418.82,0.9948,1
M01163,restaurants,weekly,1312,36.13,47407.65,0.00668,0.00964,57,0.2112,0.9629,0,3612.18,3113.27,0.7893,0
M01164,fuel,twice_weekly,11120,41.37,459980.61,0.00419,0.00307,84,0.2195,0.8625,0,82613.87,69208.95,0.1826,1
M01165,fuel,daily,2062,80.29,165565.49,0.00169,0.00125,76,0.0271,1.0303,0,10212.5,7182.95,0.0168,0
M01166,healthcare,daily,703,150.19,105586.14,0.00405,0.00651,54,0.3117,0.7933,0,16630.83,13214.34,0.4035,0
M01167,restaurants,daily,778,73.34,57059.61,0.00816,0.00604,97,0.2557,0.8229,0,8641.32,6767.59,0.76,1
M01168,gaming,daily,1692,107.87,182513.1,0.01843,0.02201,55,0.228,0.8025,0,28794.51,22777.37,1.0,1
M01169,restaurants,daily,697,32.43,22601.26,0.00466,0.00682,270,0.2811,0.8475,0,2484.21,1922.09,0.4539,1
M01170,grocery,daily,5948,49.79,296166.34,0.00329,0.00576,37,0.3463,0.7697,0,51667.7,41523.09,0.3113,0
M01171,retail,daily,2465,101.9,251179.78,0.01015,0.01133,38,0.3368,0.6782,0,32601.98,27349.79,0.9856,1
M01172,marketplace,twice_weekly,2613,68.98,180256.34,0.00803,0.01354,174,0.3341,0.6097,0,27620.21,26071.22,0.9852,1
M01173,retail,daily,1890,100.77,190460.58,0.00314,0.00333,5,0.2181,1.3335,0,33378.92,20194.25,0.0621,0
M01174,restaurants,daily,2008,35.31,70905.72,0.00361,0.00435,133,0.3959,0.7949,0,6774.58,5378.71,0.2422,0
M01175,gaming,twice_weekly,3563,140.79,501647.41,0.03012,0.03787,128,0.2971,0.9795,0,36729.84,28965.16,1.0,1
M01176,restaurants,weekly,960,33.69,32345.64,0.00637,0.01145,7,0.0509,0.8383,0,4817.39,4425.17,0.8517,1
M01177,travel,daily,3122,203.5,635336.24,0.00613,0.00794,46,0.4148,0.6322,0,75632.86,64787.14,0.8737,1
M01178,retail,daily,325,95.13,30916.41,0.00761,0.00556,11,0.0824,0.7765,0,2259.51,1809.99,0.64,0
M01179,fuel,daily,1105,62.41,68958.68,0.00151,0.00113,176,0.047,1.2534,0,11744.3,7251.32,0.0109,0
M01180,fuel,daily,1938,47.22,91503.44,0.00273,0.0047,3,0.1192,0.9117,0,15868.08,11885.15,0.1139,0
M01181,restaurants,twice_weekly,227,47.53,10788.4,0.00375,0.00401,150,0.0393,1.1343,0,1439.94,1041.94,0.0841,0
M01182,grocery,daily,2127,44.14,93896.4,0.00312,0.00553,47,0.2213,0.8978,0,13451.35,10147.03,0.1824,1
M01183,grocery,daily,1117,35.09,39196.24,0.00132,0.00237,196,0.4118,1.0236,0,2459.89,1736.43,0.0385,0
M01184,fuel,daily,146,43.67,6375.43,0.00284,0.00358,62,0.4208,0.9156,0,730.41,545.98,0.1254,0
M01185,fuel,daily,2017,71.96,145143.14,0.0065,0.01144,42,0.0568,1.0409,1,20355.46,14233.97,0.9256,1
M01186,restaurants,daily,1570,26.9,42239.13,0.00321,0.00433,50,0.1119,0.889,0,7281.81,5517.56,0.12,0
M01187,retail,daily,2176,106.08,230834.9,0.00728,0.00944,153,0.1782,0.7214,0,30744.13,25280.01,0.8769,1
M01188,electronics,weekly,507,281.33,142636.63,0.00402,0.00698,10,0.1752,0.8197,0,15530.44,14397.62,0.4263,0
M01189,grocery,twice_weekly,8537,37.61,321052.76,0.00217,0.00263,212,0.1201,0.8837,0,37660.59,31214.18,0.0504,0
M01190,marketplace,daily,1590,97.42,154902.42,0.00603,0.006,34,0.1544,0.9218,0,12041.17,8972.07,0.501,1
M01191,travel,daily,448,297.76,133398.15,0.01891,0.02904,32,0.2813,0.8893,0,16854.3,12768.88,1.0,1
M01192,retail,twice_weekly,1887,32.97,62216.09,0.00512,0.00499,66,0.0867,0.6612,0,4315.8,3980.45,0.3582,1
M01193,healthcare,daily,2748,119.04,327119.83,0.00319,0.00536,109,0.1239,0.6738,0,43935.36,36931.63,0.2318,0
M01194,electronics,daily,1533,283.71,434926.04,0.00263,0.00298,131,0.1277,0.6533,0,34516.96,29287.49,0.1171,0
M01195,healthcare,twice_weekly,1109,113.26,125607.82,0.00055,0.00095,11,0.0504,0.5993,0,17744.57,16827.17,0.0213,0
M01196,fuel,daily,920,50.12,46112.79,0.00123,0.00221,57,0.0611,0.8338,0,6095.05,4747.97,0.0264,0
M01197,fuel,daily,1503,47.27,71049.46,0.00073,0.00081,11,0.187,1.0179,0,11041.9,7819.04,0.0137,0
M01198,marketplace,daily,1440,47.82,68861.55,0.01263,0.01008,38,0.0364,0.8128,0,6494.32,5111.55,0.9855,1
M01199,retail,daily,1031,95.37,98325.88,0.00616,0.00887,113,0.2652,0.5632,0,7258.0,6410.04,0.8338,1
M01200,marketplace,daily,3134,86.38,270702.86,0.0101,0.01014,50,0.114,1.0094,0,45375.47,32279.98,0.9538,1
M01201,digital_services,weekly,1870,117.48,219682.0,0.01119,0.00819,15,0.0902,0.4553,0,19615.56,21436.33,0.9778,1
M01202,digital_services,daily,3815,134.43,512836.88,0.02323,0.02874,74,0.0663,0.7543,0,45285.1,36662.84,1.0,1
M01203,restaurants,daily,704,32.89,23153.32,0.00094,0.00137,145,0.3337,0.7789,0,1496.57,1197.42,0.0322,0
M01204,marketplace,twice_weekly,1045,49.2,51414.82,0.01071,0.01428,9,0.2204,0.6316,0,7978.22,7457.58,0.9954,1
M01205,grocery,daily,1671,43.4,72513.54,0.00134,0.0019,184,0.1063,1.0249,0,11050.87,7795.44,0.0201,0
M01206,grocery,daily,2118,37.76,79975.83,0.00191,0.00156,75,0.3611,0.6656,0,5657.29,4773.41,0.062,0
M01207,digital_services,daily,3697,93.36,345136.58,0.01558,0.01588,39,0.1718,0.5802,0,23416.03,20527.38,0.9997,1
M01208,gaming,twice_weekly,1022,151.93,155274.83,0.02208,0.03945,39,0.158,0.767,0,25432.69,22326.11,1.0,1
M01209,retail,daily,3767,93.41,351871.0,0.01061,0.01009,25,0.1298,0.7679,0,49129.13,39516.8,0.9733,1
M01210,travel,twice_weekly,1492,347.57,518580.34,0.01765,0.01937,25,0.4602,0.8868,0,65581.35,54271.32,1.0,1
M01211,restaurants,weekly,3537,37.38,132220.68,0.0022,0.00218,121,0.3112,0.9432,0,23794.59,20721.54,0.0574,0
M01212,restaurants,twice_weekly,2884,48.94,141146.72,0.00456,0.00695,7,0.3868,0.7643,0,18724.34,16458.79,0.5648,0
M01213,digital_services,weekly,2283,73.05,166780.06,0.01279,0.01476,10,0.1918,0.5841,0,13912.61,14388.94,0.9986,1
M01214,retail,twice_weekly,3466,70.97,245992.5,0.00404,0.00308,23,0.0559,0.631,0,29270.12,27367.18,0.1729,0
M01215,retail,weekly,422,96.73,40818.12,0.00571,0.00502,4,0.2666,0.5498,0,3150.65,3307.7,0.5647,1
M01216,gaming,weekly,957,105.24,100715.1,0.02161,0.02489,25,0.111,0.9229,0,17947.2,15795.23,1.0,1
M01217,retail,twice_weekly,1593,76.08,121192.61,0.00626,0.00941,28,0.45,0.8327,0,13336.81,11340.04,0.855,1
M01218,digital_services,twice_weekly,2240,120.13,269084.89,0.01122,0.01978,168,0.3768,0.623,0,34091.0,31988.66,0.9996,1
M01219,marketplace,weekly,431,81.01,34914.63,0.00749,0.01159,185,0.1953,0.6843,0,4248.74,4200.52,0.9466,1
M01220,grocery,daily,986,33.59,33118.05,0.00269,0.00283,36,0.0243,0.9567,0,3745.56,2740.47,0.046,0
M01221,grocery,twice_weekly,955,45.04,43016.9,0.00248,0.00198,63,0.0375,0.8464,0,3781.03,3193.18,0.039,0
M01222,fuel,daily,952,52.78,50246.82,0.00404,0.00726,38,0.065,1.0597,0,4434.31,3068.61,0.2536,0
M01223,healthcare,weekly,1315,126.02,165711.54,0.00156,0.00252,2,0.266,0.7799,0,26150.84,24716.03,0.0615,0
M01224,digital_services,daily,1567,93.68,146802.26,0.00921,0.01191,175,0.0891,0.7462,0,14480.41,11768.39,0.9715,1
M01225,fuel,twice_weekly,339,73.01,24748.94,0.00553,0.00878,177,0.1317,0.7974,0,3080.47,2664.94,0.6477,1
M01226,healthcare,twice_weekly,983,79.21,77867.07,0.00245,0.00359,38,0.3026,0.4906,0,11792.48,11720.95,0.1713,0
M01227,travel,weekly,700,300.77,210542.47,0.01535,0.02694,40,0.2876,0.8037,0,18259.89,17060.55,1.0,1
M01228,travel,daily,830,149.13,123781.26,0.01923,0.02128,35,0.02,0.5606,0,15543.94,13743.35,1.0,1
M01229,electronics,twice_weekly,1782,332.1,591802.78,0.01181,0.01854,7,0.4557,0.9802,0,105550.33,83205.61,0.9994,1
M01230,grocery,twice_weekly,863,40.45,34907.21,0.00352,0.00323,17,0.5466,0.9586,0,6070.98,4840.81,0.1753,0
M01231,fuel,weekly,736,53.7,39519.91,0.00189,0.0015,2,0.1776,0.7151,0,6070.57,5916.61,0.0452,0
M01232,digital_services,weekly,938,107.96,101267.32,0.01277,0.01658,145,0.2056,0.7807,0,9026.33,8527.87,0.9989,1
M01233,fuel,daily,988,82.03,81046.65,0.00337,0.00436,35,0.1255,0.7509,0,13708.41,11115.96,0.1586,0
M01234,marketplace,daily,836,64.6,54008.28,0.02192,0.03273,57,0.392,0.8516,0,4445.12,3432.27,1.0,1
M01235,fuel,daily,2133,64.9,138433.85,0.00319,0.00402,142,0.1241,0.9095,0,16795.73,12593.99,0.1073,0
M01236,grocery,weekly,738,45.44,33534.4,0.00136,0.00125,38,0.1581,0.7485,0,2898.52,2780.88,0.0275,0
M01237,fuel,daily,7328,68.03,498488.77,0.00409,0.00303,21,0.1204,0.6559,0,73163.36,62004.58,0.1981,0
M01238,travel,twice_weekly,1236,239.05,295466.37,0.0002,0.00021,93,0.1977,0.646,0,40468.1,37581.23,0.0234,0
M01239,fuel,twice_weekly,1782,72.65,129466.81,0.00237,0.00355,163,0.4065,0.808,0,20743.66,17852.73,0.125,0
M01240,grocery,daily,1653,43.91,72579.68,0.00273,0.00235,121,0.1309,0.8197,0,9258.3,7262.24,0.0603,0
M01241,healthcare,daily,1480,132.29,195793.86,0.00248,0.00313,38,0.1539,0.8459,0,32844.33,25432.48,0.0765,0
M01242,retail,daily,962,98.49,94751.91,0.0041,0.00716,29,0.227,0.9857,0,14865.33,10710.6,0.3616,0
M01243,retail,weekly,2968,52.94,157136.87,0.00119,0.00098,32,0.0661,0.7937,0,10168.6,9546.87,0.0209,0
M01244,grocery,daily,1024,36.71,37586.09,0.00306,0.00506,158,0.1729,0.812,0,4499.54,3542.83,0.16,0
M01245,retail,daily,4255,73.91,314472.29,0.00813,0.01191,91,0.3231,0.6949,0,48045.11,39995.08,0.9706,1
M01246,retail,twice_weekly,486,103.85,50469.84,0.0061,0.0086,53,0.0897,0.5717,0,7734.23,7423.92,0.7637,1
M01247,digital_services,daily,1378,78.21,107778.37,0.01434,0.02141,161,0.3815,0.8298,0,8638.3,6742.36,0.9999,1
M01248,fuel,weekly,344,77.55,26677.49,0.00457,0.00583,93,0.2053,0.5937,0,3618.97,3726.98,0.4247,0
M01249,healthcare,daily,1308,111.03,145224.51,0.00259,0.00431,56,0.1508,0.8689,0,24249.47,18561.99,0.1052,0
M01250,healthcare,daily,659,74.42,49044.68,0.00375,0.00532,63,0.0932,1.1002,0,4832.63,3268.82,0.1383,0
M01251,grocery,daily,828,48.19,39903.6,0.00198,0.00151,8,0.1383,0.5471,0,6924.78,6158.64,0.0552,0
M01252,grocery,daily,1031,44.71,46094.67,0.0002,0.00029,102,0.2827,0.8707,0,6187.7,4732.19,0.0126,0
M01253,grocery,daily,1965,57.14,112271.35,0.00274,0.00415,17,0.1302,1.0389,0,17057.47,11940.55,0.0794,0
M01254,digital_services,twice_weekly,1177,103.52,121838.33,0.0208,0.03147,12,0.1304,1.0286,0,12664.15,9725.99,1.0,1
M01255,grocery,daily,614,43.07,26444.29,0.00139,0.00158,125,0.3732,0.8972,0,4395.18,3316.44,0.0356,0
M01256,restaurants,daily,1500,59.89,89841.28,0.00063,0.00074,3,0.1081,0.504,0,11212.18,10157.67,0.0267,0
M01257,restaurants,daily,406,41.2,16728.32,0.00368,0.0045,78,0.213,0.6648,0,1819.8,1536.02,0.2319,0
M01258,restaurants,daily,775,46.92,36366.6,0.00152,0.00126,210,0.3245,0.7502,0,6047.89,4905.91,0.042,0
M01259,gaming,weekly,1110,117.37,130281.31,0.00869,0.01026,229,0.3095,0.4361,0,15531.36,17108.85,0.9798,1
M01260,electronics,daily,2341,284.59,666234.98,0.01508,0.01262,116,0.3433,0.9573,0,53988.06,39489.49,0.9987,1
M01261,grocery,weekly,2382,51.16,121856.35,0.00117,0.00145,68,0.3143,0.9598,0,8797.85,7595.03,0.0259,0
M01262,retail,daily,4492,92.02,413358.8,0.0096,0.01186,12,0.061,0.8791,0,32186.87,24511.58,0.9669,1
M01263,retail,daily,2275,100.35,228306.07,0.0011,0.00166,46,0.02,0.8765,0,27955.41,21317.02,0.0207,0
M01264,electronics,daily,6897,172.82,1191935.85,0.0002,0.00018,99,0.1923,0.5578,0,103249.88,91401.62,0.0295,0
M01265,digital_services,daily,2729,96.27,262726.77,0.01182,0.01362,96,0.4231,0.6002,0,28615.66,24864.87,0.9978,1
M01266,restaurants,twice_weekly,2095,43.5,91134.65,0.00657,0.01087,73,0.2053,0.7331,0,5486.86,4894.77,0.8838,1
M01267,fuel,daily,463,48.83,22607.03,0.00329,0.00515,8,0.2794,0.8059,0,3829.62,3024.4,0.2241,0
M01268,electronics,daily,4162,295.38,1229358.18,0.01205,0.01287,32,0.1106,0.8232,0,218399.25,171021.65,0.9965,1
M01269,gaming,twice_weekly,508,64.94,32987.12,0.0185,0.01726,4,0.1342,0.5963,0,3743.18,3554.28,1.0,1
M01270,gaming,twice_weekly,1667,126.18,210347.67,0.00794,0.00741,51,0.1232,0.4092,0,16788.26,17260.34,0.9121,1
M01271,electronics,weekly,749,282.97,211943.97,0.00476,0.00623,17,0.3928,0.8871,0,26603.01,23846.08,0.5256,1
M01272,retail,weekly,2510,82.3,206583.14,0.00729,0.01028,5,0.1535,0.6615,0,26108.74,26082.69,0.9141,1
M01273,retail,twice_weekly,1041,80.17,83453.99,0.00819,0.00628,8,0.1474,0.7443,0,9400.54,8341.94,0.7806,1
M01274,digital_services,twice_weekly,3438,123.06,423073.35,0.02372,0.04214,100,0.4748,0.8379,0,39167.85,33218.04,1.0,1
M01275,grocery,twice_weekly,620,41.66,25827.29,0.00239,0.00231,24,0.3939,0.9174,0,2658.23,2165.63,0.0702,0
M01276,retail,daily,1930,80.0,154402.66,0.0002,0.00031,15,0.1075,0.4921,0,26005.24,23678.82,0.0206,0
M01277,fuel,twice_weekly,1031,69.67,71834.11,0.00434,0.00658,187,0.0483,0.5794,0,8278.63,7919.62,0.3991,0
M01278,grocery,daily,1251,51.27,64132.99,0.00365,0.00273,17,0.0512,0.9476,0,5282.36,3883.55,0.074,0
M01279,healthcare,twice_weekly,1227,161.28,197895.84,0.0054,0.0047,66,0.0286,0.7864,0,15075.36,13111.31,0.2973,1
M01280,digital_services,weekly,361,102.82,37117.75,0.01555,0.02733,35,0.2295,0.8208,1,3224.52,2987.69,1.0,1
M01281,retail,daily,2679,89.39,239478.76,0.00536,0.00823,165,0.3445,0.7763,1,31613.66,25326.5,0.8834,1
M01282,retail,weekly,1737,78.89,137025.16,0.0088,0.01415,137,0.0762,0.6872,0,11284.75,11141.76,0.9815,1
M01283,travel,weekly,1999,398.39,796375.98,0.0017,0.0015,33,0.02,0.7042,0,107852.29,105652.07,0.0589,0
M01284,digital_services,daily,669,84.86,56772.89,0.01649,0.01402,1,0.1207,0.6539,0,4950.63,4199.31,0.9996,1
M01285,healthcare,daily,1830,91.59,167610.33,0.00251,0.00197,15,0.2834,0.588,0,23520.7,20548.33,0.1016,1
M01286,electronics,weekly,2781,263.62,733136.02,0.02211,0.02702,172,0.2449,0.9522,1,98293.48,85194.8,1.0,1
M01287,retail,weekly,666,122.07,81301.68,0.00581,0.00691,6,0.0575,0.8273,0,12618.79,11654.65,0.5297,1
M01288,retail,daily,1112,108.33,120466.41,0.00494,0.00865,57,0.0864,0.8715,0,12439.52,9509.54,0.5476,0
M01289,travel,daily,2556,305.63,781188.14,0.03147,0.04252,3,0.2526,0.5783,0,126472.23,110961.04,1.0,1
M01290,digital_services,twice_weekly,2883,94.81,273342.86,0.0002,0.00035,159,0.0414,0.6375,0,43089.45,40169.31,0.0176,0
M01291,travel,daily,1778,394.74,701855.17,0.02201,0.02464,5,0.5183,0.7335,0,76696.51,62706.66,1.0,1
M01292,marketplace,daily,3057,93.88,286998.17,0.00506,0.00616,225,0.1646,0.6018,0,27743.73,24090.11,0.5501,1
M01293,digital_services,daily,569,117.78,67018.18,0.00283,0.0026,48,0.1543,0.8355,0,6323.58,4921.88,0.085,0
M01294,retail,daily,2622,32.88,86204.75,0.00798,0.00627,37,0.1432,0.8419,0,13327.3,10340.3,0.7226,1
M01295,retail,daily,2691,74.38,200161.37,0.00318,0.00458,29,0.2763,0.9131,0,32739.81,24504.74,0.1751,1
M01296,retail,twice_weekly,2238,63.32,141710.82,0.00886,0.00905,50,0.4575,0.7625,0,10245.61,9013.69,0.9489,0
M01297,grocery,twice_weekly,1378,40.62,55981.13,0.0013,0.00167,3,0.2791,0.8255,0,6954.41,5934.2,0.0362,0
M01298,fuel,twice_weekly,3587,64.47,231266.21,0.00184,0.00301,2,0.2601,1.1277,0,30121.5,21879.07,0.0456,0
M01299,marketplace,daily,2242,78.8,176676.02,0.00763,0.01072,1,0.099,0.5947,0,11303.86,9845.99,0.9388,1
M01300,retail,daily,627,88.46,55462.38,0.00528,0.0071,37,0.4029,0.7405,0,6347.5,5172.7,0.6487,1
M01301,fuel,daily,807,61.08,49289.95,0.00158,0.00112,78,0.0614,0.8518,0,7754.53,5986.83,0.0215,0
M01302,digital_services,daily,845,97.16,82096.81,0.00895,0.0141,23,0.3386,0.6362,0,12709.54,10867.23,0.9916,1
M01303,restaurants,daily,1979,52.43,103765.78,0.00371,0.00359,80,0.1224,0.6873,0,8430.81,7042.87,0.1609,0
M01304,retail,daily,1059,105.18,111385.63,0.00637,0.00729,14,0.0338,0.8172,0,8235.1,6467.81,0.6062,1
M01305,restaurants,daily,5202,41.03,213412.54,0.00281,0.00447,213,0.343,0.958,0,29711.82,21724.07,0.1475,0
M01306,healthcare,daily,964,87.8,84640.58,0.00093,0.00093,223,0.2666,0.7917,0,14255.05,11335.48,0.025,0
M01307,digital_services,twice_weekly,1477,110.47,163171.02,0.02294,0.02326,79,0.3497,0.5543,0,24765.28,23953.23,1.0,1
M01308,marketplace,twice_weekly,1097,72.05,79039.02,0.01638,0.01925,12,0.1787,0.6464,0,8215.72,7628.45,0.9999,1
M01309,grocery,weekly,170,56.6,9621.2,0.002,0.00189,54,0.1746,0.7371,0,657.43,634.18,0.0459,0
M01310,electronics,twice_weekly,3417,277.62,948624.29,0.0153,0.02642,50,0.1119,1.0069,0,127867.98,99365.17,1.0,1
M01311,retail,daily,2158,82.84,178764.09,0.00487,0.00675,19,0.3683,0.6913,0,22583.67,18831.01,0.6046,1
M01312,healthcare,daily,2576,125.91,324332.04,0.00498,0.0053,30,0.1129,0.6633,0,52667.08,44483.53,0.41,0
M01313,digital_services,daily,2945,115.79,340995.68,0.00822,0.00712,50,0.2445,0.6659,0,48210.94,40672.87,0.8883,1
M01314,grocery,daily,1421,39.25,55770.97,0.0007,0.0011,12,0.0839,0.9974,0,4229.66,3028.44,0.0122,0
M01315,grocery,daily,2193,36.41,79845.21,0.00191,0.0022,132,0.1854,0.8064,0,13919.98,10990.51,0.0462,1
M01316,marketplace,daily,999,68.41,68342.55,0.00773,0.01247,123,0.2728,0.5946,0,10728.67,9345.7,0.9725,1
M01317,digital_services,daily,1191,120.28,143254.96,0.01543,0.0221,56,0.2046,0.604,0,16034.65,13909.41,1.0,1
M01318,grocery,daily,3239,15.55,50358.8,0.00351,0.00534,53,0.0649,0.9539,0,6214.1,4553.39,0.1439,0
M01319,restaurants,twice_weekly,313,44.72,13998.14,0.00379,0.00518,24,0.0498,0.8874,0,1386.12,1146.72,0.175,1
M01320,restaurants,weekly,627,52.19,32720.92,0.00298,0.00497,12,0.2763,0.7227,0,4705.0,4569.36,0.2189,0
M01321,gaming,twice_weekly,425,109.27,46437.75,0.04033,0.03392,148,0.3641,0.3921,0,5677.63,5878.15,1.0,1
M01322,travel,twice_weekly,1653,370.41,612290.42,0.02744,0.0203,53,0.141,0.8066,0,73111.98,62965.11,1.0,1
M01323,grocery,daily,4290,37.75,161963.65,0.00366,0.00618,121,0.2076,0.952,0,23855.21,17497.08,0.2432,0
M01324,restaurants,daily,3191,44.56,142185.2,0.00448,0.00612,20,0.1054,0.5681,0,12018.31,10591.4,0.4297,1
M01325,retail,twice_weekly,394,82.91,32666.06,0.00591,0.00731,73,0.0876,0.9511,0,3879.12,3105.35,0.5114,1
M01326,healthcare,daily,1284,79.45,102018.33,0.00291,0.00326,29,0.2808,0.7944,0,13276.5,10543.68,0.1203,1
M01327,retail,daily,2881,80.22,231100.03,0.00591,0.00904,67,0.2453,0.7515,0,20897.14,16940.69,0.779,0
M01328,digital_services,daily,330,86.69,28606.48,0.0116,0.01746,16,0.0913,0.7529,0,4359.57,3531.87,0.9983,1
M01329,retail,weekly,2242,84.16,188681.33,0.00105,0.00119,2,0.1107,0.8067,0,21035.88,19625.31,0.0246,0
M01330,fuel,twice_weekly,680,39.91,27138.93,0.00563,0.00627,0,0.1942,0.8532,0,4320.3,3636.29,0.4902,1
M01331,restaurants,daily,579,47.45,27473.61,0.0062,0.00448,134,0.1452,0.6349,0,1740.22,1488.88,0.4638,0
M01332,gaming,twice_weekly,1179,129.96,153224.55,0.02364,0.04052,15,0.1103,0.6913,0,19515.02,17751.7,1.0,1
M01333,gaming,daily,932,113.55,105831.92,0.0016,0.00225,64,0.0424,0.8939,0,6493.55,4908.13,0.0418,0
M01334,electronics,daily,2527,262.69,663809.47,0.01454,0.01038,203,0.181,0.5842,0,104677.01,91600.36,0.9979,1
M01335,electronics,daily,1825,249.68,455657.1,0.00288,0.00308,175,0.143,0.7343,0,54847.67,44827.57,0.1281,0
M01336,restaurants,daily,1471,43.57,64087.9,0.0002,0.00017,5,0.2197,0.6523,0,6447.97,5473.35,0.0175,0
M01337,fuel,twice_weekly,3173,43.21,137097.59,0.00362,0.00575,95,0.3757,0.8794,0,13672.9,11357.42,0.2941,0
M01338,digital_services,daily,1051,107.95,113457.55,0.0164,0.01692,21,0.2465,0.9175,0,8717.9,6510.15,0.9998,1
M01339,healthcare,twice_weekly,1317,100.46,132303.41,0.00475,0.00414,20,0.2658,0.7588,0,16260.4,14330.09,0.3063,1
M01340,retail,daily,2445,79.95,195485.13,0.00441,0.00499,6,0.2246,0.8326,0,17971.56,14008.02,0.3052,0
M01341,grocery,twice_weekly,977,55.28,54004.45,0.00211,0.00302,21,0.1131,0.5922,0,4352.49,4140.34,0.0791,0
M01342,restaurants,twice_weekly,322,50.59,16290.18,0.00685,0.01184,35,0.6533,0.9205,0,2110.02,1716.28,0.9512,1
M01343,gaming,twice_weekly,1346,106.07,142766.32,0.01821,0.0233,29,0.2014,0.5298,0,22899.61,22383.93,1.0,1
M01344,digital_services,twice_weekly,846,79.95,67641.15,0.00481,0.00635,24,0.2408,0.8954,0,9432.93,7771.99,0.4554,0
M01345,electronics,weekly,880,337.95,297394.6,0.00802,0.0082,93,0.4339,1.0092,0,23834.38,20039.8,0.8831,1
M01346,digital_services,daily,864,96.46,83344.18,0.00114,0.00083,17,0.0836,0.4716,0,13864.97,12734.06,0.0404,0
M01347,travel,twice_weekly,2751,394.41,1085019.81,0.01624,0.02886,154,0.1142,0.829,0,92125.37,78474.8,1.0,1
M01348,retail,twice_weekly,545,81.88,44625.73,0.005,0.00616,31,0.2343,0.6999,0,5209.02,4719.66,0.4896,0
M01349,travel,daily,4821,405.17,1953304.13,0.02069,0.02473,0,0.3391,0.8501,0,302332.03,233613.41,1.0,1
M01350,grocery,daily,1429,33.83,48336.71,0.00237,0.00402,170,0.225,0.8154,0,6805.5,5349.64,0.0996,0
M01351,restaurants,daily,4842,41.29,199915.3,0.00301,0.00396,10,0.0424,0.6438,0,31919.73,27200.44,0.1439,0
M01352,restaurants,daily,735,55.93,41109.19,0.00531,0.00872,55,0.2783,0.8236,0,7145.28,5594.03,0.683,1
M01353,retail,daily,899,98.95,88959.89,0.00191,0.00304,49,0.0943,0.9947,0,7867.26,5641.29,0.0404,0
M01354,retail,daily,1728,100.2,173146.46,0.00384,0.00612,58,0.0993,0.8125,0,16849.68,13263.55,0.2729,1
M01355,healthcare,twice_weekly,3210,79.96,256686.09,0.00286,0.0027,27,0.369,1.0117,0,27181.38,21068.37,0.0885,0
M01356,grocery,daily,2380,42.59,101372.6,0.00185,0.00278,4,0.3641,0.8566,0,15655.89,12058.47,0.0722,0
M01357,gaming,twice_weekly,1162,164.55,191207.99,0.01474,0.02183,137,0.1312,0.8003,0,19205.64,16591.45,0.9999,1
M01358,travel,daily,966,408.29,394405.73,0.01127,0.0079,25,0.1728,0.8292,0,51911.41,40530.87,0.9682,1
M01359,marketplace,twice_weekly,2545,32.39,82420.74,0.01838,0.03066,58,0.1151,0.571,0,5457.45,5240.22,1.0,1
M01360,fuel,daily,2138,70.75,151273.74,0.00214,0.00269,8,0.1648,0.7521,0,25718.46,20842.81,0.0696,0
M01361,marketplace,daily,867,73.35,63592.24,0.00646,0.00468,6,0.1535,0.8272,0,5261.39,4111.85,0.4903,1
M01362,retail,daily,426,80.85,34443.96,0.00652,0.01028,112,0.1939,0.9852,0,5697.51,4106.19,0.8039,1
M01363,digital_services,twice_weekly,1474,54.01,79606.23,0.00734,0.01278,49,0.3929,0.8309,1,11680.13,9939.91,0.9887,1
M01364,grocery,daily,3923,36.55,143373.82,0.00097,0.00137,18,0.167,0.8477,0,12117.46,9374.73,0.0223,0
M01365,travel,weekly,1545,336.92,520534.24,0.00444,0.00707,10,0.16,0.9288,0,58934.0,51707.49,0.4919,1
M01366,gaming,daily,679,180.09,122282.12,0.01258,0.01878,365,0.1577,0.2905,0,19968.44,19732.15,0.9998,1
M01367,fuel,daily,2246,45.17,101446.52,0.00204,0.00172,77,0.2446,0.7807,0,12121.61,9690.47,0.0492,0
M01368,grocery,daily,1987,40.6,80670.08,0.00257,0.00446,17,0.2263,0.5965,0,6870.97,5980.09,0.1719,0
M01369,fuel,twice_weekly,3137,34.69,108833.09,0.00396,0.00309,22,0.1304,0.7455,0,7305.62,6479.28,0.1438,0
M01370,retail,daily,1463,93.59,136926.71,0.00925,0.0094,39,0.1317,0.7874,0,16637.89,13258.22,0.9311,1
M01371,grocery,daily,734,33.87,24862.16,0.00276,0.00295,15,0.0957,0.8937,0,2574.07,1945.83,0.0634,0
M01372,electronics,daily,3622,311.12,1126893.28,0.00057,0.00086,35,0.0544,0.7771,0,169284.24,135568.86,0.0288,0
M01373,retail,daily,3375,89.66,302601.85,0.00901,0.01345,21,0.4901,1.0553,0,48206.63,33440.97,0.9841,1
M01374,restaurants,daily,1268,43.84,55590.81,0.00375,0.00442,0,0.2921,0.8801,0,6520.08,4962.95,0.214,0
M01375,electronics,weekly,916,250.8,229731.66,0.01134,0.01306,180,0.2219,0.7373,1,23128.52,22308.02,0.998,1
M01376,grocery,daily,1558,42.19,65736.85,0.00179,0.00307,48,0.1781,0.4406,0,10712.13,9966.05,0.0966,0
M01377,marketplace,daily,1879,70.34,132169.92,0.01331,0.01775,16,0.0736,1.1737,0,12880.68,8348.12,0.9985,1
M01378,healthcare,weekly,2106,65.81,138603.52,0.0011,0.00159,197,0.1326,0.7417,0,21971.19,21147.71,0.0294,0
M01379,digital_services,daily,367,87.57,32137.9,0.01856,0.02187,131,0.1266,0.7405,0,2587.99,2108.97,1.0,1
M01380,travel,daily,1723,206.02,354978.26,0.0186,0.01911,23,0.183,0.6462,0,22620.74,19255.32,1.0,1
M01381,travel,twice_weekly,1671,326.05,544833.96,0.02011,0.0349,55,0.1664,0.8427,0,56396.26,47714.3,1.0,1
M01382,grocery,weekly,1974,52.98,104580.37,0.00227,0.00314,167,0.1773,1.1014,0,14822.85,11841.39,0.0452,0
M01383,gaming,twice_weekly,2647,92.1,243798.39,0.0111,0.01408,203,0.1409,0.8575,0,29984.72,25183.22,0.9947,1
M01384,electronics,daily,2885,342.13,987042.2,0.00206,0.00197,3,0.1189,0.734,0,77840.32,63626.79,0.0735,0
M01385,electronics,weekly,616,175.99,108410.45,0.00993,0.01562,59,0.1255,0.7675,0,11352.39,10793.64,0.9936,1
M01386,grocery,daily,1317,51.83,68260.45,0.00171,0.00265,63,0.1721,0.9219,0,8859.15,6600.77,0.0391,0
M01387,marketplace,weekly,267,56.91,15194.67,0.01513,0.01271,6,0.137,0.5282,0,2729.23,2892.03,0.999,1
M01388,retail,weekly,1018,85.18,86714.4,0.00603,0.01031,215,0.1201,0.4669,0,13816.94,15026.51,0.8748,1
M01389,healthcare,weekly,760,173.05,131518.5,0.00131,0.00093,33,0.2287,1.0479,0,10810.31,8898.89,0.0186,1
M01390,grocery,daily,3715,35.7,132637.08,0.0019,0.00254,170,0.1761,0.7177,0,21153.1,17423.5,0.0587,0
M01391,electronics,daily,2031,293.75,596614.45,0.01697,0.0139,65,0.2896,0.7359,0,58437.74,47724.96,0.9997,1
M01392,restaurants,twice_weekly,1035,53.04,54892.61,0.00295,0.00209,58,0.076,0.6922,0,4244.55,3859.44,0.0706,0
M01393,grocery,daily,1216,43.23,52565.68,0.00231,0.00273,13,0.136,0.7624,1,5455.58,4399.76,0.172,0
M01394,grocery,daily,1199,65.01,77951.13,0.00233,0.00379,25,0.1694,0.9278,0,6691.37,4970.21,0.0725,0
M01395,restaurants,weekly,535,46.91,25094.98,0.00486,0.00608,23,0.0635,0.4942,0,4278.46,4599.94,0.4729,0
M01396,fuel,twice_weekly,1110,55.72,61847.29,0.00146,0.00159,18,0.1351,0.5976,0,6378.63,6053.41,0.0416,0
M01397,gaming,daily,2060,176.05,362656.32,0.03339,0.04902,203,0.1313,0.6303,0,28878.37,24758.29,1.0,1
M01398,healthcare,daily,550,174.37,95904.0,0.00364,0.00545,20,0.1367,0.8016,0,8744.92,6920.46,0.2265,0
M01399,digital_services,daily,953,92.46,88117.1,0.02263,0.0185,22,0.4191,0.7691,0,10111.27,8128.38,1.0,1
M01400,retail,daily,1956,45.34,88687.96,0.0096,0.0079,17,0.1606,0.6353,0,8719.07,7458.54,0.9307,1
M01401,travel,daily,429,369.95,158709.04,0.01084,0.00766,178,0.1731,0.7939,0,26285.18,20879.2,0.9566,1
M01402,grocery,twice_weekly,843,46.8,39452.34,0.0012,0.00084,6,0.4767,1.0844,0,4825.13,3592.62,0.025,0
M01403,electronics,twice_weekly,974,171.9,167428.67,0.02816,0.03464,2,0.2005,0.7531,0,10049.53,8880.7,1.0,1
M01404,retail,daily,497,127.79,63512.0,0.00745,0.01167,85,0.0994,0.8932,0,5400.66,4083.62,0.9047,1
M01405,fuel,daily,1902,65.19,123989.12,0.0012,0.00211,94,0.3422,0.8467,0,8904.13,6892.07,0.0408,0
M01406,retail,twice_weekly,1154,84.54,97558.08,0.01242,0.00964,58,0.2815,0.6981,0,11369.67,10309.91,0.989,1
M01407,electronics,twice_weekly,2636,257.2,677987.92,0.01375,0.01344,27,0.3709,0.9036,0,73443.86,60260.32,0.9985,1
M01408,grocery,weekly,988,44.05,43516.63,0.00163,0.0026,20,0.424,0.9589,0,5542.54,4787.21,0.0558,0
M01409,healthcare,daily,1182,174.97,206810.43,0.00191,0.00274,84,0.1071,0.7032,0,19052.74,15799.96,0.0588,0
M01410,marketplace,twice_weekly,3534,94.41,333654.92,0.00633,0.00553,84,0.1113,0.7991,0,26735.06,23109.32,0.5386,1
M01411,restaurants,daily,583,62.84,36635.86,0.00489,0.00486,243,0.1655,1.0466,0,6437.29,4487.12,0.2274,1
M01412,electronics,daily,383,265.56,101710.07,0.02212,0.01973,50,0.1577,0.6346,0,11884.36,10169.24,1.0,1
M01413,restaurants,weekly,2684,66.19,177648.89,0.00557,0.00655,51,0.2086,0.6446,0,12579.55,12663.83,0.5935,0
M01414,electronics,daily,2086,233.02,486079.48,0.01584,0.02316,146,0.1789,0.769,0,42025.97,33785.76,1.0,1
M01415,grocery,daily,2351,46.91,110279.37,0.0002,0.00023,214,0.4216,1.0691,0,15264.61,10508.33,0.0118,0
M01416,restaurants,daily,838,44.87,37604.85,0.00492,0.00507,196,0.5522,0.903,0,3837.32,2887.06,0.4451,0
M01417,digital_services,daily,877,103.29,90583.63,0.01843,0.01636,101,0.1743,0.704,0,15849.86,13139.04,0.9999,1
M01418,digital_services,daily,7929,87.01,689932.2,0.01311,0.01018,95,0.0748,0.8044,0,66361.27,52446.94,0.9916,1
M01419,healthcare,twice_weekly,507,187.53,95075.2,0.00548,0.0067,170,0.2171,0.9634,0,16866.73,13415.49,0.4685,1
M01420,electronics,daily,1856,197.41,366390.47,0.01917,0.03163,11,0.1605,0.8244,0,33791.61,26445.06,1.0,1
M01421,marketplace,daily,3790,64.54,244607.38,0.01032,0.01187,2,0.2977,0.7102,0,18967.46,15677.98,0.989,1
M01422,gaming,weekly,631,110.7,69848.78,0.03081,0.02265,5,0.2688,0.6584,0,4755.64,4757.71,1.0,1
M01423,travel,daily,1250,377.31,471637.36,0.01812,0.01963,0,0.1344,0.8061,0,61989.18,48949.08,1.0,1
M01424,retail,weekly,2787,96.59,269185.37,0.00823,0.00922,88,0.3021,0.8444,0,17113.16,15671.85,0.9099,1
M01425,retail,daily,1091,95.98,104718.1,0.00805,0.01088,35,0.3515,0.8626,0,10966.65,8421.33,0.9427,1
M01426,retail,daily,869,94.8,82379.22,0.01125,0.00843,101,0.2836,0.698,1,9713.38,8074.51,0.9909,1
M01427,grocery,daily,1176,47.02,55300.68,0.0022,0.00163,3,0.317,0.8971,0,5984.3,4515.94,0.0503,0
M01428,grocery,weekly,5333,30.79,164191.43,0.00082,0.0006,7,0.2254,0.6355,0,15274.82,15440.67,0.0265,0
M01429,restaurants,daily,1048,45.62,47812.19,0.00804,0.00746,43,0.0936,1.0763,0,3535.97,2424.29,0.699,1
M01430,travel,weekly,872,430.7,375574.71,0.02581,0.03543,6,0.392,0.9488,0,49781.47,43224.45,1.0,1
M01431,electronics,daily,2177,266.71,580616.88,0.00841,0.00701,99,0.4197,0.688,0,93068.05,77721.64,0.9266,1
M01432,digital_services,twice_weekly,602,106.44,64078.59,0.02052,0.03111,17,0.3093,0.5872,0,4693.48,4474.68,1.0,1
M01433,grocery,daily,1353,44.92,60772.36,0.00044,0.00059,129,0.3656,0.983,0,8565.7,6180.39,0.0151,0
M01434,fuel,daily,383,42.55,16298.41,0.00247,0.00375,8,0.4838,0.9846,0,1380.02,994.92,0.1206,0
M01435,fuel,daily,1533,72.2,110685.04,0.00229,0.0019,179,0.2483,0.8965,0,10199.45,7698.95,0.0485,0
M01436,electronics,daily,339,236.41,80144.62,0.02066,0.02794,22,0.4351,1.046,0,10624.18,7408.06,1.0,1
M01437,fuel,daily,484,71.33,34525.9,0.00309,0.00263,185,0.2223,1.0173,0,3459.47,2450.43,0.0664,0
M01438,gaming,twice_weekly,1011,191.99,194098.93,0.02186,0.03221,154,0.1548,0.7604,0,29647.75,26108.68,1.0,1
M01439,electronics,daily,777,286.0,222222.34,0.0166,0.01715,186,0.193,0.9812,0,18432.03,13312.09,0.9998,1
M01440,electronics,daily,3507,217.07,761251.5,0.02362,0.02322,11,0.1061,0.5652,0,77195.01,68116.67,1.0,1
M01441,retail,daily,2123,105.72,224435.91,0.00615,0.00671,13,0.1853,0.8757,0,19963.49,15229.59,0.5893,1
M01442,grocery,daily,2949,37.93,111848.14,0.00241,0.00428,6,0.129,0.821,0,19894.83,15595.93,0.1017,0
M01443,fuel,daily,5126,45.83,234900.85,0.00435,0.00745,144,0.1945,0.6269,0,19795.25,16996.8,0.5243,1
M01444,grocery,twice_weekly,5602,58.97,330367.62,0.0024,0.00224,111,0.1783,0.6406,0,43262.91,40276.13,0.081,0
M01445,fuel,daily,2254,45.07,101590.45,0.00154,0.00214,182,0.1555,0.763,0,12435.26,10025.69,0.0397,0
M01446,digital_services,weekly,838,100.3,84053.36,0.01227,0.01875,56,0.3048,0.6841,0,7180.06,7099.04,0.9995,1
M01447,healthcare,daily,874,150.29,131353.55,0.0044,0.00316,20,0.077,1.0276,0,20833.19,14674.53,0.1135,0
M01448,gaming,daily,3306,128.76,425671.82,0.02015,0.03249,3,0.1668,0.823,0,70497.51,55210.94,1.0,1
M01449,digital_services,weekly,480,102.33,49119.58,0.01064,0.0168,73,0.1853,0.8594,0,7053.36,6411.45,0.9967,1
M01450,fuel,daily,879,84.5,74276.56,0.00196,0.00211,50,0.1657,0.8203,0,9853.12,7726.69,0.0438,0
M01451,restaurants,daily,1050,54.29,56999.45,0.00463,0.00487,13,0.1376,0.9288,0,6035.24,4480.72,0.2419,0
M01452,digital_services,weekly,6162,89.24,549889.99,0.0117,0.01043,33,0.2514,0.6811,0,37427.12,37057.17,0.9909,1
M01453,healthcare,weekly,465,131.21,61014.92,0.00191,0.00162,73,0.229,0.8426,0,10037.25,9200.37,0.0407,1
M01454,electronics,twice_weekly,1196,316.17,378135.89,0.01723,0.02116,38,0.0469,0.8063,0,48110.47,41440.15,1.0,1
M01455,retail,daily,1011,32.61,32970.22,0.00424,0.00315,30,0.1868,0.9073,0,5296.84,3976.36,0.1464,0
M01456,grocery,twice_weekly,4789,29.76,142526.49,0.00141,0.00112,24,0.0884,0.7713,0,18597.59,16292.52,0.0249,0
M01457,fuel,weekly,2451,54.44,133441.87,0.0036,0.00273,39,0.2799,0.7448,0,11732.21,11275.81,0.1409,0
M01458,travel,weekly,4977,316.75,1576486.17,0.01354,0.01736,96,0.5213,0.7792,0,216180.95,204390.55,0.9998,1
M01459,electronics,daily,5655,406.82,2300540.09,0.01548,0.02091,132,0.254,0.7393,0,334920.89,273088.19,1.0,1
M01460,retail,daily,358,38.72,13863.17,0.00914,0.0085,75,0.177,0.7544,0,2312.65,1872.25,0.9129,1
M01461,restaurants,daily,703,36.64,25758.9,0.00802,0.00834,20,0.2435,0.8543,0,1791.93,1381.71,0.8552,1
M01462,digital_services,daily,1847,78.37,144751.89,0.01616,0.01563,76,0.2859,1.1252,0,24675.42,16453.14,0.9995,1
M01463,fuel,twice_weekly,829,39.95,33117.72,0.00296,0.0029,36,0.1694,0.7237,0,3799.44,3404.4,0.0968,0
M01464,retail,daily,875,120.59,105513.73,0.00661,0.00601,36,0.2068,0.5348,0,6936.07,6201.63,0.7005,0
M01465,marketplace,daily,762,74.48,56756.57,0.01052,0.01771,27,0.1112,1.0776,0,9865.02,6758.7,0.9957,1
M01466,marketplace,daily,1605,23.39,37539.24,0.01235,0.02006,4,0.2523,0.7194,0,3351.49,2758.36,0.9996,1
M01467,travel,daily,1333,427.67,570077.82,0.0218,0.01837,26,0.2714,0.8285,0,79930.58,62429.0,1.0,1
M01468,fuel,daily,590,57.47,33904.5,0.00239,0.00198,33,0.2448,1.0602,0,2065.55,1429.0,0.0397,0
M01469,marketplace,daily,3133,54.73,171465.53,0.0102,0.00868,123,0.0319,0.9245,0,23392.49,17405.41,0.9267,1
M01470,fuel,daily,1424,53.94,76811.52,0.00248,0.00313,45,0.2189,0.851,0,11054.8,8538.3,0.0774,0
M01471,electronics,weekly,1148,349.13,400803.78,0.00706,0.01209,190,0.2421,0.7273,0,47684.34,46210.23,0.9544,1
M01472,fuel,daily,4167,45.12,188002.65,0.00337,0.00321,103,0.3433,0.6588,0,32858.92,27810.22,0.1913,0
M01473,grocery,daily,445,37.9,16863.72,0.00261,0.00391,8,0.1256,1.0126,0,1943.66,1380.26,0.0706,1
M01474,gaming,daily,415,123.61,51296.67,0.01405,0.02395,92,0.2437,0.9179,0,6401.2,4779.15,0.9999,1
M01475,gaming,daily,3503,126.66,443682.81,0.0288,0.04937,62,0.4733,0.9457,0,78140.28,57504.5,1.0,1
M01476,gaming,daily,772,80.26,61960.87,0.00544,0.0061,101,0.4636,0.6921,0,7566.89,6307.41,0.7134,0
M01477,travel,daily,273,323.11,88208.48,0.0172,0.02674,33,0.2093,0.607,0,14021.17,12146.49,1.0,1
M01478,electronics,daily,2789,222.32,620055.18,0.01205,0.01982,27,0.0714,0.7474,0,76268.83,61950.31,0.9995,1
M01479,gaming,daily,1500,136.51,204769.87,0.01927,0.02406,117,0.2116,0.8515,0,18878.64,14577.81,1.0,1
M01480,travel,twice_weekly,3082,189.97,585475.73,0.02689,0.03903,175,0.1578,0.7847,0,45522.44,39623.49,1.0,1
M01481,travel,daily,315,365.16,115026.07,0.01462,0.02594,13,0.2551,0.4448,0,15117.04,14040.12,1.0,1
M01482,grocery,daily,1747,38.75,67689.18,0.00204,0.00145,18,0.1168,1.0689,0,10504.29,7232.0,0.0235,0
M01483,digital_services,twice_weekly,1287,71.3,91762.07,0.00468,0.00592,159,0.1466,0.9207,0,12910.58,10500.32,0.3526,0
M01484,fuel,daily,389,74.16,28848.75,0.00255,0.00265,20,0.0877,0.791,0,3204.7,2549.27,0.0618,0
M01485,digital_services,daily,1149,92.82,106651.74,0.01656,0.01678,23,0.7062,0.6991,0,9351.44,7769.55,0.9999,1
M01486,grocery,daily,430,60.92,26196.86,0.00205,0.00272,118,0.2431,0.7017,0,2828.2,2346.98,0.0715,0
M01487,electronics,daily,1313,313.49,411606.06,0.00789,0.00843,32,0.2454,0.953,0,60453.65,44317.86,0.8696,1
M01488,travel,daily,683,386.54,264006.73,0.02546,0.02072,41,0.1119,0.8584,0,26059.49,20053.51,1.0,1
M01489,healthcare,weekly,2728,121.15,330496.75,0.0008,0.0006,180,0.1345,1.0145,0,57548.9,48249.7,0.0137,0
M01490,travel,weekly,1523,285.83,435319.72,0.01183,0.01039,85,0.1104,0.8941,0,66529.83,59424.14,0.9865,1
M01491,grocery,weekly,1444,24.33,35136.14,0.00036,0.00035,0,0.02,0.649,0,5165.26,5189.55,0.0133,0
M01492,restaurants,daily,3681,28.14,103582.55,0.00584,0.00982,221,0.1441,0.6874,0,11222.53,9374.83,0.7936,0
M01493,digital_services,daily,1970,69.29,136509.91,0.01676,0.02045,1,0.1062,0.9492,0,11333.96,8325.59,0.9999,1
M01494,restaurants,daily,730,44.79,32698.77,0.00497,0.00798,53,0.0606,0.5954,1,3106.64,2705.18,0.808,1
M01495,travel,daily,1899,258.55,490979.14,0.01467,0.01368,11,0.2245,0.7918,0,72609.15,57735.94,0.9991,1
M01496,digital_services,daily,2419,49.58,119938.03,0.0135,0.01244,49,0.1977,0.7439,0,9355.74,7611.97,0.997,1
M01497,restaurants,daily,303,41.64,12618.14,0.00242,0.00421,98,0.2076,0.8433,0,1683.18,1304.99,0.104,0
M01498,digital_services,daily,2075,70.24,145746.33,0.02319,0.02477,59,0.3587,0.7867,0,23169.87,18468.75,1.0,1
M01499,retail,daily,1372,117.47,161165.99,0.01406,0.0129,24,0.0562,1.1408,1,21068.99,13922.25,0.9982,1
M01500,marketplace,daily,1300,49.81,64752.09,0.01418,0.01352,34,0.1052,1.0501,0,11594.43,8066.37,0.9969,1
M01501,marketplace,twice_weekly,1220,70.79,86369.36,0.01075,0.01847,7,0.1197,0.6311,0,13607.33,12722.0,0.9986,1
M01502,electronics,daily,2634,272.8,718560.96,0.01384,0.02235,54,0.3937,0.8184,0,83303.13,65386.09,0.9999,1
M01503,retail,weekly,894,78.5,70182.8,0.00379,0.00615,56,0.02,0.9609,0,9169.73,7911.42,0.1985,0
M01504,travel,daily,1810,316.15,572240.45,0.02531,0.03733,57,0.1187,0.9191,0,80916.36,60376.72,1.0,1
M01505,restaurants,daily,2542,32.28,82065.12,0.00421,0.00335,258,0.0283,0.6659,0,13584.9,11460.42,0.1649,0
M01506,gaming,daily,911,122.82,111888.16,0.03763,0.02814,2,0.4152,0.6463,0,19268.27,16400.98,1.0,1
M01507,marketplace,daily,417,72.99,30437.82,0.00322,0.00248,11,0.1094,0.7866,0,3806.96,3034.71,0.0974,0
M01508,travel,daily,943,416.72,392970.5,0.01058,0.01396,16,0.2588,0.7318,1,27553.77,22546.19,0.9983,1
M01509,fuel,daily,1173,57.06,66931.76,0.00508,0.00362,79,0.3812,0.9772,0,9685.9,7010.39,0.2563,0
M01510,restaurants,twice_weekly,268,61.22,16408.24,0.00249,0.00319,115,0.2985,0.6546,0,1192.25,1102.89,0.121,0
M01511,grocery,daily,619,34.57,21398.53,0.00207,0.00269,31,0.0803,0.8522,0,3016.15,2328.15,0.044,0
M01512,fuel,daily,2657,65.87,175026.4,0.00423,0.00715,59,0.4933,0.7833,0,29654.63,23677.0,0.5643,0
M01513,digital_services,weekly,1240,94.82,117573.59,0.00977,0.01047,31,0.1862,0.7411,0,8981.44,8647.52,0.971,1
M01514,restaurants,daily,513,30.7,15748.91,0.00422,0.00304,106,0.1046,0.7272,0,2816.76,2309.84,0.1524,0
M01515,healthcare,daily,851,158.69,135043.26,0.00297,0.00259,41,0.108,0.8949,0,9297.22,7023.82,0.0638,0
M01516,retail,daily,861,127.98,110193.83,0.00294,0.00461,365,0.1125,0.9077,0,16871.57,12662.6,0.1188,0
M01517,grocery,daily,1562,46.31,72333.62,0.00253,0.00367,0,0.3882,1.1153,0,5472.65,3669.94,0.0864,0
M01518,electronics,daily,1157,117.86,136362.88,0.02195,0.03907,53,0.048,0.8389,0,8314.48,6460.46,1.0,1
M01519,fuel,daily,480,61.15,29349.65,0.00443,0.00331,44,0.2259,0.8515,0,3190.77,2463.84,0.1749,0
M01520,fuel,twice_weekly,605,43.05,26047.0,0.00263,0.00278,117,0.1538,0.6206,0,3155.81,2964.37,0.0917,0
M01521,retail,daily,1234,106.74,131720.43,0.00566,0.00801,1,0.1443,0.7897,0,14896.77,11857.07,0.6524,1
M01522,gaming,daily,4219,108.06,455884.76,0.04614,0.0537,72,0.1582,0.5348,0,65584.65,58638.31,1.0,1
M01523,healthcare,daily,2217,158.39,351151.27,0.001,0.00154,40,0.4845,0.8935,0,32463.88,24542.61,0.0409,0
M01524,restaurants,weekly,1960,51.61,101161.68,0.00358,0.00607,29,0.4626,0.8622,0,17370.87,15767.76,0.3709,1
M01525,marketplace,twice_weekly,2804,105.74,296501.83,0.0104,0.0159,178,0.1301,0.7189,0,32446.22,29138.94,0.9959,1
M01526,fuel,weekly,1541,32.56,50168.09,0.0032,0.0032,7,0.1808,0.8476,0,3259.75,2980.57,0.1047,0
M01527,retail,twice_weekly,1989,87.76,174554.33,0.0035,0.00279,7,0.2156,0.6976,0,19116.86,17338.9,0.1514,0
M01528,travel,twice_weekly,613,387.37,237458.13,0.02967,0.03791,40,0.2366,0.4739,1,38079.6,38116.11,1.0,1
M01529,fuel,daily,2106,50.84,107064.22,0.0045,0.004,80,0.1861,0.8951,0,16789.13,12682.43,0.1978,1
M01530,retail,weekly,1434,95.63,137127.76,0.00105,0.00157,16,0.3934,0.8739,0,24329.49,21954.24,0.04,0
M01531,retail,daily,853,123.98,105759.04,0.00549,0.00749,56,0.0232,0.7023,0,17251.07,14311.6,0.5597,0
M01532,grocery,daily,4313,57.71,248921.57,0.00399,0.00291,323,0.146,0.6692,0,17796.67,14991.48,0.1547,0
M01533,digital_services,twice_weekly,546,120.23,65646.83,0.01404,0.0129,197,0.1937,0.7122,0,11551.96,10406.69,0.9981,1
M01534,marketplace,daily,1421,46.19,65641.02,0.01228,0.01068,165,0.2635,0.6669,0,11332.37,9556.16,0.9927,1
M01535,grocery,daily,1146,20.61,23613.72,0.00333,0.00498,31,0.2563,0.8769,0,3767.06,2871.98,0.1829,0
M01536,gaming,daily,1047,157.87,165292.89,0.01629,0.02822,0,0.2567,0.7562,0,25826.28,20889.58,1.0,1
M01537,restaurants,daily,898,50.44,45290.93,0.0013,0.002,198,0.1331,1.0056,0,6592.09,4699.04,0.0231,0
M01538,restaurants,weekly,1507,47.9,72187.82,0.00304,0.00447,154,0.0885,0.992,1,8067.46,6846.42,0.2455,1
M01539,restaurants,daily,1784,47.82,85312.67,0.00196,0.00308,223,0.1688,0.8778,0,6516.62,4965.92,0.0556,0
M01540,travel,weekly,1785,354.36,632530.96,0.00849,0.01004,42,0.027,0.6865,0,55002.67,54324.13,0.9449,1
M01541,restaurants,daily,352,35.65,12547.46,0.00512,0.00449,51,0.2124,1.0028,0,1445.17,1031.74,0.2501,0
M01542,retail,twice_weekly,653,46.88,30611.72,0.00612,0.00488,164,0.2382,0.915,0,4647.1,3790.71,0.4241,1
M01543,retail,daily,3873,74.06,286829.95,0.00448,0.00371,30,0.3303,0.876,0,50621.96,38611.52,0.2637,0
M01544,fuel,weekly,895,77.34,69222.18,0.00214,0.00266,10,0.0313,0.509,0,8164.02,8722.45,0.0753,0
M01545,travel,daily,2086,299.99,625785.11,0.03912,0.04427,23,0.2671,0.5661,0,98195.53,86611.78,1.0,1
M01546,retail,daily,1540,59.06,90952.71,0.00887,0.01512,98,0.3,0.7817,0,12707.47,10153.84,0.9896,1
M01547,retail,daily,3887,83.12,323071.18,0.00684,0.00589,38,0.1124,0.9238,0,30484.29,22690.84,0.5451,0
M01548,restaurants,daily,4878,17.41,84915.4,0.0084,0.00876,7,0.3263,0.6288,0,11618.85,9968.0,0.9342,1
M01549,retail,daily,1188,83.16,98790.78,0.00788,0.00612,4,0.1434,0.9006,0,12612.45,9500.49,0.6972,0
M01550,retail,twice_weekly,1163,105.64,122859.09,0.00721,0.01245,137,0.262,0.9269,0,14555.43,11799.83,0.9349,1
M01551,grocery,weekly,1212,52.59,63741.9,0.00182,0.0019,2,0.1637,0.8426,0,4012.6,3677.97,0.0386,0
M01552,travel,twice_weekly,299,311.48,93133.5,0.01196,0.01581,7,0.02,0.7396,1,16487.29,14663.35,0.9992,1
M01553,retail,daily,2185,44.45,97131.32,0.00825,0.00947,64,0.1316,0.7517,0,15791.99,12800.68,0.9026,1
M01554,retail,daily,3017,97.07,292866.94,0.01016,0.01061,61,0.1836,1.0142,0,37115.62,26334.29,0.9601,1
M01555,retail,weekly,693,77.57,53753.68,0.00339,0.00319,73,0.1693,0.728,0,6691.45,6482.55,0.1313,0
M01556,restaurants,weekly,2334,23.54,54935.3,0.00197,0.0031,26,0.3441,0.7605,0,7273.55,6938.62,0.0924,1
M01557,electronics,daily,3749,369.93,1386862.33,0.00646,0.0072,80,0.3256,0.5275,0,134085.97,120264.35,0.8782,1
M01558,gaming,weekly,1513,118.78,179710.93,0.02275,0.02338,8,0.1957,0.6265,0,14751.41,14971.95,1.0,1
M01559,digital_services,daily,1117,128.07,143058.46,0.01372,0.02008,105,0.1866,0.7197,1,17841.99,14682.51,0.9999,1
M01560,healthcare,twice_weekly,674,173.31,116812.97,0.00148,0.00185,152,0.1504,0.9425,0,7457.91,5997.2,0.0268,0
M01561,electronics,weekly,1566,150.64,235909.36,0.0158,0.02402,77,0.2663,0.8128,0,40670.03,37830.11,1.0,1
M01562,digital_services,twice_weekly,2976,139.79,416013.41,0.00964,0.00928,85,0.3333,0.6377,1,64866.81,60466.89,0.9918,1
M01563,healthcare,daily,567,125.08,70917.6,0.00129,0.00146,168,0.1135,1.0752,0,8697.13,5966.59,0.0166,0
M01564,healthcare,twice_weekly,1274,150.77,192076.49,0.00042,0.00056,53,0.138,0.7917,0,17506.91,15187.34,0.0143,0
M01565,restaurants,daily,1658,45.85,76025.88,0.00184,0.00191,135,0.1746,0.9195,0,10942.36,8162.72,0.0355,0
M01566,travel,twice_weekly,444,336.64,149468.39,0.02759,0.04903,51,0.0855,0.6901,0,14813.39,13482.27,1.0,1
M01567,grocery,daily,1236,25.54,31569.8,0.0015,0.00142,84,0.1376,0.6275,0,3363.78,2887.53,0.0358,0
M01568,grocery,twice_weekly,1563,48.34,75554.8,0.00039,0.00059,25,0.1632,0.8242,0,13445.76,11480.21,0.0139,0
M01569,travel,weekly,1136,253.6,288085.19,0.02339,0.04153,83,0.0541,0.5543,0,18509.12,19393.67,1.0,1
M01570,gaming,daily,1851,136.7,253027.11,0.01786,0.02518,8,0.1558,0.7686,0,39279.35,31583.57,1.0,1
M01571,retail,daily,3631,110.18,400054.62,0.00465,0.00604,22,0.0384,0.9803,0,37477.9,27081.28,0.2825,0
M01572,digital_services,twice_weekly,430,106.69,45876.58,0.01716,0.02151,11,0.2199,0.8662,0,7919.84,6622.41,1.0,1
M01573,digital_services,daily,1925,99.32,191187.8,0.00964,0.01092,17,0.165,0.8784,0,27186.01,20710.41,0.9681,1
M01574,restaurants,daily,5681,28.45,161652.38,0.00253,0.00365,11,0.095,0.7347,1,29053.54,23740.85,0.2559,0
M01575,grocery,daily,1360,43.61,59304.28,0.00233,0.00357,141,0.1197,0.6961,0,6094.55,5070.62,0.0854,0
M01576,fuel,daily,730,99.03,72293.35,0.0002,0.00029,43,0.1748,0.7608,0,9034.08,7291.38,0.0127,1
M01577,restaurants,twice_weekly,864,76.72,66282.07,0.00465,0.00559,76,0.133,0.6975,0,8759.27,7945.09,0.3578,0
M01578,restaurants,daily,3820,46.47,177507.75,0.00187,0.00281,114,0.1406,0.7186,0,25045.88,20621.11,0.0634,0
M01579,electronics,daily,814,207.45,168867.53,0.00353,0.00493,186,0.229,0.8926,0,29775.58,22520.48,0.2277,0
M01580,healthcare,daily,4658,119.04,554508.72,0.00282,0.00447,53,0.1983,0.7364,0,80680.32,65874.58,0.1827,0
M01581,healthcare,daily,856,91.62,78427.23,0.00187,0.00245,107,0.0976,0.9914,0,8677.23,6233.01,0.0323,0
M01582,retail,daily,731,123.03,89937.46,0.0002,0.00031,132,0.2443,0.9139,0,10928.4,8176.2,0.0121,0
M01583,retail,twice_weekly,2020,75.36,152223.65,0.00277,0.00476,60,0.2312,0.7503,0,19216.92,17004.64,0.1754,1
M01584,retail,daily,5607,66.21,371218.26,0.00203,0.00271,8,0.2105,0.8503,0,51227.14,39580.17,0.0704,0
M01585,digital_services,daily,980,114.78,112480.57,0.01173,0.01949,3,0.3333,0.6531,0,15676.62,13302.45,0.9996,1
M01586,electronics,weekly,2474,276.42,683865.44,0.02508,0.02111,72,0.0928,0.796,0,69682.09,65350.16,1.0,1
M01587,retail,daily,5208,103.41,538548.55,0.01199,0.0174,261,0.2398,0.9996,0,82220.6,58800.16,0.9984,1
M01588,digital_services,twice_weekly,2306,112.81,260149.15,0.01614,0.02347,80,0.0971,0.6587,0,42897.69,39609.09,1.0,1
M01589,retail,daily,3709,87.12,323131.18,0.01115,0.0112,19,0.2207,0.5682,0,56819.94,50072.19,0.9913,1
M01590,fuel,daily,1821,33.7,61375.02,0.00311,0.00407,115,0.3148,0.8026,0,8355.19,6608.8,0.1614,0
M01591,fuel,daily,1390,58.1,80765.47,0.00267,0.0039,207,0.2833,0.5292,0,11023.95,9880.23,0.1811,0
M01592,grocery,twice_weekly,2455,24.53,60228.15,0.00234,0.00367,14,0.3865,1.0249,0,6172.78,4750.19,0.0891,0
M01593,electronics,weekly,847,316.06,267701.41,0.01127,0.00795,4,0.2172,0.7917,0,35142.33,33025.82,0.9703,1
M01594,retail,daily,2604,86.13,224290.33,0.01053,0.00762,209,0.0949,0.7396,0,38357.89,31272.01,0.9363,1
M01595,restaurants,daily,835,37.4,31231.73,0.00264,0.00358,5,0.5076,0.935,0,4768.16,3528.62,0.1438,0
M01596,marketplace,daily,934,35.19,32871.41,0.00461,0.00505,10,0.1538,0.863,0,5211.83,4001.28,0.3061,0
M01597,fuel,twice_weekly,2445,60.25,147313.6,0.00246,0.00397,52,0.0704,0.7066,0,17191.22,15527.25,0.0975,0
M01598,fuel,twice_weekly,3766,60.71,228640.79,0.00312,0.00287,55,0.0511,0.8098,0,30172.15,25944.16,0.0804,0
M01599,restaurants,twice_weekly,1919,60.64,116364.72,0.00233,0.00165,84,0.6161,0.8254,0,9850.92,8406.06,0.0979,0
M01600,retail,weekly,3107,98.77,306891.34,0.00594,0.00497,61,0.2923,1.0939,0,52830.91,42385.65,0.4039,0
M01601,healthcare,daily,2276,123.79,281756.61,0.00362,0.00377,186,0.1624,0.8952,0,25665.94,19387.19,0.1343,0
M01602,fuel,twice_weekly,2922,63.04,184189.0,0.00239,0.00217,9,0.1418,0.7555,0,26801.95,23657.79,0.0637,0
M01603,marketplace,daily,591,50.37,29766.94,0.00885,0.01384,9,0.1812,0.7097,0,3529.28,2917.85,0.9852,1
M01604,restaurants,daily,1439,36.97,53197.7,0.00324,0.00561,142,0.0936,0.8782,0,7720.55,5882.16,0.1706,0
M01605,retail,weekly,478,87.84,41988.69,0.01128,0.01631,113,0.1352,0.8243,0,3110.89,2877.32,0.9964,1
M01606,retail,daily,1203,105.65,127092.73,0.00653,0.00811,24,0.2477,0.7777,0,20469.03,16387.58,0.7749,1
M01607,electronics,twice_weekly,1502,351.16,527448.89,0.0162,0.01554,51,0.2404,0.6359,0,58450.77,54529.23,0.9998,1
M01608,retail,twice_weekly,576,100.56,57920.68,0.00899,0.01546,14,0.1581,0.6762,0,10269.87,9406.97,0.9909,1
M01609,travel,weekly,2012,202.51,407441.08,0.02294,0.01667,53,0.1619,0.9086,0,53359.96,47308.04,1.0,1
M01610,travel,daily,772,369.68,285395.89,0.00975,0.01204,14,0.2328,0.7507,0,25026.76,20295.91,0.9856,1
M01611,retail,daily,1452,65.17,94633.27,0.0038,0.00273,53,0.0775,0.603,0,16782.26,14564.26,0.1438,0
M01612,restaurants,weekly,1382,41.04,56712.18,0.00488,0.00626,50,0.0481,0.7288,0,8553.19,8283.04,0.3847,1
M01613,restaurants,twice_weekly,509,43.29,22033.78,0.00242,0.00356,34,0.0987,1.0259,0,2010.73,1546.5,0.0554,0
M01614,retail,daily,1408,112.32,158150.36,0.0088,0.01502,17,0.2466,0.7602,1,12617.1,10186.01,0.9962,1
M01615,restaurants,twice_weekly,442,57.17,25267.35,0.00412,0.00608,123,0.5609,1.2154,0,2219.78,1530.56,0.3215,1
M01616,fuel,daily,831,73.2,60827.85,0.00202,0.00237,151,0.1054,1.1709,0,10720.05,6959.65,0.0254,0
M01617,grocery,twice_weekly,1050,29.29,30749.57,0.00117,0.00129,100,0.2067,0.9436,0,4213.63,3386.36,0.0205,0
M01618,digital_services,weekly,1619,78.1,126438.75,0.01805,0.01666,123,0.2117,0.5486,0,19079.7,20040.77,0.9999,1
M01619,electronics,daily,3531,338.84,1196432.03,0.01805,0.02212,6,0.0708,0.9591,0,95281.31,69626.48,1.0,1
M01620,grocery,daily,1371,31.46,43135.36,0.0024,0.00367,7,0.3012,0.6493,0,4462.91,3793.54,0.1372,0
M01621,fuel,weekly,1400,66.21,92691.94,0.00476,0.00839,91,0.2068,0.9768,0,11738.53,10043.07,0.5041,0
M01622,gaming,twice_weekly,1139,110.9,126316.52,0.0244,0.03845,55,0.24,0.6385,0,17974.72,16749.15,1.0,1
M01623,restaurants,weekly,803,51.4,41277.72,0.00391,0.00677,4,0.1591,0.5156,0,7137.77,7604.52,0.4681,0
M01624,grocery,daily,1116,58.36,65134.45,0.001,0.0014,74,0.3413,0.7736,0,11671.19,9362.32,0.0333,0
M01625,retail,weekly,1812,96.73,175265.78,0.00689,0.00523,152,0.2961,0.462,0,24869.56,27102.13,0.7459,1
M01626,restaurants,daily,516,36.98,19081.36,0.00516,0.00496,240,0.1127,0.7324,0,2351.32,1923.46,0.3381,0
M01627,retail,daily,2169,66.04,143242.41,0.00736,0.01207,18,0.2225,0.5584,0,14908.66,13194.18,0.9599,1
M01628,fuel,daily,1371,47.34,64898.29,0.0034,0.00522,1,0.2553,0.7349,0,9645.03,7880.49,0.2564,0
M01629,fuel,twice_weekly,864,54.3,46918.85,0.00392,0.00484,92,0.0665,1.0501,0,6009.31,4560.94,0.1314,0
M01630,travel,weekly,2326,375.77,874037.27,0.01955,0.02752,59,0.193,0.5579,0,90376.53,94549.81,1.0,1
M01631,travel,twice_weekly,1216,294.93,358636.79,0.0002,0.00018,2,0.0986,0.8032,0,33281.54,28710.34,0.0159,0
M01632,healthcare,twice_weekly,1782,120.8,215261.02,0.0037,0.00582,71,0.1429,0.8218,0,28068.27,23994.05,0.2548,1
M01633,digital_services,daily,953,150.89,143800.16,0.01422,0.01453,3,0.1474,0.495,0,19481.36,17716.77,0.9993,1
M01634,marketplace,daily,4986,85.83,427950.55,0.00831,0.01036,40,0.4835,0.7318,0,60130.85,49203.18,0.9698,1
M01635,electronics,daily,606,371.29,224999.26,0.00909,0.00859,33,0.0506,0.9889,0,33392.2,24017.52,0.8804,1
M01636,travel,daily,868,352.75,306183.69,0.03158,0.02572,145,0.1185,0.7146,0,37478.0,30915.08,1.0,1
M01637,retail,daily,1224,76.38,93484.78,0.00293,0.00356,3,0.2337,0.706,1,14415.67,11938.72,0.3477,1
M01638,healthcare,weekly,769,140.63,108145.14,0.004,0.00382,215,0.2579,0.6996,0,14317.14,14055.2,0.2284,0
M01639,retail,twice_weekly,258,87.32,22528.6,0.00761,0.00726,13,0.0399,0.8258,0,3752.79,3201.7,0.7242,0
M01640,marketplace,twice_weekly,3757,73.62,276576.46,0.00783,0.01384,164,0.2998,0.6572,0,40007.05,36965.91,0.9838,1
M01641,restaurants,daily,1269,41.17,52242.01,0.00443,0.00478,85,0.4144,0.7515,0,9159.59,7425.34,0.372,0
M01642,grocery,daily,1887,38.06,71818.69,0.00233,0.00331,69,0.1186,1.0218,0,8886.92,6279.71,0.0488,0
M01643,travel,daily,2340,267.94,626976.41,0.00798,0.00674,137,0.3352,0.7252,0,60114.3,49342.21,0.8837,1
M01644,fuel,daily,1695,39.16,66384.24,0.00448,0.00661,5,0.327,1.1568,0,8290.04,5426.77,0.3316,1
M01645,fuel,daily,3445,36.36,125243.34,0.00224,0.00347,80,0.2427,0.7845,0,10471.7,8356.25,0.0891,0
M01646,travel,daily,1568,397.12,622684.64,0.0111,0.01054,55,0.2626,0.6115,1,49998.95,43227.91,0.9969,1
M01647,retail,daily,1670,102.77,171618.76,0.00889,0.00893,133,0.29,0.974,0,27132.11,19671.39,0.9088,0
M01648,restaurants,twice_weekly,1863,33.28,62004.02,0.00277,0.00194,27,0.3353,0.7133,0,9807.07,8830.34,0.0971,0
M01649,healthcare,daily,1785,123.38,220232.77,0.00399,0.00635,73,0.3628,0.838,0,29423.61,22873.07,0.3986,1
M01650,restaurants,daily,675,52.71,35582.21,0.00706,0.00701,20,0.2155,0.7275,0,4344.22,3561.96,0.7461,1
M01651,retail,daily,1806,105.74,190957.54,0.00358,0.00411,15,0.13,0.7008,0,22046.48,18302.51,0.1917,0
M01652,retail,daily,806,100.23,80785.98,0.0062,0.00615,23,0.043,0.4696,0,4884.47,4489.79,0.631,0
M01653,retail,daily,2239,88.29,197677.29,0.00775,0.00905,177,0.0622,0.8197,1,16283.29,12772.63,0.9391,1
M01654,grocery,daily,9464,30.79,291415.13,0.0049,0.0047,45,0.2224,0.8249,0,21682.83,16965.05,0.3057,0
M01655,electronics,twice_weekly,1370,228.83,313490.38,0.0106,0.00775,23,0.0774,0.9757,0,34669.65,27396.47,0.9248,1
M01656,retail,daily,2576,78.47,202126.9,0.00699,0.00639,51,0.2856,0.6865,0,13932.97,11643.79,0.7412,1
M01657,fuel,weekly,2546,65.46,166657.42,0.00197,0.00292,174,0.2826,0.946,0,23505.97,20439.92,0.0593,0
M01658,restaurants,daily,2491,42.17,105035.32,0.00456,0.00576,67,0.1465,0.7827,0,15953.31,12741.09,0.3402,0
M01659,retail,daily,1334,75.57,100808.27,0.00533,0.00791,65,0.0534,0.8736,0,6219.35,4749.49,0.5126,0
M01660,grocery,daily,508,41.76,21214.55,0.00041,0.00031,79,0.1392,0.6902,0,2739.95,2285.83,0.0142,0
M01661,fuel,daily,1205,66.69,80364.52,0.00424,0.00504,18,0.1112,1.0145,0,12975.25,9204.69,0.1851,1
M01662,digital_services,daily,2536,132.43,335840.86,0.01393,0.02417,169,0.02,0.6195,0,42698.5,36784.47,0.9999,1
M01663,restaurants,weekly,1895,25.9,49075.51,0.00505,0.00473,66,0.049,0.8323,0,5746.41,5294.3,0.2585,0
M01664,fuel,daily,1554,53.06,82462.83,0.00388,0.00419,44,0.08,0.9214,0,8546.88,6369.64,0.1328,0
M01665,healthcare,twice_weekly,1786,123.66,220864.74,0.00354,0.00317,121,0.2808,0.588,0,31204.18,29739.45,0.2063,0
M01666,restaurants,daily,1421,65.6,93223.16,0.00643,0.00468,228,0.1553,0.8872,0,15302.43,11605.59,0.4196,0
M01667,restaurants,daily,1361,34.0,46277.88,0.00351,0.00567,43,0.1205,0.8888,0,4787.58,3628.0,0.1954,0
M01668,fuel,daily,1713,43.07,73771.76,0.00395,0.00392,18,0.0218,1.1406,0,11005.35,7273.0,0.0879,0
M01669,grocery,daily,382,35.23,13457.83,0.00315,0.00451,64,0.2356,0.8714,0,1131.0,864.66,0.1437,0
M01670,healthcare,daily,5035,152.03,765470.54,0.00074,0.00094,327,0.4059,0.6298,0,133593.07,114558.12,0.0561,0
M01671,retail,weekly,842,121.94,102672.23,0.0059,0.00868,31,0.4042,0.7049,0,7528.21,7372.3,0.8149,1
M01672,digital_services,twice_weekly,1154,82.5,95203.61,0.01017,0.016,97,0.1481,0.9277,0,11292.65,9151.05,0.9938,1
M01673,restaurants,weekly,1894,54.68,103564.39,0.00663,0.01029,3,0.3518,1.2206,0,10682.87,7954.57,0.8086,1
M01674,grocery,daily,824,29.88,24618.67,0.00238,0.00402,13,0.334,0.5557,0,2898.83,2568.56,0.1755,0
M01675,restaurants,twice_weekly,3382,27.44,92798.04,0.003,0.00322,66,0.1037,0.8876,0,7116.13,5886.57,0.0793,0
M01676,electronics,daily,1242,188.95,234671.56,0.01241,0.01271,65,0.2067,0.9334,0,22896.11,16957.81,0.9942,1
M01677,marketplace,twice_weekly,3729,57.57,214688.4,0.01158,0.0136,52,0.3638,0.9171,0,27344.3,22280.57,0.9953,1
M01678,travel,weekly,4396,283.13,1244640.42,0.01519,0.01195,83,0.1906,0.8586,0,221734.87,201629.88,0.9992,1
M01679,healthcare,twice_weekly,6658,137.86,917858.81,0.00076,0.0012,36,0.2749,0.531,0,102589.29,100227.81,0.0541,0
M01680,gaming,weekly,993,132.74,131815.38,0.01018,0.01001,9,0.472,0.4657,0,21872.47,23799.52,0.9919,1
M01681,restaurants,twice_weekly,1465,73.55,107745.14,0.00532,0.0047,10,0.2656,0.7399,0,17547.36,15603.95,0.4245,0
M01682,restaurants,daily,876,46.59,40813.37,0.00263,0.00242,81,0.0635,0.7245,0,7143.77,5865.51,0.0639,0
M01683,restaurants,twice_weekly,1369,41.24,56459.05,0.00127,0.00132,37,0.2051,0.9621,0,6235.08,4962.53,0.0225,0
M01684,retail,daily,3119,49.59,154676.2,0.00375,0.00555,192,0.0917,0.7107,0,14501.8,11984.03,0.2573,1
M01685,grocery,weekly,978,52.11,50963.72,0.00115,0.00111,72,0.0492,0.5502,0,3238.22,3398.98,0.0269,0
M01686,retail,twice_weekly,2561,126.74,324582.74,0.00829,0.01021,81,0.3683,0.8658,0,40466.76,33845.75,0.9432,1
M01687,gaming,daily,1612,150.62,242805.4,0.00788,0.01195,21,0.2351,0.7177,0,20895.06,17211.13,0.971,1
M01688,gaming,daily,1570,73.14,114827.49,0.02511,0.04314,6,0.3356,0.7792,0,9445.11,7556.15,1.0,1
M01689,digital_services,daily,818,83.31,68150.98,0.00895,0.01313,50,0.1567,0.7653,0,4463.87,3594.96,0.9794,1
M01690,retail,daily,2014,84.66,170495.47,0.00758,0.01004,44,0.1334,0.8101,0,22309.99,17582.34,0.8847,1
M01691,restaurants,daily,2392,44.31,105997.32,0.00452,0.00319,143,0.2528,0.7103,0,9241.92,7638.89,0.229,0
M01692,healthcare,twice_weekly,1512,106.05,160348.07,0.00181,0.00293,25,0.0507,0.7994,0,22009.76,19021.89,0.0488,0
M01693,retail,daily,795,63.71,50651.12,0.00511,0.00889,134,0.0652,0.7756,0,7483.83,5997.4,0.609,1
M01694,marketplace,weekly,1557,92.39,143844.0,0.01884,0.03242,25,0.1475,0.7125,0,21327.7,20811.56,1.0,1
M01695,marketplace,daily,1049,65.6,68809.31,0.00368,0.00311,57,0.3189,0.6586,0,11323.56,9584.88,0.2193,0
M01696,gaming,daily,616,117.96,72660.35,0.0339,0.04471,34,0.2007,1.0248,0,6375.91,4497.82,1.0,1
M01697,fuel,daily,533,53.37,28443.56,0.00435,0.00366,10,0.4225,0.7727,0,5099.5,4092.46,0.283,0
M01698,restaurants,weekly,1058,37.01,39151.43,0.00594,0.00793,46,0.1836,1.0232,0,4083.75,3407.7,0.5741,1
M01699,electronics,daily,586,296.89,173974.92,0.01742,0.01647,9,0.3357,0.5976,0,14417.99,12542.56,0.9999,1
M01700,marketplace,daily,514,14.87,7644.75,0.00948,0.01106,148,0.02,0.7053,0,1279.93,1060.36,0.9621,1
M01701,healthcare,daily,722,175.29,126559.01,0.00355,0.00455,180,0.6533,1.18,0,15058.23,9723.12,0.2204,0
M01702,electronics,twice_weekly,2434,307.94,749534.33,0.01315,0.01894,99,0.2827,0.7079,0,92370.66,83383.25,0.9997,1
M01703,retail,daily,6567,84.87,557361.96,0.0002,0.00035,3,0.1457,0.6929,0,82231.13,68518.18,0.0199,0
M01704,digital_services,twice_weekly,1891,160.27,303078.55,0.01403,0.01665,15,0.0978,0.796,0,50755.32,43937.11,0.9993,1
M01705,travel,twice_weekly,7410,305.99,2267375.3,0.01436,0.02282,46,0.4308,1.0713,0,256409.0,192324.88,1.0,1
M01706,electronics,twice_weekly,1885,359.79,678199.48,0.016,0.02161,50,0.1944,0.7342,0,114708.59,102278.72,1.0,1
M01707,grocery,daily,1810,42.05,76113.29,0.0022,0.00299,119,0.1704,0.835,0,11335.02,8824.7,0.0613,0
M01708,travel,daily,3965,277.84,1101638.87,0.03175,0.04667,31,0.1087,0.8643,0,123477.07,94738.63,1.0,1
M01709,healthcare,daily,2210,145.69,321965.88,0.0037,0.00507,0,0.2125,0.6778,0,30913.89,25938.11,0.2953,0
M01710,retail,daily,774,106.12,82137.17,0.00744,0.00702,33,0.2163,0.9197,0,8938.84,6667.63,0.7221,1
M01711,restaurants,twice_weekly,1447,43.52,62976.39,0.00246,0.00239,70,0.0881,0.7631,0,5903.39,5192.12,0.058,0
M01712,retail,daily,420,114.21,47969.57,0.01101,0.01366,6,0.1983,0.9245,0,7094.59,5278.9,0.9909,1
M01713,electronics,daily,10981,128.7,1413299.28,0.00845,0.00838,54,0.2992,0.6835,0,143509.51,120097.86,0.9502,1
M01714,healthcare,daily,1551,91.84,142444.56,0.00311,0.00258,7,0.1672,0.9222,0,20936.88,15596.88,0.0788,1
M01715,retail,daily,1993,108.16,215556.06,0.00621,0.00808,157,0.275,0.8782,0,20418.42,15556.31,0.7176,1
M01716,restaurants,daily,6184,56.87,351675.46,0.00039,0.00041,193,0.3136,0.9222,0,41042.48,30575.39,0.0163,0
M01717,retail,twice_weekly,563,66.68,37538.74,0.0002,0.00025,20,0.1696,0.839,0,3823.87,3241.18,0.012,0
M01718,digital_services,daily,2370,113.34,268605.5,0.01663,0.02672,308,0.0892,0.8688,0,36201.85,27713.6,1.0,1
M01719,marketplace,weekly,1046,46.07,48189.6,0.02022,0.02993,2,0.3067,0.8717,0,3628.01,3277.53,1.0,1
M01720,restaurants,twice_weekly,4518,51.68,233503.21,0.0046,0.00723,111,0.0739,0.8539,0,19021.24,16003.85,0.3992,1
M01721,grocery,daily,499,51.97,25930.68,0.00339,0.00342,21,0.0516,1.0221,0,4068.5,2874.38,0.0721,0
M01722,fuel,daily,2671,76.05,203128.68,0.00421,0.00416,132,0.2899,0.7568,0,12888.27,10421.62,0.2533,1
M01723,marketplace,daily,871,53.01,46170.28,0.00477,0.00552,172,0.4357,0.5524,0,7079.04,6281.31,0.5893,0
M01724,digital_services,daily,1914,87.99,168408.4,0.0228,0.02641,6,0.0459,0.5952,0,12330.94,10738.17,1.0,1
M01725,gaming,daily,482,120.86,58253.38,0.03631,0.06364,63,0.1153,0.7183,0,7601.4,6259.4,1.0,1
M01726,grocery,weekly,266,47.12,12534.59,0.00104,0.00132,6,0.2117,1.0404,0,1099.65,908.96,0.0179,0
M01727,retail,twice_weekly,686,55.44,38032.85,0.00827,0.01169,20,0.1647,0.8603,0,4816.0,4039.01,0.9449,1
M01728,healthcare,daily,1397,114.91,160527.23,0.00305,0.00411,93,0.239,0.674,0,23304.66,19587.67,0.1789,0
M01729,grocery,daily,2589,43.33,112179.15,0.00161,0.00159,61,0.1985,0.8071,1,11720.32,9250.65,0.0958,0
M01730,retail,daily,2091,41.56,86892.35,0.00249,0.00434,107,0.337,0.6196,0,14503.98,12494.7,0.1939,0
M01731,electronics,weekly,2361,288.16,680338.25,0.00966,0.01412,74,0.1214,0.8615,0,117731.03,106900.96,0.9908,1
M01732,grocery,daily,145,35.69,5175.24,0.00341,0.00347,39,0.0296,0.783,0,780.29,623.1,0.097,0
M01733,restaurants,twice_weekly,1329,36.75,48845.37,0.00663,0.00669,45,0.136,0.9188,0,5816.4,4735.26,0.5737,1
M01734,retail,twice_weekly,1613,75.57,121889.36,0.00664,0.00772,76,0.1593,0.7512,0,15133.06,13385.2,0.7303,1
M01735,healthcare,daily,1114,125.77,140106.85,0.00178,0.00198,187,0.1971,0.8784,0,11070.51,8433.55,0.0383,0
M01736,restaurants,daily,2092,55.08,115218.86,0.00566,0.00628,17,0.3598,0.8757,0,18572.98,14168.55,0.5705,0
M01737,healthcare,daily,1424,148.19,211029.67,0.00227,0.00174,12,0.0448,0.6784,0,14792.44,12408.13,0.0493,0
M01738,fuel,weekly,6220,92.11,572907.77,0.00235,0.00332,153,0.2252,0.8707,0,51390.95,46447.69,0.0877,0
M01739,gaming,daily,2713,128.52,348667.63,0.02545,0.02432,81,0.1678,0.5634,0,34302.02,30291.86,1.0,1
M01740,restaurants,twice_weekly,6294,52.71,331787.06,0.00368,0.00296,35,0.0733,0.8303,0,23878.74,20327.51,0.1071,1
M01741,retail,twice_weekly,4286,81.95,351246.3,0.01078,0.00975,65,0.2018,0.9478,0,50254.84,40301.35,0.967,1
M01742,retail,weekly,748,99.75,74610.78,0.00849,0.01204,22,0.2797,0.9188,0,9155.88,8074.96,0.9598,1
M01743,grocery,daily,1078,49.82,53701.57,0.00114,0.00159,149,0.1352,0.9778,0,5727.33,4144.1,0.0187,0
M01744,electronics,daily,1067,240.53,256643.23,0.01736,0.01994,124,0.3335,0.6912,0,17253.69,14387.85,1.0,1
M01745,marketplace,twice_weekly,1110,57.36,63675.0,0.01103,0.00801,227,0.2168,0.9116,0,7175.78,5863.51,0.9526,1
M01746,digital_services,daily,451,85.41,38521.56,0.02526,0.02203,202,0.0498,0.7154,0,4593.16,3787.31,1.0,1
M01747,restaurants,weekly,1791,38.96,69778.78,0.00477,0.0053,13,0.1374,0.936,0,6022.32,5264.3,0.2781,0
M01748,gaming,daily,737,95.07,70067.85,0.03116,0.04108,7,0.1351,0.8822,0,12457.69,9472.08,1.0,1
M01749,travel,daily,482,241.13,116225.35,0.01867,0.02396,107,0.1,0.5534,0,18158.19,16105.34,1.0,1
M01750,travel,twice_weekly,2720,311.34,846847.22,0.01479,0.01803,64,0.02,0.4909,0,96327.03,95731.31,0.9998,1
M01751,digital_services,daily,2501,123.64,309228.09,0.01065,0.01358,25,0.1244,0.9215,0,39353.63,29326.51,0.99,1
M01752,fuel,daily,550,52.17,28693.55,0.00341,0.0044,14,0.3057,0.5618,0,3443.18,3042.71,0.2684,1
M01753,healthcare,daily,16505,175.92,2903602.32,0.00345,0.0053,87,0.1478,0.8395,0,485661.46,377251.25,0.5098,0
M01754,restaurants,daily,1638,45.84,75080.05,0.00376,0.00597,22,0.19,0.7038,0,9528.58,7899.46,0.3246,1
M01755,retail,weekly,1614,58.61,94596.04,0.00373,0.00657,14,0.16,0.9714,0,6732.58,5776.61,0.2676,0
M01756,digital_services,daily,689,102.12,70360.38,0.00748,0.00621,141,0.0375,0.7682,0,7550.17,6072.28,0.6848,1
M01757,fuel,daily,885,38.92,34446.23,0.00363,0.00318,34,0.047,0.715,0,4233.29,3491.27,0.1145,0
M01758,electronics,daily,717,233.07,167112.84,0.01656,0.02283,58,0.2226,0.7737,0,20206.36,16208.25,1.0,1
M01759,healthcare,weekly,2887,127.91,369285.9,0.00251,0.00262,3,0.1079,0.6855,0,41018.11,40529.46,0.0878,0
M01760,healthcare,daily,1646,214.2,352566.27,0.00336,0.00374,28,0.2683,0.9125,0,40922.95,30638.33,0.1467,0
M01761,retail,weekly,762,68.86,52475.01,0.00708,0.00914,126,0.3319,0.8192,0,4104.0,3805.58,0.8597,1
M01762,fuel,weekly,1169,46.92,54844.01,0.00292,0.00429,9,0.1532,0.8228,0,4739.43,4386.86,0.1261,0
M01763,fuel,daily,912,35.73,32588.31,0.0043,0.00421,15,0.3861,1.0148,0,2232.36,1583.46,0.2226,1
M01764,grocery,twice_weekly,1822,53.96,98321.71,0.00194,0.00275,172,0.2175,0.9182,0,17657.72,14379.38,0.0498,0
M01765,grocery,twice_weekly,1036,9.55,9889.0,0.00248,0.00256,0,0.2709,0.6541,0,1383.08,1279.75,0.098,0
M01766,grocery,daily,466,23.41,10908.01,0.00166,0.00221,105,0.1573,1.0589,0,1427.39,988.21,0.0257,0
M01767,electronics,daily,1517,255.76,387989.77,0.01573,0.01671,191,0.1029,0.855,0,36615.57,28224.86,0.9996,1
M01768,grocery,twice_weekly,2089,33.84,70692.24,0.00183,0.00283,31,0.2566,0.7731,0,5716.14,5003.38,0.0635,0
M01769,grocery,twice_weekly,1197,55.99,67025.26,0.00172,0.00194,102,0.3048,0.8185,0,4792.37,4103.4,0.0461,0
M01770,restaurants,twice_weekly,1078,55.4,59725.84,0.00267,0.00297,0,0.0598,0.7675,0,3785.87,3322.73,0.0763,0
M01771,digital_services,weekly,1331,78.47,104448.47,0.01703,0.01585,13,0.1554,0.7424,0,15207.49,14632.53,0.9998,1
M01772,restaurants,daily,1840,75.04,138069.64,0.00665,0.00709,134,0.2837,0.6261,0,20314.15,17448.54,0.7724,1
M01773,digital_services,twice_weekly,4080,135.72,553745.45,0.00812,0.01185,161,0.19,1.0525,0,41369.6,31355.31,0.9423,1
M01774,healthcare,weekly,1073,114.55,122909.58,0.0037,0.00365,65,0.2455,0.7727,0,18830.39,17859.13,0.1783,0
M01775,digital_services,daily,1038,57.91,60114.31,0.01174,0.01549,28,0.2245,0.6859,0,4841.9,4047.39,0.9979,1
M01776,gaming,daily,2742,93.52,256431.46,0.04843,0.08215,13,0.1152,0.5706,0,32197.89,28344.24,1.0,1
M01777,marketplace,daily,624,42.71,26648.72,0.00863,0.01284,8,0.2569,1.1794,1,3365.23,2173.7,0.9861,1
M01778,travel,weekly,692,300.36,207848.35,0.02603,0.02508,68,0.3032,0.8213,0,16650.4,15423.12,1.0,1
M01779,retail,daily,1347,61.79,83228.65,0.00425,0.00488,93,0.1696,0.8789,0,8224.17,6263.68,0.2306,0
M01780,travel,twice_weekly,857,543.75,465996.67,0.02428,0.03631,6,0.2134,0.8106,0,69696.25,59907.94,1.0,1
M01781,fuel,daily,4765,52.14,248431.92,0.00586,0.00454,85,0.1977,0.8017,0,18994.28,15031.09,0.3922,0
M01782,restaurants,daily,558,36.35,20282.37,0.0002,0.00025,103,0.0408,0.8231,0,2773.69,2172.08,0.0091,0
M01783,retail,twice_weekly,2321,93.97,218115.53,0.00916,0.01643,53,0.1627,0.8296,0,20661.56,17594.73,0.992,1
M01784,fuel,daily,1350,56.87,76773.82,0.00482,0.00733,16,0.356,0.6335,0,5747.48,4920.37,0.6343,0
M01785,retail,weekly,876,81.39,71293.29,0.00954,0.01542,83,0.1633,0.7872,0,5868.45,5526.95,0.9908,1
M01786,restaurants,daily,814,63.68,51838.39,0.00461,0.00747,365,0.383,0.8986,0,8617.29,6497.69,0.5311,1
M01787,retail,weekly,2992,58.27,174349.5,0.0059,0.00661,28,0.2878,0.6133,0,29346.06,29961.39,0.7005,1
M01788,marketplace,daily,4576,74.22,339648.62,0.01318,0.01611,117,0.2291,0.7004,0,50526.65,41955.02,0.9991,1
M01789,restaurants,weekly,1296,38.25,49568.68,0.00442,0.0054,74,0.2861,0.7834,0,6055.41,5713.47,0.3498,0
M01790,grocery,twice_weekly,340,49.9,16964.68,0.00152,0.00209,58,0.2727,0.7361,0,1362.53,1213.77,0.0469,0
M01791,restaurants,daily,1822,38.61,70350.47,0.0026,0.00335,133,0.0929,0.8206,0,6662.08,5223.43,0.0756,0
M01792,retail,daily,1604,86.47,138695.41,0.00467,0.00451,6,0.1281,0.892,0,13037.33,9863.68,0.242,0
M01793,fuel,daily,864,46.7,40347.84,0.00187,0.00313,155,0.1144,0.774,0,6924.1,5553.26,0.0558,0
M01794,marketplace,twice_weekly,1775,47.14,83670.85,0.01452,0.01293,23,0.1555,0.9948,0,9134.54,7144.92,0.9974,1
M01795,healthcare,twice_weekly,2467,125.26,309022.13,0.00263,0.00464,18,0.3622,1.2005,0,43530.89,30288.67,0.1116,1
M01796,retail,daily,1361,78.06,106237.46,0.00817,0.01178,151,0.1959,0.7588,0,7691.63,6213.68,0.9529,1
M01797,digital_services,daily,833,89.94,74922.47,0.01169,0.01644,92,0.2521,0.7733,0,9106.76,7306.15,0.9982,1
M01798,retail,twice_weekly,1947,129.9,252912.09,0.00668,0.00983,63,0.4201,1.0222,0,15732.88,12124.84,0.8484,1
M01799,digital_services,daily,1210,78.06,94454.93,0.01148,0.01374,77,0.3047,0.8544,0,7044.49,5431.77,0.9952,1
M01800,digital_services,twice_weekly,1229,68.37,84028.21,0.02816,0.042,28,0.1988,0.5901,0,8865.28,8441.06,1.0,1
M01801,digital_services,daily,729,99.51,72544.1,0.00453,0.0036,62,0.1435,0.4529,0,5262.9,4871.6,0.3322,1
M01802,digital_services,twice_weekly,984,102.12,100488.85,0.01121,0.01216,5,0.103,0.7848,0,6113.16,5320.78,0.9892,1
M01803,grocery,weekly,563,58.64,33012.6,0.00253,0.00301,224,0.1191,0.8206,0,5182.78,4802.48,0.0655,0
M01804,marketplace,daily,2527,42.84,108249.3,0.01008,0.01279,58,0.1823,0.5913,0,6689.01,5835.2,0.9896,1
M01805,marketplace,daily,2420,70.62,170908.21,0.0079,0.0077,69,0.2315,0.6679,0,24198.18,20396.06,0.8778,1
M01806,marketplace,daily,3215,52.97,170296.03,0.01347,0.02316,140,0.3966,0.8926,0,11363.25,8594.66,0.9999,1
M01807,grocery,daily,1448,49.23,71292.26,0.00342,0.00284,14,0.2811,0.753,0,12278.86,9946.89,0.137,0
M01808,travel,daily,613,444.59,272534.18,0.00901,0.00655,20,0.1149,0.8462,0,38889.08,30108.78,0.8587,1
M01809,retail,weekly,1237,77.53,95909.93,0.00695,0.0119,245,0.2645,0.6329,0,10168.26,10290.68,0.9446,1
M01810,grocery,twice_weekly,3528,40.73,143688.03,0.00212,0.00288,150,0.0713,0.5718,0,13450.99,12910.82,0.0732,0
M01811,fuel,daily,2350,79.88,187716.58,0.00297,0.00333,42,0.172,0.9527,0,11317.03,8297.63,0.0802,0
M01812,travel,twice_weekly,957,311.53,298137.28,0.00922,0.01194,4,0.0748,0.6419,0,20560.02,19129.19,0.9795,1
M01813,restaurants,daily,1661,44.84,74473.86,0.00257,0.00221,64,0.2212,0.6778,0,6009.25,5042.04,0.0814,0
M01814,retail,twice_weekly,2443,129.21,315660.49,0.00877,0.01076,173,0.2655,0.9035,0,21732.21,17831.86,0.9477,1
M01815,restaurants,daily,834,53.72,44802.43,0.00477,0.00349,75,0.283,0.6152,0,6903.19,5958.38,0.3089,0
M01816,digital_services,twice_weekly,788,77.1,60751.39,0.0266,0.02263,30,0.3079,0.6853,0,8547.07,7796.5,1.0,1
M01817,restaurants,weekly,584,43.88,25625.55,0.00283,0.00405,33,0.2811,0.8338,0,3628.52,3340.42,0.1358,0
M01818,travel,twice_weekly,863,391.39,337766.53,0.011,0.01281,37,0.213,0.783,0,21190.17,18459.84,0.9926,1
M01819,gaming,weekly,6730,121.77,819501.51,0.02754,0.03898,157,0.4458,0.9351,0,62884.87,54995.04,1.0,1
M01820,digital_services,daily,1495,93.58,139907.8,0.00233,0.00316,140,0.3111,0.8899,0,19411.82,14702.56,0.1013,0
M01821,healthcare,weekly,1938,158.11,306409.74,0.00445,0.0072,77,0.1136,0.829,0,31531.68,29097.73,0.4158,1
M01822,gaming,daily,1222,119.21,145673.72,0.02799,0.03829,50,0.1073,0.6627,0,19513.34,16485.97,1.0,1
M01823,gaming,twice_weekly,2203,150.78,332163.79,0.02874,0.0426,161,0.2779,0.768,0,36033.59,31617.12,1.0,1
M01824,digital_services,daily,970,112.22,108852.32,0.01263,0.02112,204,0.1016,1.1876,0,19068.89,12257.08,0.9993,1
M01825,marketplace,daily,2255,52.29,117924.28,0.01035,0.00793,141,0.1001,0.5103,0,14042.4,12687.63,0.9581,1
M01826,grocery,daily,1405,43.73,61434.2,0.00111,0.00162,40,0.1058,0.7845,0,9260.65,7389.58,0.0242,0
M01827,gaming,daily,516,117.2,60475.08,0.02992,0.03109,36,0.0351,0.6514,0,6566.14,5576.04,1.0,1
M01828,gaming,twice_weekly,10647,142.39,1516058.39,0.03303,0.05464,69,0.2435,0.2945,0,127539.33,137272.84,1.0,1
M01829,healthcare,weekly,1191,86.42,102924.12,0.0028,0.00299,79,0.6277,0.9443,0,15002.75,13057.48,0.1478,0
M01830,gaming,weekly,963,75.36,72573.54,0.02133,0.02258,22,0.4009,0.6465,0,7938.63,7984.84,1.0,1
M01831,travel,daily,4295,324.83,1395141.09,0.00745,0.01118,309,0.3825,0.764,0,238358.95,192080.24,0.9782,1
M01832,electronics,weekly,680,150.1,102064.67,0.01161,0.00911,12,0.1337,0.9685,0,11975.41,10291.12,0.9698,1
M01833,travel,daily,1175,259.58,305004.49,0.0086,0.01086,67,0.3375,0.6401,0,25932.19,22134.44,0.9748,1
M01834,fuel,daily,1548,49.51,76644.32,0.00141,0.00143,38,0.2942,0.8159,0,9987.05,7848.52,0.0353,0
M01835,fuel,weekly,478,65.49,31302.8,0.00318,0.0033,2,0.2432,0.9616,0,4588.81,3957.63,0.1012,0
M01836,grocery,daily,1232,47.1,58021.89,0.003,0.00494,82,0.2551,0.5677,1,7368.48,6494.77,0.4817,0
M01837,grocery,daily,575,61.52,35373.61,0.00078,0.00116,41,0.0665,1.0409,0,5700.41,3986.14,0.0111,0
M01838,travel,daily,3076,184.62,567886.12,0.03413,0.02427,3,0.0501,0.4328,0,57328.92,53508.86,1.0,1
M01839,restaurants,daily,1332,32.98,43930.22,0.00807,0.0115,290,0.3707,1.0725,0,6052.97,4159.03,0.9346,1
M01840,marketplace,twice_weekly,1114,48.09,53575.47,0.02377,0.0388,147,0.2279,0.689,0,5596.95,5096.69,1.0,1
M01841,grocery,daily,1962,41.26,80955.46,0.00225,0.00246,10,0.0576,0.728,0,9735.25,7980.33,0.0547,0
M01842,digital_services,daily,376,92.31,34710.35,0.02304,0.04088,1,0.2887,0.673,1,4595.06,3863.87,1.0,1
M01843,fuel,daily,1106,45.27,50068.18,0.00281,0.002,87,0.1028,0.7152,0,3473.4,2864.33,0.0628,0
M01844,electronics,daily,609,294.12,179122.09,0.02146,0.03521,85,0.1661,0.6128,0,17428.99,15059.9,1.0,1
M01845,fuel,twice_weekly,3169,43.18,136848.29,0.0011,0.00166,89,0.2036,0.7803,0,23015.36,20075.52,0.0312,0
M01846,digital_services,weekly,1993,107.19,213628.25,0.01013,0.01245,169,0.2395,0.699,0,19335.57,18987.0,0.9889,1
M01847,retail,twice_weekly,944,109.21,103095.43,0.00761,0.01278,46,0.1317,0.9532,0,7356.77,5883.01,0.934,1
M01848,digital_services,weekly,3197,95.12,304104.57,0.01777,0.02325,46,0.2218,0.9557,0,39840.02,34468.06,1.0,1
M01849,travel,daily,424,218.43,92615.66,0.01082,0.01803,221,0.0815,0.9688,0,12378.63,8999.23,0.9973,1
M01850,restaurants,weekly,545,37.64,20512.37,0.00726,0.01227,41,0.0977,0.6678,0,3276.26,3263.6,0.9365,1
M01851,retail,daily,610,88.44,53947.58,0.00621,0.00978,51,0.1539,0.6486,0,8509.55,7235.58,0.8312,1
M01852,healthcare,daily,1243,120.74,150082.43,0.00402,0.0068,35,0.2332,0.7878,0,25231.92,20102.38,0.3996,1
M01853,gaming,twice_weekly,1320,148.76,196358.13,0.0085,0.01182,2,0.0506,0.4729,0,17911.0,17935.43,0.9792,1
M01854,restaurants,daily,644,48.26,31081.83,0.00292,0.00512,120,0.02,0.818,0,3060.12,2402.39,0.1266,0
M01855,restaurants,weekly,467,27.06,12637.65,0.0052,0.00443,117,0.1583,0.877,0,1083.84,976.51,0.273,1
M01856,electronics,twice_weekly,467,362.03,169069.35,0.0002,0.00021,107,0.2867,1.0325,0,27861.56,21351.59,0.0127,0
M01857,fuel,weekly,1114,46.39,51683.98,0.00362,0.00292,48,0.328,0.659,0,5311.37,5312.25,0.1767,1
M01858,retail,daily,2229,96.29,214639.8,0.00559,0.00771,7,0.1166,0.7432,0,17214.04,14010.28,0.6291,1
M01859,retail,daily,896,118.33,106020.26,0.00443,0.00726,87,0.3085,0.7224,0,10436.28,8577.17,0.5378,0
M01860,retail,twice_weekly,996,49.62,49425.98,0.00774,0.01352,27,0.2605,0.8915,0,7194.33,5939.39,0.9644,1
M01861,digital_services,daily,3472,76.4,265277.15,0.01008,0.00984,9,0.1668,0.7898,0,32254.16,25671.68,0.969,1
M01862,electronics,daily,1751,259.22,453902.21,0.00717,0.0117,16,0.1992,0.8084,0,78187.33,61671.11,0.9464,1
M01863,electronics,twice_weekly,538,139.5,75051.26,0.00633,0.01116,49,0.3094,0.6589,0,13408.25,12379.38,0.9251,0
M01864,gaming,weekly,916,114.58,104959.27,0.02334,0.02148,43,0.2638,0.8733,0,13273.41,11981.23,1.0,1
M01865,digital_services,twice_weekly,2057,46.46,95564.42,0.02136,0.03545,78,0.1696,0.7333,0,9008.17,8035.43,1.0,1
M01866,restaurants,daily,2053,27.71,56886.26,0.00513,0.00517,23,0.1638,1.0211,0,8959.26,6333.21,0.2815,0
M01867,electronics,daily,1521,315.13,479318.19,0.00691,0.00674,99,0.1117,0.6504,1,34474.4,29289.95,0.8986,1
M01868,fuel,twice_weekly,399,74.17,29595.22,0.00311,0.00444,5,0.331,0.5156,0,2898.15,2850.22,0.2711,0
M01869,gaming,daily,1391,146.93,204380.89,0.02145,0.03851,178,0.251,0.7255,0,17912.73,14700.88,1.0,1
M01870,restaurants,daily,1205,74.72,90041.56,0.0024,0.00262,158,0.086,0.8082,0,15008.6,11839.68,0.0577,0
M01871,retail,daily,793,68.78,54540.61,0.00473,0.00672,288,0.0372,0.8371,0,6846.6,5324.66,0.3606,1
M01872,travel,daily,404,437.05,176567.91,0.00799,0.00932,14,0.177,0.662,1,10968.69,9269.78,0.975,1
M01873,electronics,daily,917,237.43,217724.08,0.00216,0.00342,123,0.186,0.6245,0,27663.25,23778.68,0.1233,0
M01874,electronics,daily,4795,284.12,1362370.69,0.02491,0.03491,90,0.2779,0.858,0,127760.8,98332.97,1.0,1
M01875,healthcare,twice_weekly,988,116.59,115186.22,0.00446,0.00542,158,0.1762,0.8554,0,10583.38,8897.58,0.286,0
M01876,restaurants,daily,1725,47.52,81975.53,0.00358,0.0062,38,0.1985,0.957,0,8782.38,6424.95,0.2372,0
M01877,retail,twice_weekly,588,84.28,49557.48,0.00386,0.00673,28,0.0885,0.9097,0,3744.25,3062.58,0.2746,0
M01878,retail,daily,4758,100.18,476641.22,0.00899,0.01211,22,0.0495,0.7905,0,74792.95,59510.68,0.9683,1
M01879,digital_services,weekly,2009,109.55,220087.74,0.02219,0.02727,87,0.1007,0.5637,0,15544.22,16220.9,1.0,1
M01880,digital_services,daily,2898,88.43,256256.89,0.02194,0.0211,185,0.1232,0.6793,0,37170.32,31166.86,1.0,1
M01881,gaming,daily,1872,141.05,264050.52,0.03078,0.02906,6,0.1194,0.3798,0,40022.63,38173.29,1.0,1
M01882,digital_services,daily,1953,129.69,253275.81,0.01558,0.01335,67,0.2413,0.8384,0,40037.51,31117.42,0.9991,1
M01883,retail,daily,1287,88.1,113379.06,0.00922,0.0151,106,0.4431,0.6585,0,12329.55,10436.48,0.9943,1
M01884,restaurants,daily,1746,28.53,49819.04,0.00314,0.00253,77,0.2646,0.9637,0,3133.89,2284.48,0.0791,0
M01885,retail,weekly,1947,81.23,158163.12,0.00431,0.00709,1,0.0903,0.5399,0,22958.67,24205.96,0.5212,0
M01886,retail,weekly,650,75.16,48855.56,0.00289,0.00338,2,0.0557,0.7827,0,8278.48,7813.93,0.0942,0
M01887,grocery,daily,984,33.33,32793.48,0.00175,0.00133,303,0.1961,0.5743,0,5364.06,4714.46,0.0468,0
M01888,fuel,daily,3120,33.23,103672.16,0.00482,0.00561,224,0.2833,0.8625,0,8156.96,6264.08,0.3684,1
M01889,restaurants,twice_weekly,2693,47.22,127153.21,0.00484,0.00466,38,0.0685,1.1872,0,13555.13,9507.24,0.1561,0
M01890,travel,twice_weekly,551,400.88,220883.98,0.02216,0.01676,365,0.4535,0.571,1,27806.05,26698.73,1.0,1
M01891,fuel,daily,648,54.69,35439.45,0.00218,0.00344,4,0.3522,0.7949,0,3013.33,2392.51,0.1055,0
M01892,restaurants,twice_weekly,3474,38.31,133085.82,0.00315,0.00502,183,0.3644,0.9346,1,22437.55,18117.55,0.4338,0
M01893,digital_services,daily,3708,86.93,322331.64,0.0123,0.02077,129,0.3167,0.7702,0,45177.19,36298.4,0.9997,1
M01894,grocery,twice_weekly,1548,43.52,67371.54,0.00278,0.00252,2,0.1748,0.7828,0,7859.68,6847.47,0.0791,0
M01895,retail,daily,1722,69.57,119806.19,0.0066,0.00551,68,0.0605,1.0159,0,12656.31,8971.95,0.4139,0
M01896,fuel,daily,752,43.04,32367.73,0.00594,0.01052,129,0.1934,0.7145,0,2599.43,2144.36,0.8312,1
M01897,marketplace,daily,740,88.96,65831.46,0.01944,0.02368,161,0.0277,0.9324,0,8007.82,5933.99,1.0,1
M01898,retail,twice_weekly,3191,108.5,346232.46,0.00193,0.00159,105,0.4623,0.5708,0,24007.82,23053.68,0.0989,0
M01899,grocery,daily,1189,60.36,71766.37,0.00037,0.00058,7,0.2559,1.0369,0,12635.41,8854.86,0.0119,0
M01900,grocery,twice_weekly,230,45.94,10566.54,0.00243,0.00339,7,0.1666,0.8421,0,1309.89,1108.6,0.0773,0
M01901,digital_services,twice_weekly,1896,85.0,161158.5,0.01079,0.00757,12,0.4218,0.7613,1,11639.44,10245.73,0.9898,1
M01902,grocery,twice_weekly,1587,31.47,49945.09,0.00052,0.00075,1,0.2556,0.6822,0,4008.04,3661.29,0.0232,0
M01903,restaurants,daily,2426,36.57,88715.65,0.00596,0.00868,2,0.2885,0.7027,0,12716.12,10547.71,0.7944,1
M01904,fuel,daily,814,59.96,48806.95,0.003,0.005,230,0.1504,0.6467,0,3647.16,3103.81,0.1885,0
M01905,digital_services,daily,302,94.35,28494.71,0.00639,0.00555,84,0.2843,0.5351,0,2385.46,2132.55,0.7062,1
M01906,travel,twice_weekly,3451,215.99,745376.75,0.02383,0.03141,91,0.3061,1.0673,0,87215.77,65562.52,1.0,1
M01907,travel,weekly,517,383.66,198353.9,0.01055,0.01855,13,0.3113,0.7812,0,17004.36,16061.66,0.9988,1
M01908,grocery,daily,10580,39.04,413052.6,0.00227,0.00292,1,0.2804,0.7701,0,26535.2,21321.49,0.0923,0
M01909,restaurants,weekly,1129,28.67,32364.67,0.00352,0.00513,29,0.0247,0.6341,0,3093.72,3129.25,0.2091,0
M01910,healthcare,daily,4439,74.82,332106.01,0.00337,0.00357,136,0.1299,0.8974,0,53350.01,40253.25,0.117,0
M01911,grocery,daily,2874,49.99,143662.34,0.00172,0.00207,37,0.1375,0.8034,0,18485.58,14616.19,0.0386,0
M01912,fuel,daily,665,35.55,23643.11,0.00427,0.00449,35,0.3429,0.5725,1,2373.56,2087.78,0.6266,1
M01913,healthcare,twice_weekly,725,163.08,118236.03,0.00491,0.00737,9,0.1093,0.648,0,20619.33,19131.22,0.5558,1
M01914,digital_services,daily,358,125.7,45000.95,0.00947,0.01009,13,0.1813,0.8099,0,5409.43,4263.7,0.9589,1
M01915,fuel,daily,2445,62.6,153054.73,0.00178,0.00152,99,0.2877,0.3826,0,17716.0,16878.13,0.0832,0
M01916,fuel,twice_weekly,610,67.55,41203.85,0.00357,0.00295,45,0.1978,0.5492,0,5117.43,4960.58,0.1658,0
M01917,marketplace,daily,1072,59.83,64139.14,0.01857,0.02334,19,0.1363,0.6515,1,4761.0,4042.89,1.0,1
M01918,marketplace,daily,2058,73.5,151253.6,0.00881,0.0111,204,0.2384,0.7952,0,12483.11,9909.58,0.9621,1
M01919,digital_services,daily,470,81.54,38323.83,0.01561,0.01715,89,0.1521,0.5341,0,4613.41,4126.13,0.9998,1
M01920,electronics,daily,1502,239.91,360340.08,0.01033,0.01086,20,0.3038,0.9302,0,33060.67,24526.62,0.9794,1
M01921,gaming,daily,1107,125.81,139270.65,0.02586,0.02712,28,0.3319,1.0484,0,21278.0,14817.03,1.0,1
M01922,retail,daily,1121,58.54,65624.72,0.0002,0.00018,16,0.2321,0.696,0,7680.86,6390.64,0.0167,0
M01923,travel,twice_weekly,1760,470.44,827967.45,0.02251,0.02257,27,0.1815,0.7042,0,124434.51,112515.92,1.0,1
M01924,retail,daily,969,48.3,46798.55,0.00627,0.0088,51,0.1041,0.8592,0,7873.8,6056.6,0.7061,1
M01925,fuel,twice_weekly,644,70.82,45605.05,0.00504,0.00846,18,0.324,0.8426,0,3918.88,3315.74,0.6469,0
M01926,grocery,daily,1305,52.18,68095.48,0.00382,0.00304,5,0.3858,0.7427,0,9919.86,8075.51,0.2012,0
M01927,retail,daily,1209,70.56,85303.06,0.00913,0.01343,43,0.2145,0.6172,0,10695.59,9223.58,0.9858,1
M01928,marketplace,daily,373,33.04,12322.66,0.01465,0.0239,181,0.2247,0.923,0,1285.87,957.53,0.9999,1
M01929,grocery,daily,2444,40.14,98109.72,0.00323,0.00311,22,0.2938,1.0302,0,7309.23,5141.24,0.0915,0
M01930,travel,daily,1095,465.82,510068.32,0.02496,0.04273,69,0.0703,0.5857,0,46791.46,40919.91,1.0,1
M01931,digital_services,daily,657,98.61,64787.28,0.00505,0.00774,70,0.2659,0.4514,0,6012.7,5568.94,0.7478,1
M01932,digital_services,weekly,453,78.85,35719.22,0.01488,0.014,45,0.1101,0.7083,0,3281.68,3208.57,0.9989,1
M01933,restaurants,weekly,723,34.62,25029.64,0.00305,0.0034,56,0.0374,1.0475,0,2883.84,2374.53,0.0597,0
M01934,restaurants,daily,1051,39.85,41884.61,0.0006,0.00076,62,0.2969,0.6347,0,6208.84,5312.54,0.0275,0
M01935,marketplace,daily,823,66.63,54834.29,0.00985,0.01648,17,0.1599,0.878,0,8615.88,6565.0,0.9944,1
M01936,grocery,daily,688,40.35,27757.64,0.00186,0.00279,62,0.0962,0.711,0,4436.57,3665.79,0.0522,0
M01937,travel,weekly,1291,406.04,524192.77,0.01833,0.03228,33,0.1409,0.8329,0,71806.77,66137.12,1.0,1
M01938,digital_services,daily,273,86.67,23659.59,0.0183,0.03102,6,0.0504,0.9871,0,2085.18,1501.25,1.0,1
M01939,retail,daily,1302,94.58,123138.64,0.003,0.00338,25,0.2364,0.8433,0,12437.16,9643.06,0.1169,0
M01940,grocery,daily,133,37.63,5004.97,0.00179,0.00171,16,0.0602,0.4772,0,617.65,565.94,0.0506,0
M01941,fuel,daily,492,54.94,27030.21,0.00249,0.00271,190,0.0331,0.9334,0,4634.85,3432.68,0.0434,0
M01942,travel,daily,1771,256.83,454848.18,0.01481,0.02539,54,0.2501,0.5553,0,41681.25,36937.87,1.0,1
M01943,travel,weekly,2276,505.29,1150038.49,0.02294,0.0207,23,0.3336,0.763,0,155301.01,147979.43,1.0,1
M01944,fuel,weekly,2340,60.9,142494.57,0.00056,0.00075,91,0.0995,0.8367,0,24418.12,22447.81,0.0142,0
M01945,restaurants,daily,3761,56.43,212243.52,0.00406,0.00692,20,0.4233,0.6646,0,20492.67,17298.37,0.5564,0
M01946,healthcare,daily,5233,91.88,480810.0,0.00294,0.0035,178,0.1532,0.5469,0,40814.52,36302.17,0.1614,1
M01947,fuel,daily,682,71.89,49027.21,0.00323,0.00305,102,0.1343,0.6979,0,5663.67,4708.3,0.1104,1
M01948,healthcare,daily,1115,125.23,139635.92,0.00398,0.00429,187,0.02,0.6245,0,10560.46,9077.43,0.1973,1
M01949,grocery,daily,1097,27.46,30125.65,0.00293,0.00465,3,0.0291,1.1346,0,5130.03,3402.15,0.0725,0
M01950,healthcare,daily,846,107.77,91176.28,0.00368,0.00294,13,0.6402,0.9696,0,14165.71,10294.14,0.2064,0
M01951,electronics,weekly,2357,333.93,787082.3,0.00214,0.00304,133,0.3412,0.7809,0,56903.11,53755.54,0.1251,0
M01952,grocery,weekly,1363,23.9,32574.49,0.00266,0.00383,15,0.2423,0.8858,0,3388.18,3039.09,0.1017,0
M01953,restaurants,twice_weekly,2096,63.64,133390.69,0.00537,0.00495,187,0.3505,0.9503,0,11578.68,9272.92,0.3839,0
M01954,electronics,twice_weekly,3833,272.9,1046018.61,0.01012,0.00947,8,0.2002,0.9905,0,157049.41,123124.04,0.9694,1
M01955,healthcare,daily,618,122.89,75945.28,0.00368,0.0053,70,0.1469,0.9405,0,6323.68,4666.2,0.1809,0
M01956,electronics,daily,770,261.65,201468.64,0.02076,0.02391,29,0.1064,0.7627,0,32779.85,26432.53,1.0,1
M01957,digital_services,daily,1904,125.38,238721.44,0.02305,0.02846,29,0.3227,0.7149,0,32247.52,26596.77,1.0,1
M01958,grocery,twice_weekly,367,51.37,18853.44,0.00198,0.00211,42,0.02,0.9953,0,3087.34,2414.28,0.0251,1
M01959,restaurants,daily,1809,27.22,49235.96,0.00406,0.00552,198,0.2864,0.9329,0,7550.87,5594.03,0.2725,1
M01960,digital_services,weekly,1247,101.46,126523.98,0.00919,0.00707,33,0.0572,0.8586,0,14366.89,13064.15,0.8524,1
M01961,digital_services,daily,1054,107.35,113145.23,0.00728,0.00818,34,0.4986,0.4251,0,11131.21,10422.77,0.9384,1
M01962,travel,daily,820,393.71,322838.35,0.03181,0.03701,66,0.042,0.7611,0,27162.11,21919.49,1.0,1
M01963,digital_services,daily,300,63.4,19019.11,0.00789,0.0113,37,0.1242,0.8344,0,1842.55,1434.91,0.9325,1
M01964,fuel,weekly,1144,49.07,56136.67,0.00554,0.00556,176,0.304,0.7644,0,3382.88,3221.21,0.4873,1
M01965,marketplace,daily,1299,62.65,81382.7,0.02067,0.02617,71,0.1001,1.0592,0,14294.45,9894.84,1.0,1
M01966,grocery,daily,1566,28.19,44146.45,0.00057,0.00081,97,0.2315,0.9924,0,4923.59,3534.8,0.0131,0
M01967,marketplace,daily,1403,97.53,136837.33,0.00658,0.00693,33,0.2257,0.7282,0,16345.17,13397.36,0.7322,1
M01968,restaurants,twice_weekly,601,47.85,28759.9,0.00522,0.00668,172,0.2078,0.5726,0,3581.02,3436.08,0.584,0
M01969,travel,weekly,2948,484.33,1427810.22,0.02004,0.02808,51,0.2166,0.8766,0,217155.55,195688.16,1.0,1
M01970,gaming,daily,3492,110.59,386189.45,0.02075,0.02603,16,0.2859,0.8734,0,56075.8,42827.16,1.0,1
M01971,retail,weekly,1413,105.34,148846.07,0.00901,0.01372,37,0.2517,0.7584,0,17330.97,16550.16,0.9846,1
M01972,electronics,daily,2326,165.91,385896.64,0.01621,0.02728,97,0.108,0.7643,0,67307.26,54233.65,1.0,1
M01973,marketplace,twice_weekly,609,78.15,47593.49,0.01425,0.0102,136,0.2453,0.9269,0,6627.75,5373.12,0.9944,1
M01974,retail,daily,2629,80.79,212391.86,0.0144,0.01845,16,0.3584,0.56,0,16602.43,14683.26,0.9998,1
M01975,fuel,daily,650,32.28,20980.06,0.00352,0.00248,195,0.1418,1.2726,0,1346.16,821.21,0.0449,0
M01976,fuel,twice_weekly,529,50.46,26691.18,0.00221,0.00275,140,0.1993,0.68,0,1684.76,1540.57,0.0753,0
M01977,travel,daily,927,297.02,275340.29,0.01315,0.01312,27,0.2901,0.7496,0,33698.78,27343.18,0.998,1
M01978,electronics,daily,3051,322.84,984998.98,0.02175,0.028,34,0.2348,0.6696,0,122490.81,103162.64,1.0,1
M01979,marketplace,weekly,1123,72.32,81220.81,0.00374,0.00566,13,0.2195,0.4427,0,6648.7,7304.1,0.446,0
M01980,fuel,weekly,657,49.03,32209.81,0.00326,0.00293,85,0.1421,0.7216,0,3964.35,3851.97,0.1053,1
M01981,restaurants,daily,2803,64.44,180620.52,0.00034,0.0006,20,0.1358,0.9272,0,23155.95,17205.36,0.012,0
M01982,retail,twice_weekly,358,93.9,33614.88,0.00876,0.01125,11,0.2336,0.7132,1,2703.32,2434.27,0.9878,1
M01983,restaurants,twice_weekly,1758,50.14,88145.79,0.00257,0.00213,8,0.1359,0.8209,1,5862.86,5014.17,0.1588,0
M01984,retail,daily,2665,96.41,256933.81,0.00711,0.00888,24,0.2743,0.5844,0,42378.21,37081.7,0.8985,1
M01985,digital_services,weekly,420,97.35,40888.3,0.01357,0.01337,56,0.1448,1.0815,0,5883.7,4753.57,0.9959,1
M01986,healthcare,daily,2289,170.4,390041.89,0.00391,0.00297,57,0.1649,0.8707,0,38806.23,29678.45,0.1294,0
M01987,retail,twice_weekly,677,118.03,79907.14,0.00544,0.00702,14,0.3041,0.5898,1,6179.01,5884.2,0.8669,1
M01988,marketplace,daily,1977,60.54,119693.08,0.01326,0.02125,60,0.1121,0.9508,0,13559.53,9952.08,0.9997,1
M01989,electronics,daily,1378,274.14,377771.1,0.01294,0.01549,192,0.2484,0.758,0,65062.04,52580.01,0.9988,1
M01990,fuel,daily,3155,68.16,215057.41,0.00308,0.00424,61,0.3075,0.6254,0,22186.64,19063.6,0.216,0
M01991,grocery,daily,1747,64.5,112689.87,0.00192,0.00195,318,0.2061,0.6621,0,11613.59,9814.55,0.055,0
M01992,marketplace,weekly,887,51.83,45973.97,0.02437,0.03722,92,0.1357,0.5701,0,4547.72,4732.47,1.0,1
M01993,retail,weekly,344,104.61,35986.63,0.00522,0.00821,223,0.13,0.7427,0,3270.27,3146.28,0.6063,1
M01994,grocery,daily,467,45.26,21137.48,0.00339,0.00566,5,0.2147,0.8341,0,1712.34,1333.69,0.2286,1
M01995,travel,daily,169,319.76,54040.14,0.02524,0.04371,118,0.2115,0.7643,0,5560.49,4480.41,1.0,1
M01996,restaurants,daily,1343,51.64,69354.82,0.00567,0.00688,231,0.2242,0.5588,0,10163.66,8993.32,0.6626,0
M01997,retail,daily,1778,95.76,170265.52,0.00339,0.00551,95,0.1036,0.655,0,17211.82,14592.51,0.2469,1
M01998,retail,daily,2440,77.93,190154.19,0.00592,0.00915,316,0.1962,0.9022,0,25726.45,19363.02,0.7274,1
M01999,restaurants,weekly,685,47.28,32387.96,0.00453,0.00678,11,0.3209,0.8534,0,2647.87,2414.01,0.4679,1
M02000,gaming,twice_weekly,1622,105.21,170648.98,0.02911,0.02766,78,0.26,0.6344,0,14784.43,13801.8,1.0,1
M02001,restaurants,daily,1396,70.34,98200.9,0.00467,0.00638,58,0.0481,0.7094,0,7638.82,6316.36,0.3777,0
M02002,travel,daily,1657,364.24,603547.69,0.01322,0.01595,42,0.2485,0.3505,0,79238.03,76467.85,0.9996,1
M02003,electronics,twice_weekly,2838,183.52,520829.43,0.00886,0.00624,176,0.3196,0.7687,0,71455.22,62677.15,0.8929,1
M02004,marketplace,daily,734,52.6,38607.03,0.01696,0.02807,92,0.0313,0.6992,0,3891.11,3232.71,1.0,1
M02005,grocery,daily,448,47.73,21382.94,0.00249,0.00434,92,0.1158,0.8144,0,3039.1,2390.08,0.0948,0
M02006,healthcare,daily,1242,99.59,123696.65,0.0056,0.00832,6,0.0991,0.7639,0,15796.69,12730.58,0.6492,1
M02007,gaming,daily,3419,129.28,442003.56,0.02549,0.04447,0,0.2024,0.7878,0,35137.03,27993.26,1.0,1
M02008,fuel,daily,5053,53.52,270461.03,0.0037,0.00556,52,0.3343,0.755,0,38280.44,30981.7,0.3324,0
M02009,fuel,twice_weekly,1021,49.24,50273.93,0.00507,0.00539,28,0.2323,0.7907,0,8063.96,6998.87,0.3903,0
M02010,marketplace,daily,336,65.28,21934.5,0.01023,0.01168,21,0.1002,0.7229,0,2207.18,1813.63,0.9807,1
M02011,grocery,twice_weekly,854,59.91,51164.78,0.00167,0.00226,38,0.0605,0.7252,0,7605.02,6809.66,0.0383,0
M02012,retail,daily,5179,124.63,645482.88,0.00786,0.00914,15,0.1352,1.0896,0,86680.29,58987.43,0.8383,1
M02013,grocery,weekly,1694,30.16,51089.66,0.00272,0.0025,66,0.6585,0.9313,0,8652.06,7581.46,0.1267,0
M02014,travel,daily,2873,431.12,1238613.22,0.00771,0.01016,280,0.0398,0.7303,0,84346.81,69065.44,0.9268,1
M02015,travel,daily,1639,268.67,440346.53,0.01287,0.01085,89,0.1232,0.6263,1,34836.77,29920.79,0.9982,1
M02016,gaming,daily,1811,107.21,194154.85,0.03266,0.03406,13,0.4276,0.784,0,14623.53,11671.77,1.0,1
M02017,retail,daily,1600,121.83,194930.86,0.00837,0.01343,76,0.3652,0.7773,0,25605.87,20504.06,0.9813,1
M02018,grocery,daily,3051,55.02,167858.85,0.00239,0.00314,225,0.2407,0.6367,0,13551.82,11584.88,0.1051,0
M02019,digital_services,twice_weekly,1767,72.37,127879.69,0.01083,0.0128,106,0.3873,0.6137,0,8718.15,8214.63,0.9949,1
M02020,retail,daily,4830,112.21,541977.18,0.0016,0.00151,5,0.0485,0.496,0,67637.85,61485.75,0.058,0
M02021,marketplace,daily,512,87.89,45000.82,0.00494,0.00756,1,0.1488,0.911,0,7202.37,5396.35,0.5177,1
M02022,grocery,daily,509,39.0,19850.96,0.00193,0.00144,102,0.4828,0.8386,0,2906.28,2258.59,0.0565,0
M02023,grocery,twice_weekly,928,34.33,31856.41,0.00299,0.00421,0,0.1205,0.3337,0,2713.45,2875.79,0.2289,0
M02024,retail,weekly,2195,98.19,215528.63,0.00977,0.01452,246,0.3279,0.923,0,16953.8,14919.64,0.9902,1
M02025,travel,twice_weekly,935,397.33,371500.26,0.0164,0.02192,26,0.116,0.717,0,33226.12,29865.56,1.0,1
M02026,retail,daily,380,118.22,44924.09,0.01015,0.00887,66,0.1334,1.0158,0,7913.73,5610.1,0.9202,1
M02027,restaurants,twice_weekly,1073,39.91,42826.38,0.0037,0.00576,0,0.2745,0.8373,0,5770.35,4895.21,0.2983,0
M02028,retail,twice_weekly,782,94.45,73862.52,0.0074,0.00678,67,0.0542,0.9805,0,9979.78,7865.97,0.613,1
M02029,gaming,daily,802,108.54,87045.67,0.01936,0.02698,78,0.0518,0.6086,0,6206.76,5373.19,1.0,1
M02030,digital_services,daily,1340,77.22,103476.28,0.01498,0.02031,52,0.2367,0.7126,0,9249.42,7636.72,0.9999,1
M02031,grocery,twice_weekly,3268,44.07,144033.56,0.0025,0.00406,133,0.0378,0.5971,0,11399.44,10820.52,0.109,0
M02032,gaming,daily,1784,91.74,163662.88,0.02233,0.02123,66,0.301,0.6247,0,16088.38,13828.06,1.0,1
M02033,retail,twice_weekly,597,84.12,50221.33,0.00315,0.00228,100,0.1277,0.5296,0,8020.48,7840.47,0.1154,0
M02034,travel,daily,829,273.62,226834.74,0.01165,0.01916,43,0.1963,0.6509,0,15663.63,13304.75,0.9994,1
M02035,grocery,daily,2717,48.06,130579.14,0.00213,0.00363,38,0.1472,0.9078,0,11033.67,8280.54,0.0624,0
M02036,restaurants,daily,638,43.79,27935.98,0.00523,0.0054,65,0.2786,0.7185,0,3744.49,3083.16,0.4564,0
M02037,electronics,twice_weekly,1478,235.5,348075.72,0.01896,0.02038,6,0.2401,0.5303,0,32927.44,32178.81,1.0,1
M02038,grocery,weekly,613,41.82,25634.05,0.00177,0.00225,101,0.2751,0.7432,0,3899.45,3750.66,0.055,0
M02039,digital_services,daily,933,63.16,58924.87,0.01141,0.01074,3,0.0267,0.7077,0,6955.94,5756.24,0.9844,1
M02040,restaurants,daily,1369,40.96,56068.28,0.00468,0.00542,13,0.0902,0.7014,0,7099.48,5892.4,0.3401,1
M02041,retail,daily,1477,60.93,89993.34,0.00652,0.00705,37,0.2155,0.5397,0,15827.02,14121.13,0.7641,1
M02042,restaurants,daily,499,70.2,35031.7,0.00269,0.00472,81,0.0812,0.7322,0,2693.31,2203.36,0.1286,0
M02043,digital_services,weekly,1128,113.28,127780.53,0.02458,0.03236,3,0.4903,0.9601,0,9755.38,8420.29,1.0,1
M02044,healthcare,daily,2372,139.01,329723.85,0.0009,0.00127,1,0.0966,0.712,0,28237.99,23320.7,0.0261,0
M02045,electronics,daily,1645,288.48,474552.18,0.01575,0.02322,17,0.2188,0.6052,0,70211.41,60874.05,1.0,1
M02046,grocery,daily,2364,24.36,57591.19,0.00132,0.002,21,0.1031,0.86,0,8611.37,6621.44,0.0274,0
M02047,travel,weekly,5155,321.33,1656476.35,0.01535,0.02179,137,0.159,0.6202,0,157350.82,160152.97,1.0,1
M02048,digital_services,daily,1811,117.75,213241.11,0.00501,0.00864,25,0.3569,0.7575,0,17818.01,14403.41,0.75,1
M02049,fuel,twice_weekly,1047,67.11,70266.63,0.0027,0.00329,6,0.1102,0.6836,0,7964.44,7270.48,0.1006,0
M02050,retail,daily,3334,63.72,212445.96,0.00419,0.00456,44,0.1955,1.1094,0,14829.85,9978.53,0.1628,0
M02051,electronics,daily,2518,355.17,894306.81,0.01884,0.02464,108,0.1184,0.6807,0,160768.2,134712.25,1.0,1
M02052,grocery,twice_weekly,806,41.88,33759.0,0.00064,0.0008,2,0.2687,0.6187,0,5257.74,4943.0,0.028,0
M02053,travel,daily,941,230.94,217312.06,0.02005,0.03225,145,0.1248,0.3721,0,23190.32,22187.53,1.0,1
M02054,restaurants,twice_weekly,1854,41.67,77254.79,0.00314,0.00355,32,0.1998,0.8565,0,7409.45,6226.01,0.1153,0
M02055,retail,daily,8388,84.13,705680.22,0.00599,0.00862,22,0.1022,0.8489,0,90882.87,70266.79,0.7307,1
M02056,travel,twice_weekly,1470,291.01,427791.31,0.01028,0.00828,106,0.2424,0.632,0,34742.45,32469.36,0.9699,1
M02057,electronics,twice_weekly,2172,160.17,347886.02,0.01329,0.02316,3,0.2006,0.7484,0,24570.22,21761.35,0.9999,1
M02058,travel,twice_weekly,1101,161.52,177830.8,0.02183,0.03327,19,0.2818,0.9274,0,28911.32,23432.97,1.0,1
M02059,grocery,daily,1150,26.72,30722.39,0.00321,0.00444,62,0.21,0.6611,0,3303.72,2793.25,0.1847,0
M02060,grocery,twice_weekly,1345,39.06,52530.59,0.00276,0.00308,3,0.0217,0.968,0,9230.15,7323.4,0.0542,0
M02061,electronics,weekly,1119,290.98,325612.05,0.00818,0.01016,93,0.2447,0.7346,0,51068.18,49319.35,0.9495,1
M02062,retail,daily,3502,92.23,322988.06,0.01212,0.01749,64,0.4902,0.9366,0,28323.19,20942.74,0.999,1
M02063,gaming,daily,716,137.49,98440.29,0.03687,0.06492,64,0.1387,0.5596,0,13800.62,12207.2,1.0,1
M02064,grocery,twice_weekly,3735,42.85,160048.35,0.00311,0.00547,8,0.1266,0.6702,0,12807.45,11763.99,0.2199,0
M02065,travel,daily,936,300.36,281134.98,0.02973,0.04459,0,0.3368,0.8264,0,40226.02,31450.3,1.0,1
M02066,electronics,twice_weekly,1011,261.86,264742.8,0.01403,0.01049,96,0.4317,0.9872,0,34382.55,27002.99,0.996,1
M02067,gaming,twice_weekly,1446,89.87,129958.4,0.03376,0.04835,22,0.3521,0.7755,1,18540.57,16210.04,1.0,1
M02068,electronics,daily,646,216.99,140178.61,0.01392,0.01708,45,0.0646,0.8326,0,13417.98,10458.7,0.9992,1
M02069,retail,daily,3720,101.72,378384.96,0.00373,0.00631,62,0.0707,1.1253,0,34484.38,22992.73,0.1852,0
M02070,gaming,daily,888,112.02,99469.88,0.01874,0.01544,62,0.2534,0.9607,0,7470.72,5454.6,0.9999,1
M02071,restaurants,daily,3235,49.59,160417.08,0.00695,0.00584,17,0.3438,0.5288,0,27954.01,25058.45,0.7853,1
M02072,travel,weekly,1966,249.13,489796.51,0.03307,0.02976,9,0.0827,0.5891,0,77366.6,79838.17,1.0,1
M02073,retail,daily,1135,85.14,96630.02,0.00278,0.00196,80,0.0971,0.7564,0,16338.71,13214.29,0.0625,0
M02074,restaurants,daily,722,46.45,33538.81,0.00515,0.00638,33,0.3893,0.9842,0,2709.42,1953.77,0.4722,0
M02075,retail,weekly,1485,102.66,152450.99,0.00524,0.00531,72,0.253,0.8077,0,12109.68,11292.07,0.4174,1
M02076,gaming,daily,989,72.05,71258.23,0.03508,0.02846,50,0.0459,0.6059,1,9003.1,7803.23,1.0,1
M02077,electronics,weekly,80,209.47,16757.89,0.01614,0.0272,180,0.2996,0.437,0,2631.25,2897.48,1.0,1
M02078,fuel,daily,897,46.08,41333.53,0.00195,0.00151,137,0.3952,0.7424,0,6981.0,5683.68,0.0599,0
M02079,retail,daily,624,85.77,53518.82,0.0017,0.00121,6,0.3032,0.7034,0,7111.79,5897.08,0.0506,0
M02080,grocery,daily,1291,38.52,49728.02,0.0025,0.00444,5,0.1297,0.7812,0,3765.83,3009.75,0.112,1
M02081,retail,twice_weekly,2533,70.35,178188.95,0.00362,0.00423,56,0.0784,0.7458,0,22018.44,19525.27,0.1694,0
M02082,fuel,twice_weekly,3760,46.96,176578.54,0.0017,0.00196,174,0.1964,0.6037,0,17302.06,16375.23,0.0565,0
M02083,marketplace,weekly,1492,60.08,89633.44,0.00245,0.0024,9,0.1491,0.7674,0,10647.37,10123.79,0.0783,0
M02084,fuel,weekly,438,37.83,16570.27,0.00139,0.00135,98,0.0392,0.7441,0,1221.95,1174.85,0.0237,0
M02085,marketplace,twice_weekly,390,91.01,35492.28,0.01805,0.02995,20,0.2474,0.7631,0,5519.71,4854.46,1.0,1
M02086,retail,twice_weekly,558,110.26,61523.84,0.00663,0.00765,100,0.219,1.0578,0,6543.05,4944.82,0.6341,1
M02087,retail,daily,2145,103.16,221279.05,0.00284,0.00216,128,0.1698,0.4457,0,36989.71,34342.08,0.1301,0
M02088,retail,weekly,733,64.6,47351.6,0.005,0.00376,148,0.0865,0.6771,0,8071.06,8005.97,0.2601,0
M02089,marketplace,twice_weekly,788,75.78,59711.25,0.00633,0.00628,10,0.1145,0.4113,0,9831.72,10099.67,0.7364,1
M02090,travel,weekly,2038,373.37,760933.29,0.01569,0.02246,21,0.141,0.7458,0,108122.44,103867.08,1.0,1
M02091,retail,daily,1932,81.92,158278.94,0.00586,0.00878,20,0.2226,0.9474,0,9513.7,6994.83,0.69,1
M02092,restaurants,daily,1897,46.08,87418.92,0.0033,0.00508,157,0.2188,0.8814,0,7864.24,5981.89,0.1825,0
M02093,digital_services,twice_weekly,3737,45.39,169618.74,0.00711,0.0076,34,0.123,0.8556,0,16466.08,13842.43,0.7522,1
M02094,fuel,daily,1417,73.53,104198.19,0.00432,0.00587,353,0.1518,1.0116,0,13948.98,9911.05,0.2415,0
M02095,healthcare,daily,1236,134.33,166031.57,0.0002,0.0002,136,0.1371,0.8835,0,10266.11,7800.75,0.0097,0
M02096,retail,weekly,1524,90.83,138422.01,0.00728,0.01272,7,0.1619,0.8203,0,8875.96,8225.81,0.9441,1
M02097,grocery,daily,1525,30.05,45825.31,0.00314,0.00432,109,0.4721,0.679,0,2874.04,2410.08,0.2482,0
M02098,gaming,daily,926,79.53,73645.85,0.0002,0.00025,79,0.1717,0.8317,0,12665.89,9876.99,0.0171,0
M02099,grocery,daily,2883,50.29,144988.79,0.00212,0.0018,56,0.3877,0.6201,0,22212.19,19130.67,0.0856,0
M02100,retail,daily,2986,97.18,290168.58,0.00581,0.00597,3,0.096,0.6611,0,31151.8,26338.61,0.5548,0
M02101,restaurants,twice_weekly,2623,49.16,128943.11,0.00569,0.0052,108,0.0428,0.7941,0,12251.25,10615.62,0.3664,1
M02102,grocery,weekly,2351,25.68,60376.26,0.00198,0.0022,64,0.5543,1.1583,0,3850.64,2976.52,0.0508,0
M02103,restaurants,weekly,332,38.1,12650.1,0.00817,0.01398,51,0.3529,0.6413,0,1421.54,1433.2,0.9844,1
M02104,electronics,twice_weekly,2236,316.62,707962.05,0.01167,0.01906,24,0.2561,1.1124,0,115625.38,84730.79,0.999,1
M02105,digital_services,twice_weekly,1098,93.41,102559.46,0.02606,0.02782,18,0.1685,0.4718,0,14671.88,14698.95,1.0,1
M02106,marketplace,daily,2618,60.87,159364.95,0.01298,0.01645,13,0.1962,0.7286,0,22955.4,18811.34,0.999,1
M02107,marketplace,weekly,1310,60.83,79692.74,0.01107,0.00915,10,0.2246,0.767,0,11454.96,10893.59,0.9761,1
M02108,electronics,daily,777,326.93,254021.06,0.00173,0.00243,14,0.0658,0.9063,0,28387.56,21320.8,0.0433,0
M02109,retail,daily,400,74.03,29613.8,0.00893,0.00921,228,0.2744,0.8559,0,2723.37,2098.34,0.924,1
M02110,fuel,weekly,906,34.81,31540.42,0.00359,0.00377,92,0.1802,0.8556,0,4650.25,4235.04,0.134,0
M02111,gaming,weekly,3953,90.66,358389.96,0.01704,0.01484,122,0.0669,0.542,0,47817.77,50370.34,0.9998,1
M02112,gaming,daily,909,116.05,105488.43,0.0237,0.03929,40,0.1181,0.678,0,16440.64,13793.32,1.0,1
M02113,fuel,twice_weekly,892,59.06,52678.09,0.00095,0.00141,206,0.0454,0.8322,0,8045.6,6842.48,0.0179,0
M02114,digital_services,daily,2796,73.19,204640.41,0.02363,0.02719,16,0.1029,0.6878,0,34858.83,29113.54,1.0,1
M02115,grocery,daily,741,34.49,25556.74,0.00317,0.00303,31,0.09,0.7013,0,1719.06,1426.8,0.0981,0
M02116,healthcare,daily,9211,195.76,1803143.8,0.00196,0.00349,17,0.2833,0.9113,0,147398.15,110422.53,0.1092,0
M02117,retail,daily,653,112.41,73404.37,0.00307,0.00455,69,0.3992,0.6661,0,10567.02,8913.68,0.2544,0
M02118,grocery,daily,2128,37.06,78874.02,0.00052,0.00093,16,0.1529,0.7552,0,8731.08,7065.48,0.0179,0
M02119,grocery,daily,1433,51.74,74140.46,0.00026,0.00042,4,0.185,0.6478,0,10192.88,8669.96,0.0176,0
M02120,retail,daily,896,116.12,104043.5,0.00468,0.00381,100,0.1216,0.6981,0,16288.08,13539.15,0.246,0
M02121,retail,daily,1050,77.99,81885.89,0.00553,0.00517,40,0.038,0.7906,0,8885.62,7069.58,0.3483,0
M02122,grocery,weekly,1707,43.94,75002.44,0.00319,0.00425,123,0.1918,0.8319,0,8932.4,8231.15,0.1373,0
M02123,retail,twice_weekly,1842,44.51,81992.04,0.0115,0.00858,25,0.02,0.7386,0,6934.78,6170.44,0.9619,1
M02124,fuel,weekly,251,59.71,14987.73,0.00361,0.00412,69,0.1225,0.9333,0,991.99,868.36,0.1203,0
M02125,retail,daily,988,115.17,113788.92,0.00963,0.01542,312,0.1296,0.6431,0,7958.68,6784.12,0.9926,1
M02126,retail,twice_weekly,1831,118.01,216084.03,0.00409,0.00464,1,0.2638,0.6204,0,33372.69,31351.58,0.3561,1
M02127,retail,weekly,1214,57.57,69889.15,0.00415,0.00427,365,0.1914,0.9192,1,5306.97,4679.45,0.4082,0
M02128,retail,daily,872,88.31,77007.36,0.00209,0.00158,6,0.1221,0.8203,0,13729.43,10766.3,0.0415,0
M02129,grocery,daily,6189,33.03,204397.62,0.0002,0.00026,70,0.1247,0.8051,0,14991.16,11843.81,0.0107,0
M02130,grocery,daily,721,23.07,16634.6,0.00157,0.00116,62,0.333,0.6622,0,1128.2,953.39,0.0448,0
M02131,fuel,daily,809,44.65,36124.19,0.00364,0.0032,278,0.1345,0.8047,0,4973.5,3930.05,0.1161,0
M02132,restaurants,daily,1990,55.06,109564.82,0.00162,0.00227,35,0.1292,0.8479,0,12597.96,9745.33,0.0377,0
M02133,electronics,daily,2563,173.89,445687.06,0.0142,0.01497,165,0.3343,0.549,0,54648.31,48561.64,0.9995,1
M02134,healthcare,daily,2345,183.0,429133.91,0.00301,0.00496,75,0.2652,0.6632,0,36944.76,31205.44,0.2395,0
M02135,gaming,twice_weekly,4573,117.66,538062.88,0.03667,0.04462,29,0.0835,0.6489,0,44169.02,40965.67,1.0,1
M02136,gaming,daily,853,98.79,84272.02,0.02745,0.04435,182,0.2102,0.9111,0,5105.55,3825.23,1.0,1
M02137,retail,daily,941,74.31,69924.77,0.00448,0.0062,114,0.2165,0.7432,0,5765.49,4692.31,0.4061,1
M02138,restaurants,twice_weekly,549,58.22,31960.88,0.00159,0.00204,77,0.1519,0.9907,0,2338.32,1833.06,0.0278,0
M02139,restaurants,daily,5683,53.5,304055.01,0.00212,0.00264,28,0.212,0.5053,0,40050.02,36263.01,0.1111,0
M02140,restaurants,daily,2506,46.78,117235.72,0.00588,0.00493,4,0.1388,0.6075,0,9524.33,8249.24,0.4966,0
M02141,healthcare,daily,7186,146.15,1050206.11,0.00357,0.00489,20,0.3993,1.0174,0,114994.89,81450.26,0.2666,0
M02142,travel,daily,1121,364.83,408977.8,0.02452,0.02032,253,0.3839,0.957,0,61662.01,45108.23,1.0,1
M02143,restaurants,daily,2789,61.09,170376.42,0.0068,0.01057,142,0.1137,0.6532,0,18440.59,15647.4,0.8856,0
M02144,restaurants,daily,1428,46.68,66661.72,0.00421,0.00539,122,0.3241,0.8373,1,7954.67,6185.91,0.5903,1
M02145,retail,daily,410,77.9,31938.24,0.00425,0.00662,67,0.273,0.733,0,4550.3,3721.24,0.4415,1
M02146,healthcare,weekly,353,153.34,54129.53,0.0002,0.00035,105,0.1554,0.7159,0,9662.27,9413.66,0.0139,0
M02147,grocery,weekly,2103,21.24,44671.56,0.00078,0.00083,80,0.0592,0.842,0,3061.57,2807.1,0.0135,0
M02148,electronics,daily,168,255.22,42876.31,0.01816,0.01773,185,0.2084,0.8064,0,7015.26,5538.85,0.9999,1
M02149,restaurants,daily,1004,40.04,40198.36,0.00303,0.00537,12,0.2297,0.7497,0,5013.13,4067.41,0.2219,0
M02150,grocery,daily,2604,30.54,79523.3,0.00153,0.00119,7,0.4832,0.726,0,7417.62,6086.07,0.0567,0
M02151,marketplace,weekly,1011,59.02,59671.54,0.01428,0.01608,75,0.3202,0.8988,0,6670.07,5943.33,0.9993,1
M02152,grocery,twice_weekly,5406,13.88,75039.71,0.00141,0.00122,98,0.1909,0.667,0,7346.07,6757.5,0.0339,0
M02153,restaurants,daily,1190,37.68,44836.16,0.00218,0.00285,7,0.11,0.6286,0,2787.81,2391.92,0.079,0
M02154,restaurants,daily,1178,49.52,58336.14,0.00422,0.00298,15,0.2213,0.7092,0,7440.06,6152.58,0.1936,0
M02155,digital_services,daily,2184,101.3,221248.7,0.01122,0.01538,24,0.2916,0.5306,0,36094.54,32330.99,0.9983,1
M02156,restaurants,weekly,997,77.67,77433.12,0.00521,0.00402,79,0.2051,0.8808,0,10635.42,9563.73,0.2707,0
M02157,grocery,weekly,1914,33.97,65028.09,0.00125,0.0018,63,0.1351,1.0603,0,4219.33,3449.53,0.0183,0
M02158,retail,daily,1698,95.45,162072.3,0.00546,0.004,72,0.2787,0.7092,0,10276.52,8498.21,0.386,0
M02159,travel,daily,2934,288.62,846821.58,0.03293,0.05237,37,0.1404,0.7739,0,67827.06,54399.83,1.0,1
M02160,grocery,daily,668,43.4,28989.03,0.00292,0.00302,183,0.4272,1.0996,0,2437.22,1649.13,0.0844,0
M02161,travel,twice_weekly,1109,364.44,404165.37,0.02083,0.01816,179,0.1345,0.543,0,61669.13,59937.62,1.0,1
M02162,retail,weekly,1712,65.68,112448.44,0.00246,0.00359,79,0.2328,0.9287,0,14433.08,12664.21,0.0861,0
M02163,retail,daily,1270,90.95,115504.01,0.01019,0.00955,33,0.1439,0.6223,0,8390.96,7219.64,0.9661,1
M02164,travel,daily,1557,368.42,573627.74,0.03338,0.04114,65,0.3905,0.6242,0,70389.42,60513.68,1.0,1
M02165,healthcare,daily,1748,136.72,238979.61,0.0002,0.00035,73,0.2783,0.7022,0,34775.28,28851.38,0.019,0
M02166,retail,daily,1685,54.71,92185.74,0.00615,0.00911,82,0.148,0.7625,0,15170.29,12233.63,0.7646,1
M02167,healthcare,twice_weekly,4168,102.16,425818.37,0.00309,0.00546,82,0.1155,1.0678,0,32528.54,24445.57,0.1298,0
M02168,travel,daily,1837,292.81,537894.94,0.02055,0.03245,88,0.0539,0.7277,0,90275.97,74009.74,1.0,1
M02169,retail,weekly,1890,107.57,203314.75,0.00552,0.00958,184,0.1256,0.7831,0,12626.74,11915.8,0.7253,0
M02170,gaming,daily,2756,132.99,366522.39,0.03211,0.04557,36,0.0374,0.6311,0,52733.33,45194.69,1.0,1
M02171,travel,daily,902,323.83,292094.78,0.01721,0.02896,106,0.2143,0.7732,0,42233.78,33884.3,1.0,1
M02172,retail,daily,14402,77.94,1122460.8,0.00718,0.0093,330,0.1183,0.6466,0,163371.17,139037.18,0.9125,1
M02173,gaming,daily,327,113.49,37109.82,0.02923,0.0342,12,0.1628,0.5996,0,5002.82,4348.3,1.0,1
M02174,fuel,daily,1624,60.58,98378.99,0.00276,0.00403,9,0.412,0.9452,0,11750.27,8649.34,0.1415,0
M02175,retail,twice_weekly,1033,114.72,118510.67,0.00436,0.00718,108,0.1755,0.6303,0,17449.16,16320.05,0.5085,0
M02176,digital_services,daily,419,56.37,23621.11,0.01346,0.01929,134,0.2033,0.914,0,4228.0,3163.06,0.9996,1
M02177,travel,daily,528,353.09,186432.67,0.01586,0.01793,4,0.2229,0.6535,0,24649.89,20913.25,0.9999,1
M02178,restaurants,daily,574,43.55,24998.53,0.00371,0.00402,23,0.1646,0.7049,0,2517.51,2086.02,0.1898,0
M02179,retail,daily,1898,92.12,174845.69,0.00613,0.00666,21,0.2529,1.0723,0,10590.28,7277.37,0.5242,1
M02180,electronics,weekly,971,165.22,160429.7,0.01127,0.01712,59,0.231,1.0576,0,27030.98,22132.75,0.9973,1
M02181,restaurants,weekly,1388,45.74,63485.54,0.00162,0.00158,105,0.1721,0.9353,0,5036.76,4404.43,0.0278,0
M02182,electronics,daily,457,363.12,165945.18,0.01152,0.02059,130,0.3853,1.0088,0,24729.23,17597.8,0.9994,1
M02183,restaurants,twice_weekly,3300,46.14,152255.04,0.00279,0.00291,96,0.0714,0.9554,0,26988.81,21557.24,0.0602,0
M02184,fuel,twice_weekly,1597,46.87,74859.13,0.00199,0.00353,53,0.1714,0.7681,0,7079.95,6211.92,0.0736,0
M02185,gaming,weekly,483,58.08,28052.78,0.03326,0.04916,25,0.2673,0.6995,0,4326.28,4247.16,1.0,1
M02186,fuel,daily,987,51.03,50366.42,0.00271,0.0036,8,0.0982,0.8623,0,4510.11,3463.84,0.0821,0
M02187,restaurants,daily,3109,34.7,107895.71,0.0024,0.0021,54,0.1283,0.9103,0,13565.43,10167.62,0.045,0
M02188,digital_services,daily,865,99.01,85639.66,0.01751,0.03142,27,0.1235,0.4338,0,7481.29,6979.8,1.0,1
M02189,retail,weekly,537,117.61,63158.37,0.00447,0.00791,4,0.306,0.6112,0,7851.3,8023.16,0.6502,1
M02190,healthcare,twice_weekly,3081,193.47,596069.85,0.00299,0.00326,42,0.1125,0.7306,0,69748.77,62296.66,0.1226,0
M02191,grocery,daily,3187,40.74,129827.94,0.00156,0.00113,2,0.234,0.7464,0,22280.96,18106.54,0.0376,0
M02192,digital_services,daily,640,99.49,63673.46,0.01164,0.01537,85,0.4268,0.8109,0,5049.41,3978.02,0.998,1
M02193,marketplace,twice_weekly,1477,72.92,107709.75,0.00718,0.01055,159,0.1757,0.6194,0,14226.0,13370.42,0.9244,1
M02194,grocery,weekly,1017,17.82,18125.18,0.00155,0.00174,4,0.1334,0.8609,0,2682.97,2436.92,0.0299,0
M02195,digital_services,daily,742,107.28,79605.26,0.00525,0.00611,17,0.3391,0.8517,0,13085.73,10103.48,0.5526,1
M02196,restaurants,twice_weekly,1245,51.16,63696.63,0.00342,0.00283,39,0.0416,0.6434,1,6976.72,6486.74,0.2678,0
M02197,grocery,daily,1480,53.16,78670.92,0.00166,0.00176,206,0.362,0.9089,0,12356.1,9268.1,0.0417,0
M02198,gaming,daily,1291,104.72,135195.16,0.02434,0.01722,40,0.5479,0.615,0,11747.36,10140.81,1.0,1
M02199,retail,daily,2532,52.08,131863.21,0.00122,0.0018,113,0.3357,0.8186,0,20573.44,16146.47,0.0424,0
M02200,marketplace,twice_weekly,1040,53.26,55386.36,0.00911,0.0067,4,0.3607,0.8922,0,5323.17,4393.08,0.8882,1
M02201,grocery,weekly,428,40.7,17421.53,0.00197,0.00225,7,0.1136,0.7345,0,1953.4,1886.57,0.0488,0
M02202,electronics,daily,1436,188.84,271173.66,0.00884,0.00993,84,0.4425,0.571,0,16897.98,14873.3,0.9744,1
M02203,healthcare,daily,3737,102.8,384147.97,0.00129,0.00119,14,0.2438,0.7044,0,64368.64,53348.25,0.0431,0
M02204,fuel,daily,2201,40.58,89325.2,0.0028,0.00403,2,0.2785,0.5351,0,9623.38,8602.99,0.2051,0
M02205,retail,daily,1338,57.06,76342.4,0.0071,0.00895,39,0.0534,0.6366,0,9772.23,8354.22,0.828,1
M02206,digital_services,daily,2108,98.08,206763.1,0.01202,0.00932,66,0.219,1.0137,0,29318.46,20808.11,0.9782,1
M02207,marketplace,daily,981,88.8,87109.73,0.011,0.01891,60,0.3491,0.6926,0,14002.12,11668.71,0.9992,1
M02208,travel,daily,429,201.41,86404.43,0.01831,0.02473,4,0.1129,0.9176,1,9296.7,6942.13,1.0,1
M02209,fuel,daily,2670,69.45,185420.55,0.00319,0.00462,62,0.2061,0.8191,1,19381.23,15207.5,0.3719,0
M02210,grocery,daily,1906,31.98,60945.73,0.00293,0.00241,270,0.4027,0.6517,0,7473.19,6345.56,0.1319,0
M02211,electronics,twice_weekly,1200,256.57,307889.61,0.01786,0.01894,30,0.1151,1.0378,0,40076.36,30623.85,0.9999,1
M02212,travel,daily,1089,437.42,476346.66,0.01629,0.02013,82,0.0507,0.7005,0,73548.26,61068.6,0.9999,1
M02213,healthcare,twice_weekly,604,167.67,101272.1,0.00459,0.00576,127,0.2774,0.6913,0,12412.85,11291.58,0.4273,0
M02214,gaming,weekly,697,78.19,54495.53,0.01755,0.0252,17,0.1446,0.5321,0,4316.83,4566.66,1.0,1
M02215,healthcare,daily,2874,128.33,368833.38,0.00499,0.00518,60,0.0834,0.9623,0,36666.65,26748.88,0.265,1
M02216,grocery,daily,1940,25.82,50096.34,0.00535,0.00514,365,0.0749,0.8863,0,4704.47,3569.67,0.2896,0
M02217,grocery,daily,1565,46.27,72407.74,0.00372,0.00453,14,0.1784,0.794,0,9836.17,7812.97,0.1938,1
M02218,healthcare,twice_weekly,781,93.75,73222.22,0.00592,0.00942,61,0.227,0.6226,0,5641.47,5294.47,0.8131,1
M02219,electronics,daily,1436,117.48,168704.45,0.01321,0.01147,258,0.2105,0.6661,0,13352.12,11263.28,0.996,1
M02220,retail,daily,668,96.95,64761.84,0.00425,0.00736,201,0.1437,0.9434,0,8066.91,5943.65,0.364,0
M02221,retail,daily,1719,96.52,165917.0,0.00452,0.0038,57,0.226,0.8402,0,16873.22,13102.55,0.225,1
M02222,travel,daily,1357,296.42,402241.97,0.02516,0.02227,194,0.0815,0.6204,0,42698.75,36770.61,1.0,1
M02223,travel,daily,297,370.0,109888.61,0.03052,0.0512,4,0.4395,0.926,0,19650.34,14609.97,1.0,1
M02224,fuel,twice_weekly,1947,67.03,130500.84,0.00213,0.00335,136,0.102,0.8973,0,20241.75,16661.72,0.0564,0
M02225,healthcare,daily,585,163.12,95424.07,0.0017,0.00174,86,0.0676,0.8147,0,9288.55,7303.92,0.0302,0
M02226,retail,daily,2052,117.51,241140.01,0.00763,0.01195,324,0.0672,0.9551,0,23908.4,17507.95,0.9106,1
M02227,marketplace,twice_weekly,670,50.83,34052.87,0.01704,0.028,15,0.191,0.952,0,4926.37,3941.96,1.0,1
M02228,grocery,daily,963,43.82,42195.79,0.0028,0.00496,2,0.1378,0.7569,0,7081.16,5725.74,0.1545,1
M02229,grocery,twice_weekly,6409,34.61,221793.0,0.00222,0.00167,33,0.0808,0.7831,0,35514.41,30936.82,0.0424,0
M02230,marketplace,daily,348,60.95,21212.34,0.01605,0.02119,313,0.364,0.7061,0,2803.2,2321.48,1.0,1
M02231,retail,daily,2893,85.2,246492.19,0.00357,0.00568,11,0.2,0.8348,0,29043.71,22612.97,0.2687,0
M02232,marketplace,weekly,640,72.87,46637.89,0.01,0.01311,138,0.3922,0.8877,0,5714.82,5121.08,0.9893,1
M02233,grocery,daily,767,27.0,20708.84,0.00213,0.003,22,0.0694,0.7711,0,2682.76,2154.64,0.056,0
M02234,electronics,daily,938,248.92,233489.64,0.01225,0.01192,36,0.1677,0.7399,0,40487.61,33002.5,0.9941,1
M02235,restaurants,weekly,429,37.44,16062.84,0.00388,0.00348,109,0.1314,0.7912,0,1314.18,1235.32,0.1439,0
M02236,healthcare,twice_weekly,600,116.8,70081.28,0.00484,0.00465,16,0.1657,0.7958,0,6890.65,5965.63,0.2938,1
M02237,grocery,twice_weekly,1878,31.4,58973.6,0.00241,0.00398,225,0.2201,0.6062,0,4481.78,4237.0,0.1328,0
M02238,retail,daily,314,87.64,27517.59,0.00414,0.00505,33,0.5639,0.7422,0,2116.2,1723.12,0.4323,0
M02239,retail,daily,859,86.05,73919.62,0.00645,0.00653,103,0.0999,0.7846,0,12124.59,9674.68,0.5876,1
M02240,gaming,twice_weekly,1878,85.55,160659.6,0.02125,0.03597,1,0.3597,0.6281,1,19358.24,18122.78,1.0,1
M02241,retail,daily,991,47.47,47046.53,0.00533,0.00843,3,0.1231,1.0535,0,5394.11,3745.76,0.5303,1
M02242,grocery,daily,972,37.22,36176.67,0.00258,0.00462,87,0.0909,0.8926,0,3690.26,2791.17,0.0915,0
M02243,retail,twice_weekly,627,95.24,59712.54,0.00766,0.00554,143,0.2359,0.6936,0,5615.07,5102.34,0.7224,0
M02244,retail,daily,1050,76.28,80096.72,0.00363,0.00507,53,0.1445,0.773,0,11549.88,9267.69,0.2166,0
M02245,retail,daily,412,110.99,45729.19,0.00571,0.00476,10,0.1346,0.7357,0,4767.1,3893.52,0.4092,1
M02246,fuel,daily,2056,50.98,104808.66,0.00357,0.00454,65,0.3114,0.9583,0,6380.77,4664.57,0.1743,0
M02247,retail,daily,1848,114.07,210796.57,0.00769,0.0087,92,0.5046,1.0129,0,35605.71,25281.27,0.8841,1
M02248,digital_services,twice_weekly,1299,116.42,151227.66,0.02015,0.01465,68,0.1215,0.5822,0,23928.89,22863.12,0.9999,1
M02249,retail,weekly,3839,92.01,353210.0,0.00425,0.00735,352,0.5443,0.8147,0,25172.05,23392.59,0.6071,0
M02250,retail,daily,1437,87.29,125442.36,0.01166,0.0194,102,0.2429,0.6333,0,19318.69,16540.62,0.9994,1
M02251,gaming,daily,1270,135.13,171618.82,0.0268,0.04699,7,0.1964,0.5288,1,28306.52,25374.8,1.0,1
M02252,restaurants,daily,499,44.21,22059.89,0.00359,0.00505,70,0.051,0.681,0,3325.06,2785.73,0.2013,0
M02253,retail,daily,1803,40.69,73356.63,0.00235,0.00174,140,0.1132,0.9685,0,11701.13,8508.28,0.0357,0
M02254,digital_services,daily,718,113.67,81612.07,0.00509,0.00647,35,0.2172,0.6747,0,8123.16,6825.51,0.5677,0
M02255,electronics,weekly,1754,285.71,501143.09,0.0165,0.01204,158,0.0629,0.6016,0,68496.52,70294.75,0.9993,1
M02256,gaming,daily,1224,121.07,148193.4,0.02816,0.03328,68,0.1962,0.4683,0,14759.62,13574.49,1.0,1
M02257,healthcare,daily,7746,133.39,1033230.57,0.00441,0.00748,263,0.2043,0.3245,0,65418.99,63788.19,0.6994,1
M02258,restaurants,weekly,2788,47.28,131813.9,0.00309,0.00549,189,0.3985,0.712,0,23712.19,23144.22,0.3092,0
M02259,grocery,daily,933,35.53,33149.46,0.00212,0.00313,63,0.2525,0.8693,0,2592.1,1983.82,0.0657,0
M02260,travel,weekly,854,398.25,340104.53,0.02721,0.04083,45,0.2871,0.811,0,21532.21,20046.4,1.0,1
M02261,marketplace,daily,1419,58.42,82902.04,0.0162,0.02529,35,0.197,0.7858,0,13003.01,10369.47,1.0,1
M02262,electronics,daily,1804,236.98,427509.63,0.01402,0.01783,8,0.1232,0.6594,0,30579.93,25874.5,0.9996,1
M02263,travel,weekly,4178,319.17,1333509.1,0.01379,0.02299,29,0.1828,0.9338,1,186438.4,163153.03,1.0,1
M02264,grocery,daily,262,39.26,10284.82,0.00203,0.00264,68,0.3348,1.0126,0,1821.71,1293.66,0.0504,0
M02265,digital_services,daily,421,120.97,50927.1,0.01638,0.01314,11,0.1641,0.8301,0,5467.56,4266.85,0.9992,1
M02266,grocery,daily,1436,34.31,49273.33,0.00166,0.00188,125,0.3698,0.7745,0,7412.95,5943.83,0.0531,0
M02267,restaurants,twice_weekly,3481,25.32,88135.09,0.00226,0.00182,23,0.1969,0.7406,0,5676.93,5046.46,0.0576,0
M02268,gaming,daily,2076,144.74,300479.43,0.02023,0.02333,26,0.1159,0.6638,0,46857.31,39567.89,1.0,1
M02269,marketplace,daily,1051,52.44,55114.25,0.00152,0.00179,2,0.0959,0.7893,0,3747.6,2983.5,0.0382,0
M02270,healthcare,twice_weekly,1563,109.96,171864.51,0.0016,0.00127,4,0.4302,0.8482,0,24158.42,20383.89,0.0501,0
M02271,digital_services,twice_weekly,1966,83.26,163689.65,0.01517,0.01806,24,0.1559,0.6317,0,21671.99,20256.72,0.9998,1
M02272,digital_services,daily,595,96.96,57689.55,0.01401,0.02274,10,0.3929,1.0168,0,6315.97,4474.96,0.9999,1
M02273,restaurants,daily,475,31.45,14940.41,0.00342,0.00523,60,0.1858,0.6537,0,1762.12,1494.84,0.2474,0
M02274,restaurants,daily,632,43.51,27495.59,0.00215,0.00179,59,0.2456,0.6051,0,4011.19,3477.83,0.0696,0
M02275,healthcare,daily,1408,159.93,225184.81,0.0002,0.00028,83,0.2308,0.7931,0,20927.42,16630.01,0.0141,0
M02276,grocery,daily,1434,37.5,53774.31,0.00121,0.00187,24,0.1345,0.6085,0,5005.97,4333.9,0.0385,0
M02277,digital_services,daily,1874,127.8,239497.12,0.01467,0.01955,74,0.2045,0.5129,0,17469.88,15767.33,0.9999,1
M02278,fuel,daily,877,36.85,32315.37,0.00511,0.00412,88,0.2409,0.866,0,5011.61,3841.83,0.273,1
M02279,healthcare,daily,1253,175.84,220330.24,0.00624,0.01115,125,0.2133,0.5572,0,15371.48,13611.15,0.9075,1
M02280,digital_services,twice_weekly,888,31.59,28049.05,0.01391,0.01593,13,0.2467,0.6397,0,4896.26,4559.97,0.9994,1
M02281,travel,daily,1827,449.44,821125.11,0.02552,0.02624,67,0.3711,0.9588,0,62472.54,45658.7,1.0,1
M02282,fuel,weekly,1584,45.25,71668.51,0.00284,0.00302,15,0.3648,0.8773,0,9585.67,8635.09,0.1113,0
M02283,retail,weekly,472,101.01,47677.02,0.0089,0.01145,121,0.0338,0.9377,0,3583.9,3129.91,0.9335,1
M02284,marketplace,twice_weekly,1335,47.5,63417.8,0.00887,0.01235,4,0.2669,0.7166,0,4381.28,3938.94,0.9799,1
M02285,fuel,weekly,6085,45.77,278489.41,0.00375,0.00588,129,0.0426,1.0759,0,28231.83,22881.43,0.162,0
M02286,grocery,weekly,489,53.78,26296.33,0.00195,0.00207,208,0.4135,0.7907,0,2910.39,2736.46,0.0661,0
M02287,healthcare,daily,2319,140.36,325498.36,0.00131,0.00123,88,0.2066,0.9101,0,38901.24,29161.43,0.026,0
M02288,restaurants,twice_weekly,1048,33.31,34906.05,0.00512,0.00845,0,0.0954,0.9181,0,2623.39,2136.44,0.5449,1
M02289,fuel,daily,343,65.61,22503.86,0.00231,0.00366,97,0.17,0.9658,0,3375.36,2457.8,0.0643,0
M02290,retail,twice_weekly,2267,76.13,172596.69,0.00858,0.00721,5,0.1352,0.8233,0,27865.53,23802.96,0.8404,1
M02291,electronics,daily,3684,323.46,1191623.7,0.02192,0.03299,240,0.0449,0.7054,1,109730.45,90903.43,1.0,1
M02292,marketplace,daily,924,64.25,59368.03,0.00754,0.00781,33,0.1178,0.7654,0,10650.09,8576.57,0.8102,1
M02293,digital_services,daily,2283,89.82,205061.16,0.01689,0.01797,80,0.1679,0.7382,1,13389.49,10923.25,1.0,1
M02294,retail,weekly,2463,115.38,284188.41,0.00858,0.01474,205,0.1358,0.6688,0,21269.93,21178.46,0.9857,1
M02295,retail,daily,2253,73.66,165963.96,0.00727,0.00696,61,0.1031,0.7962,0,27535.46,21848.41,0.71,1
M02296,grocery,daily,2215,38.19,84582.0,0.00257,0.00203,12,0.4373,0.9756,0,10941.82,7926.06,0.0718,0
M02297,marketplace,daily,700,68.88,48217.19,0.00402,0.0046,365,0.1347,0.9399,0,3988.71,2944.17,0.1905,0
M02298,grocery,daily,2271,33.85,76868.78,0.00156,0.00177,70,0.0277,0.6071,0,10181.25,8819.61,0.0357,0
M02299,grocery,weekly,498,44.14,21982.32,0.00292,0.00242,12,0.2273,0.8933,0,2669.27,2385.09,0.0728,0
M02300,marketplace,twice_weekly,2262,84.92,192078.31,0.021,0.0204,35,0.2179,0.9391,0,17384.53,14004.59,1.0,1
M02301,electronics,daily,868,303.66,263579.16,0.01584,0.02829,270,0.1577,0.6002,0,21149.33,18377.31,1.0,1
M02302,restaurants,daily,389,40.28,15669.71,0.0045,0.00759,224,0.2257,0.7785,0,1792.3,1434.35,0.5002,1
M02303,travel,daily,1048,293.21,307287.17,0.00163,0.00149,25,0.1217,0.8194,0,45023.22,35321.72,0.0443,0
M02304,gaming,daily,318,97.13,30887.75,0.01022,0.01474,0,0.2796,0.6289,0,3381.34,2900.76,0.9965,1
M02305,travel,twice_weekly,3395,258.06,876122.14,0.00651,0.00724,171,0.3545,0.6773,1,136519.03,124989.94,0.9544,1
M02306,retail,twice_weekly,5136,108.25,555972.63,0.0066,0.00515,2,0.1184,0.9339,0,81421.57,65767.99,0.5187,0
M02307,gaming,daily,908,109.7,99604.37,0.01501,0.01075,28,0.2315,0.786,0,10361.07,8261.95,0.9979,1
M02308,travel,twice_weekly,1021,403.7,412179.99,0.02181,0.02773,48,0.3738,0.7571,0,54374.32,47958.3,1.0,1
M02309,digital_services,daily,5573,80.83,450475.9,0.0095,0.01411,37,0.1764,0.7587,1,72368.49,58466.73,0.997,1
M02310,healthcare,daily,727,74.48,54149.31,0.00392,0.00439,104,0.2268,1.0731,0,7244.34,4975.82,0.1469,1
M02311,electronics,daily,460,206.77,95115.61,0.02444,0.02271,110,0.0241,0.5895,0,9810.93,8565.43,1.0,1
M02312,grocery,twice_weekly,1666,32.81,54657.54,0.00222,0.00186,164,0.1321,0.8034,0,9711.42,8376.63,0.0431,0
M02313,retail,daily,3015,53.87,162430.48,0.00334,0.00431,91,0.3006,0.8009,0,25184.47,19937.7,0.2012,0
M02314,fuel,weekly,2350,48.73,114510.84,0.0046,0.00396,6,0.2177,0.564,0,19764.56,20622.39,0.3352,0
M02315,retail,daily,587,101.49,59576.86,0.0052,0.00922,40,0.1612,0.92,0,8434.07,6290.17,0.6309,1
M02316,retail,daily,240,94.97,22792.64,0.00185,0.00232,133,0.1931,0.975,0,3147.28,2280.64,0.0382,0
M02317,fuel,daily,542,73.04,39587.41,0.00259,0.00357,78,0.2829,0.7645,0,6730.25,5422.3,0.1148,0
M02318,restaurants,daily,3123,47.74,149095.69,0.00547,0.00946,43,0.2378,0.6581,0,12761.1,10804.03,0.7833,1
M02319,gaming,daily,3023,79.68,240882.52,0.02636,0.04382,28,0.3117,0.6025,0,17420.92,15122.26,1.0,1
M02320,healthcare,daily,912,145.61,132797.27,0.0049,0.0072,25,0.2873,0.6533,0,12735.2,10805.32,0.6023,1
M02321,grocery,twice_weekly,1566,40.05,62721.64,0.00194,0.00302,75,0.0693,0.9095,0,7221.96,5907.74,0.0411,0
M02322,grocery,daily,2923,45.23,132199.85,0.00217,0.00319,47,0.208,0.8024,0,10356.23,8192.73,0.0716,0
M02323,retail,twice_weekly,3884,97.29,377883.23,0.00231,0.00367,183,0.1242,1.0676,0,64123.44,48194.79,0.0643,0
M02324,grocery,twice_weekly,325,41.44,13468.35,0.00065,0.00096,124,0.0838,0.7392,0,1218.56,1083.97,0.0162,0
M02325,retail,daily,5147,59.7,307252.31,0.00415,0.00652,17,0.1173,0.8753,0,21754.82,16598.73,0.3266,0
M02326,electronics,daily,1387,293.13,406570.5,0.01381,0.02106,11,0.1371,0.599,0,41171.38,35793.8,0.9999,1
M02327,fuel,daily,1337,76.38,102116.59,0.00275,0.00293,65,0.1624,0.8073,0,9118.66,7196.39,0.079,0
M02328,fuel,daily,1595,58.96,94036.61,0.00373,0.00287,102,0.1358,0.7928,0,6502.31,5167.86,0.1122,0
M02329,digital_services,twice_weekly,808,76.07,61462.69,0.00793,0.0135,5,0.2481,0.6606,0,6303.64,5815.28,0.9808,1
M02330,gaming,weekly,2061,114.96,236923.63,0.02535,0.02039,74,0.3987,0.4395,1,22776.93,25055.12,1.0,1
M02331,digital_services,twice_weekly,910,108.09,98359.43,0.01919,0.02022,205,0.2515,0.6381,0,14720.24,13719.22,1.0,1
M02332,retail,daily,2401,92.29,221584.65,0.00931,0.01199,76,0.1731,0.6849,0,33045.58,27636.86,0.9771,1
M02333,restaurants,twice_weekly,2658,51.54,136986.98,0.00111,0.0019,24,0.1497,0.7743,0,22167.04,19391.97,0.0333,0
M02334,grocery,twice_weekly,1708,42.61,72772.11,0.00167,0.00192,181,0.4299,0.9527,0,5429.49,4342.91,0.0453,0
M02335,travel,daily,1452,329.47,478389.65,0.0192,0.0193,189,0.0982,0.6416,0,82813.08,70639.21,1.0,1
M02336,marketplace,weekly,700,64.17,44918.86,0.00842,0.01044,76,0.1987,0.8214,0,3764.95,3487.26,0.9375,1
M02337,healthcare,daily,636,165.9,105511.54,0.00186,0.00326,82,0.1786,0.6628,0,11317.99,9561.85,0.0787,0
M02338,retail,daily,957,69.0,66031.73,0.00423,0.00541,89,0.0624,0.6766,0,7120.1,5977.44,0.2861,0
M02339,digital_services,daily,1730,139.3,240993.82,0.01409,0.02281,50,0.1799,0.6517,1,29207.06,24799.14,1.0,1
M02340,grocery,daily,862,55.61,47935.19,0.00335,0.00364,94,0.047,0.7027,0,5475.05,4541.27,0.1161,0
M02341,fuel,weekly,595,49.95,29722.36,0.00246,0.00415,57,0.3277,0.7297,0,5321.13,5150.77,0.144,0
M02342,grocery,daily,1152,47.47,54686.43,0.00157,0.00138,89,0.2471,0.9384,0,6946.94,5131.8,0.0274,0
M02343,marketplace,daily,623,40.38,25158.65,0.01031,0.01035,101,0.0854,0.7124,0,2740.68,2263.05,0.9706,1
M02344,retail,daily,937,109.4,102504.95,0.00241,0.00396,59,0.02,0.6087,0,11401.77,9869.89,0.1049,0
M02345,marketplace,daily,3399,50.18,170566.77,0.00918,0.01649,3,0.1124,0.887,0,18541.63,14064.12,0.9922,1
M02346,grocery,daily,823,31.88,26237.02,0.00246,0.00191,192,0.4357,0.7309,0,4440.32,3634.94,0.0885,0
M02347,healthcare,daily,1541,191.91,295733.15,0.00191,0.00268,4,0.0496,0.7864,0,17887.28,14260.42,0.0493,0
M02348,restaurants,twice_weekly,569,54.96,31270.79,0.00378,0.0055,23,0.3634,0.7469,0,4453.83,3947.4,0.343,1
M02349,grocery,daily,339,41.54,14081.08,0.00126,0.00091,155,0.0837,1.0464,0,2112.05,1472.37,0.0129,0
M02350,grocery,twice_weekly,2673,49.27,131701.04,0.00257,0.00243,139,0.121,1.256,0,13720.36,9226.8,0.0292,0
M02351,grocery,daily,2291,54.97,125936.05,0.00154,0.00113,7,0.3071,0.9019,0,22066.76,16611.09,0.0329,0
M02352,restaurants,twice_weekly,1885,35.19,66332.52,0.00256,0.00205,115,0.1473,0.9077,0,7724.9,6324.75,0.0486,0
M02353,retail,twice_weekly,484,92.03,44544.4,0.00549,0.00419,41,0.0981,1.1784,0,4674.24,3295.61,0.1844,1
M02354,digital_services,daily,1288,84.15,108386.55,0.01519,0.01634,28,0.1803,0.901,0,18513.35,13942.33,0.9995,1
M02355,travel,daily,730,264.28,192922.56,0.02277,0.03935,28,0.3077,0.7364,0,19822.39,16184.47,1.0,1
M02356,restaurants,weekly,3097,55.49,171846.77,0.00693,0.00697,171,0.1855,0.8973,0,20992.04,18719.41,0.6688,1
M02357,gaming,daily,2448,69.79,170856.76,0.01674,0.02993,98,0.2364,0.6314,0,28182.44,24150.24,1.0,1
M02358,gaming,twice_weekly,1600,129.44,207110.34,0.02741,0.02509,15,0.2392,0.6762,0,20720.45,18980.22,1.0,1
M02359,electronics,daily,1586,251.6,399045.42,0.0225,0.02586,80,0.2585,0.5758,0,42414.39,37252.96,1.0,1
M02360,fuel,daily,1436,50.21,72102.59,0.00272,0.00344,18,0.1544,0.6925,0,11499.26,9583.27,0.1107,0
M02361,restaurants,daily,1235,48.2,59521.32,0.00481,0.00576,86,0.2116,0.8004,1,9430.24,7467.47,0.6501,1
M02362,grocery,weekly,1721,23.69,40762.78,0.00112,0.00159,53,0.2682,0.7181,0,6649.74,6471.85,0.0353,0
M02363,travel,daily,1219,185.21,225769.9,0.02546,0.03778,2,0.339,0.5585,0,26704.34,23633.17,1.0,1
M02364,healthcare,twice_weekly,690,117.34,80965.02,0.0021,0.00205,189,0.1999,0.6291,0,8343.34,7807.65,0.0657,1
M02365,marketplace,twice_weekly,1630,59.16,96434.73,0.0093,0.01569,35,0.1997,1.0286,1,11929.86,9161.9,0.9963,1
M02366,marketplace,daily,780,78.05,60875.83,0.01332,0.02016,25,0.2383,0.5813,0,8792.73,7704.17,0.9998,1
M02367,retail,daily,1181,120.63,142463.24,0.0048,0.00575,58,0.2867,0.8057,0,22032.97,17402.14,0.4248,1
M02368,travel,daily,2306,160.26,369568.6,0.00605,0.01042,26,0.1988,0.5847,0,51554.61,45104.74,0.9112,1
M02369,retail,daily,2050,96.55,197930.97,0.01036,0.01182,126,0.2363,0.4904,0,32793.43,29880.79,0.9901,1
M02370,gaming,twice_weekly,380,122.46,46534.46,0.02233,0.03066,58,0.0996,0.8959,0,6041.65,4976.75,1.0,1
M02371,travel,daily,2058,323.93,666639.96,0.02301,0.04127,35,0.2096,0.777,0,100254.67,80290.87,1.0,1
M02372,retail,daily,1611,89.24,143767.82,0.00905,0.00742,101,0.1752,0.9263,0,12273.15,9123.5,0.8476,1
M02373,retail,twice_weekly,2724,116.2,316536.21,0.00717,0.01143,53,0.42,0.7362,0,36831.53,32809.86,0.9523,1
M02374,retail,twice_weekly,765,54.22,41480.51,0.00288,0.00302,7,0.0862,0.7398,0,5755.93,5118.63,0.0928,0
M02375,retail,daily,2051,86.81,178038.56,0.00536,0.00428,41,0.1114,0.8016,0,30102.44,23823.07,0.3086,0
M02376,fuel,daily,1737,56.58,98279.1,0.00098,0.00106,12,0.4495,0.8755,0,9347.76,7131.76,0.0327,0
M02377,healthcare,daily,1322,154.93,204812.87,0.00448,0.00683,300,0.2984,0.7641,0,18003.78,14507.73,0.4837,0
M02378,digital_services,twice_weekly,1297,134.08,173905.36,0.0119,0.015,101,0.3201,0.728,0,20282.74,18137.25,0.998,1
M02379,grocery,daily,807,34.21,27604.92,0.00158,0.00149,112,0.045,0.6793,0,4481.9,3758.0,0.0298,0
M02380,marketplace,daily,199,62.0,12337.01,0.01716,0.02286,37,0.1289,1.2032,0,1631.5,1038.89,0.9999,1
M02381,restaurants,daily,736,54.25,39929.64,0.004,0.00515,21,0.0907,0.6539,0,5391.85,4573.64,0.2693,0
M02382,retail,twice_weekly,1953,90.12,175994.9,0.00538,0.00462,189,0.3056,0.8131,0,21055.62,18075.84,0.4055,1
M02383,fuel,twice_weekly,2530,66.25,167623.91,0.00447,0.00627,94,0.3099,0.7952,0,23369.9,20238.98,0.4311,0
M02384,grocery,daily,2746,53.4,146635.56,0.00228,0.00187,24,0.351,0.7557,0,16527.98,13372.37,0.0727,0
M02385,grocery,weekly,1402,59.16,82947.59,0.00032,0.00024,103,0.187,0.8237,0,12323.39,11401.71,0.0122,0
M02386,restaurants,weekly,1174,44.28,51981.04,0.00406,0.00471,62,0.0793,0.6644,0,6278.48,6263.97,0.2348,0
M02387,electronics,daily,987,244.86,241672.95,0.01991,0.01929,22,0.0987,0.7561,0,41550.48,33610.03,1.0,1
M02388,grocery,twice_weekly,1106,36.68,40571.6,0.00236,0.00393,99,0.1113,0.6613,0,5146.25,4746.04,0.0997,1
M02389,restaurants,daily,1048,31.31,32814.43,0.0072,0.01024,112,0.1728,0.5797,0,2281.55,2000.52,0.9078,1
M02390,grocery,weekly,379,32.12,12172.33,0.00227,0.00282,44,0.1283,1.0511,0,1454.83,1195.5,0.0392,0
M02391,digital_services,daily,869,84.14,73114.04,0.01155,0.01185,79,0.2682,0.8458,0,8700.38,6737.39,0.991,1
M02392,restaurants,daily,910,56.26,51192.66,0.0054,0.00953,33,0.1419,1.0954,0,7073.42,4797.78,0.5975,1
M02393,retail,daily,1442,95.28,137395.96,0.00384,0.00424,146,0.5758,0.8471,0,15682.65,12136.1,0.3133,0
M02394,grocery,daily,2195,41.21,90447.75,0.00232,0.00165,60,0.1438,0.9056,0,8801.59,6612.91,0.0366,0
M02395,digital_services,twice_weekly,2109,126.85,267524.06,0.01539,0.01832,299,0.1015,0.9379,0,18063.77,14561.2,0.9997,1
M02396,electronics,daily,1353,192.8,260852.12,0.024,0.02046,85,0.2664,1.1036,0,17533.5,11836.8,1.0,1
M02397,retail,daily,741,46.22,34247.73,0.00521,0.00505,28,0.2205,0.788,0,5977.97,4762.1,0.387,1
M02398,fuel,daily,565,45.63,25780.12,0.00369,0.00549,105,0.336,0.5787,0,2202.17,1931.77,0.3641,0
M02399,grocery,weekly,562,44.62,25074.14,0.00221,0.00223,19,0.0971,0.8616,0,1619.81,1470.73,0.042,0
M02400,digital_services,twice_weekly,569,115.19,65542.55,0.02384,0.04145,123,0.2867,0.7074,0,10537.93,9514.65,1.0,1
M02401,digital_services,daily,821,103.55,85011.99,0.00708,0.01093,24,0.1712,0.7832,0,14765.51,11790.04,0.9151,1
M02402,restaurants,daily,3775,42.88,161885.13,0.00225,0.00268,73,0.0415,0.5986,0,21715.44,18882.59,0.0719,0
M02403,restaurants,daily,16011,48.69,779589.04,0.0002,0.00026,7,0.2434,0.6873,0,68607.49,57313.06,0.0216,0
M02404,healthcare,weekly,653,139.29,90958.89,0.00258,0.00369,13,0.1237,0.8286,0,8705.63,8035.07,0.0897,0
M02405,restaurants,twice_weekly,510,48.65,24811.6,0.00382,0.00489,28,0.3358,0.5903,0,2718.19,2587.97,0.344,1
M02406,retail,daily,4701,97.99,460668.52,0.00811,0.0058,72,0.2888,0.9205,0,42885.87,31975.29,0.7462,1
M02407,digital_services,weekly,464,112.01,51971.53,0.00905,0.01522,30,0.1168,0.408,0,8242.71,9185.16,0.9941,1
M02408,retail,daily,142,102.44,14547.17,0.0086,0.00815,58,0.252,0.8762,0,1018.66,776.89,0.8736,1
M02409,retail,twice_weekly,740,89.41,66165.86,0.00771,0.01055,75,0.5138,0.6553,0,7384.63,6829.21,0.959,1
M02410,electronics,daily,944,288.1,271969.21,0.01227,0.01682,67,0.1391,0.4226,0,19919.53,18670.86,0.9992,1
M02411,marketplace,daily,512,90.04,46102.59,0.0078,0.01147,54,0.5361,0.7016,0,7438.61,6173.04,0.9726,1
M02412,electronics,daily,381,295.74,112677.21,0.01437,0.02316,35,0.346,0.8124,1,13561.45,10675.9,1.0,1
M02413,travel,daily,1355,305.42,413837.45,0.01822,0.02068,54,0.433,0.7104,0,71198.28,58844.58,1.0,1
M02414,gaming,weekly,379,127.02,48139.77,0.00634,0.00842,147,0.1451,0.7414,0,5264.24,5067.62,0.8024,1
M02415,gaming,daily,664,90.49,60084.15,0.02577,0.04514,97,0.4135,0.7729,0,4162.87,3340.35,1.0,1
M02416,grocery,twice_weekly,2069,42.12,87142.1,0.00203,0.00148,18,0.0865,0.888,0,10776.01,8912.16,0.0299,0
M02417,retail,twice_weekly,1379,98.05,135211.57,0.00592,0.00488,7,0.2486,0.7692,0,20687.75,18141.75,0.4955,0
M02418,gaming,twice_weekly,2797,113.82,318360.26,0.02052,0.02382,0,0.3311,0.7524,1,56357.15,49818.85,1.0,1
M02419,grocery,weekly,1768,38.16,67470.87,0.00388,0.00633,35,0.1807,1.0044,0,9347.54,7880.12,0.2409,0
M02420,electronics,daily,1439,260.49,374850.79,0.01986,0.03403,50,0.3648,0.8493,0,29209.77,22579.83,1.0,1
M02421,grocery,daily,284,61.61,17496.17,0.00105,0.00134,144,0.1346,0.9093,0,1135.47,851.53,0.0182,0
M02422,fuel,daily,650,46.59,30284.19,0.00348,0.00425,126,0.4032,0.8227,0,4922.0,3855.23,0.2124,0
M02423,restaurants,daily,830,34.32,28482.13,0.0062,0.00832,123,0.5226,0.7727,0,3564.37,2860.4,0.8244,1
M02424,grocery,weekly,1203,35.76,43020.38,0.00288,0.00483,14,0.3132,0.9466,0,4577.71,3979.45,0.1516,0
M02425,healthcare,daily,734,178.34,130902.04,0.002,0.00256,60,0.2543,1.031,0,16086.95,11310.14,0.0446,0
M02426,marketplace,daily,2732,108.38,296094.24,0.00327,0.00235,32,0.0225,0.9177,1,45633.35,34074.09,0.1926,0
M02427,grocery,daily,887,12.7,11261.4,0.00193,0.00276,80,0.1103,0.6403,0,772.55,659.35,0.06,0
M02428,marketplace,daily,3558,112.26,399422.08,0.00955,0.00788,30,0.0882,0.9185,0,36313.79,27103.95,0.8963,1
M02429,digital_services,twice_weekly,6386,72.46,462707.22,0.0237,0.02039,82,0.2996,0.833,0,59533.98,50612.7,1.0,1
M02430,restaurants,daily,467,51.55,24071.79,0.00612,0.01087,23,0.1977,0.7005,1,2732.54,2268.83,0.9522,1
M02431,restaurants,twice_weekly,2613,48.56,126882.96,0.00436,0.00596,0,0.1088,0.9899,0,15632.03,12259.38,0.2672,1
M02432,marketplace,twice_weekly,2276,70.93,161426.81,0.0077,0.00694,33,0.1766,0.6268,0,15381.89,14408.57,0.8307,1
M02433,digital_services,twice_weekly,2880,93.21,268439.64,0.01578,0.02679,150,0.2445,1.0852,0,45617.69,33949.98,1.0,1
M02434,retail,daily,6129,99.03,606973.34,0.0074,0.01276,1,0.1039,0.5089,0,97259.26,87929.03,0.9738,1
M02435,marketplace,twice_weekly,1504,87.02,130871.23,0.01513,0.01325,160,0.2675,0.6763,0,18573.88,17012.7,0.9991,1
M02436,electronics,daily,726,379.37,275425.49,0.01254,0.01289,94,0.0727,0.7733,0,32377.11,25975.79,0.9951,1
M02437,digital_services,daily,11470,105.9,1214650.88,0.0181,0.02904,81,0.2918,0.8548,0,202176.99,155862.19,1.0,1
M02438,marketplace,twice_weekly,777,65.82,51142.64,0.01827,0.02568,1,0.1246,0.8795,1,3078.77,2557.27,1.0,1
M02439,travel,twice_weekly,339,248.41,84209.36,0.02399,0.04312,47,0.2308,0.9275,0,11734.05,9509.99,1.0,1
M02440,restaurants,daily,396,45.28,17929.05,0.00497,0.00843,37,0.1799,0.8639,0,2843.37,2181.95,0.5676,1
M02441,electronics,weekly,2021,286.9,579820.67,0.0211,0.03557,17,0.241,0.4129,0,62660.12,69685.25,1.0,1
M02442,fuel,daily,811,64.52,52328.54,0.00106,0.00155,47,0.0767,0.7341,0,5152.81,4211.8,0.024,0
M02443,fuel,twice_weekly,1877,83.52,156759.61,0.00252,0.00414,21,0.2394,1.0347,0,25780.84,19733.54,0.0904,0
M02444,gaming,weekly,3101,112.76,349666.53,0.03287,0.05686,6,0.3157,0.844,0,35002.87,32061.63,1.0,1
M02445,gaming,daily,1086,102.49,111309.5,0.0414,0.04717,110,0.3582,0.6978,0,19430.28,16153.06,1.0,1
M02446,digital_services,twice_weekly,3351,91.66,307145.67,0.0181,0.02352,16,0.259,0.3975,0,19025.93,19654.56,1.0,1
M02447,grocery,twice_weekly,644,29.48,18987.5,0.00247,0.00218,11,0.088,0.626,0,1434.93,1344.66,0.066,0
M02448,retail,twice_weekly,1901,111.89,212699.36,0.00392,0.00559,7,0.6504,0.6865,0,33281.95,30342.69,0.5532,1
M02449,digital_services,twice_weekly,1427,84.18,120119.74,0.00631,0.00951,6,0.1032,0.6723,0,20565.48,18871.28,0.845,0
M02450,digital_services,twice_weekly,708,115.09,81485.48,0.01651,0.02203,0,0.3046,0.6746,0,11909.46,10916.93,1.0,1
M02451,marketplace,daily,819,40.09,32831.36,0.00957,0.00805,238,0.1554,0.8806,0,4812.1,3661.86,0.9079,1
M02452,marketplace,twice_weekly,1443,103.63,149534.12,0.01065,0.01439,23,0.2377,0.4882,0,11481.6,11423.45,0.9965,1
M02453,digital_services,daily,293,97.66,28613.41,0.01059,0.01112,56,0.1645,0.8362,0,3119.06,2426.84,0.9792,1
M02454,restaurants,weekly,6992,24.98,174660.37,0.0048,0.0053,244,0.1247,0.9036,0,22077.49,19623.44,0.2881,0
M02455,digital_services,daily,318,60.48,19233.23,0.01037,0.01406,152,0.0532,0.3776,0,2829.25,2700.83,0.9947,1
M02456,gaming,daily,750,115.18,86383.73,0.00805,0.00897,30,0.153,0.539,0,13464.03,12016.58,0.9389,1
M02457,digital_services,weekly,2400,96.91,232582.84,0.01943,0.02105,21,0.1852,0.7303,0,32895.07,31832.48,1.0,1
M02458,grocery,daily,247,51.97,12836.67,0.0015,0.00238,66,0.3669,1.011,0,957.45,680.53,0.0392,0
M02459,retail,daily,751,61.34,46069.25,0.00644,0.00569,47,0.26,0.8234,0,6886.34,5392.01,0.5729,1
M02460,gaming,twice_weekly,907,96.4,87430.76,0.01252,0.01304,57,0.1449,0.6479,0,7696.27,7141.23,0.9971,1
M02461,healthcare,daily,2591,134.17,347627.67,0.00234,0.00193,55,0.2994,0.7597,1,53098.83,42878.15,0.2022,0
M02462,marketplace,daily,697,53.8,37501.79,0.01222,0.01305,23,0.0652,0.8642,0,4148.81,3183.26,0.9932,1
M02463,grocery,daily,3789,41.0,155355.08,0.00163,0.00274,15,0.3974,0.6726,0,14179.91,11926.13,0.0884,0
M02464,digital_services,daily,2825,48.28,136397.07,0.0161,0.0281,16,0.3181,0.6151,0,13901.94,11999.72,1.0,1
M02465,fuel,daily,890,56.85,50600.51,0.00252,0.00336,8,0.3792,0.6046,0,4364.73,3785.25,0.1603,0
M02466,marketplace,daily,1450,40.56,58816.08,0.00674,0.00959,182,0.3864,0.6351,0,3621.83,3098.42,0.9099,1
M02467,restaurants,daily,785,50.0,39253.88,0.00341,0.00494,64,0.1096,0.8888,0,5404.67,4095.7,0.1528,1
M02468,digital_services,daily,722,95.37,68855.9,0.01552,0.0197,91,0.4681,0.8477,0,11574.18,8954.39,0.9999,1
M02469,digital_services,daily,1531,57.04,87324.88,0.00258,0.00425,251,0.0342,0.5978,0,11589.33,10081.09,0.1452,0
M02470,retail,twice_weekly,2068,91.55,189317.8,0.00524,0.00421,282,0.4629,0.9512,0,31225.83,24996.03,0.3814,1
M02471,travel,twice_weekly,418,335.58,140274.15,0.02376,0.02068,0,0.1281,0.4037,0,9825.12,10124.28,1.0,1
M02472,healthcare,daily,1137,93.03,105775.29,0.00192,0.00302,56,0.2986,0.5454,0,17742.38,15791.36,0.1111,1
M02473,marketplace,daily,602,96.59,58148.09,0.00676,0.00738,9,0.1474,0.9471,0,5592.42,4112.54,0.6798,1
M02474,gaming,weekly,1053,124.55,131153.13,0.02424,0.01997,197,0.0726,0.6469,0,13896.97,13975.93,1.0,1
M02475,retail,twice_weekly,1839,129.51,238162.44,0.00638,0.00489,79,0.1325,0.6474,0,33779.12,31349.43,0.541,0
M02476,grocery,daily,3321,44.57,148026.12,0.00091,0.00074,125,0.0749,0.7558,0,17439.83,14109.45,0.0171,0
M02477,fuel,daily,4699,56.26,264369.68,0.00311,0.00376,23,0.3301,0.6155,0,39706.89,34268.95,0.2178,0
M02478,fuel,daily,1328,56.36,74850.54,0.00451,0.00676,4,0.3085,1.0899,0,9804.9,6671.31,0.3642,0
M02479,retail,twice_weekly,951,85.9,81690.02,0.00711,0.00992,135,0.1076,0.9386,0,10054.65,8102.11,0.8178,1
M02480,electronics,weekly,1939,380.52,737819.26,0.01304,0.02233,91,0.1098,0.8849,0,129187.26,115928.88,0.9998,1
M02481,gaming,weekly,1259,116.43,146590.24,0.0002,0.0002,211,0.0834,0.6574,0,24646.81,24668.4,0.0201,0
M02482,retail,daily,928,59.71,55411.79,0.00478,0.00394,41,0.1559,0.8842,0,5405.94,4106.24,0.2131,0
M02483,grocery,daily,2705,19.96,54003.82,0.00185,0.00245,177,0.086,0.7141,0,8360.84,6898.23,0.0462,0
M02484,retail,daily,1584,128.75,203942.54,0.0041,0.00538,129,0.0673,0.7101,0,28858.77,23854.51,0.2785,1
M02485,restaurants,daily,3518,36.9,129807.82,0.0002,0.00016,91,0.2767,0.8282,0,11515.58,8995.26,0.0138,0
M02486,retail,daily,1621,122.05,197850.28,0.00701,0.01058,20,0.1962,0.9535,0,34548.87,25320.33,0.8712,1
M02487,restaurants,twice_weekly,409,46.35,18958.93,0.00033,0.00046,37,0.0627,0.7239,0,2059.43,1845.15,0.0126,0
M02488,restaurants,daily,2710,52.37,141925.45,0.00472,0.00491,12,0.4177,0.5615,0,19032.1,16820.7,0.5136,1
M02489,grocery,weekly,1956,43.49,85065.27,0.00221,0.00234,29,0.3912,0.764,0,10312.45,9821.43,0.0838,0
M02490,digital_services,daily,1572,96.77,152129.02,0.00836,0.01378,25,0.2935,0.6227,0,24671.21,21223.46,0.9876,1
M02491,electronics,daily,3562,219.95,783465.44,0.00973,0.00921,12,0.2713,1.1704,0,71142.19,46200.68,0.9384,1
M02492,retail,weekly,897,105.36,94508.66,0.0087,0.01382,15,0.2637,0.9044,0,16067.85,14276.27,0.9796,1
M02493,grocery,twice_weekly,1087,28.82,31330.43,0.0006,0.00049,211,0.2652,0.8318,0,4510.3,3836.67,0.0165,0
M02494,healthcare,daily,764,48.55,37088.92,0.00533,0.00478,6,0.3946,0.8479,0,5138.92,3975.26,0.4315,1
M02495,healthcare,twice_weekly,711,191.43,136103.48,0.00123,0.00179,28,0.1187,0.9333,0,10287.07,8311.97,0.0233,0
M02496,gaming,daily,417,149.69,62418.74,0.01757,0.01669,38,0.1821,0.8561,0,4155.36,3201.25,0.9999,1
M02497,digital_services,daily,4816,75.68,364462.87,0.02384,0.01739,12,0.4304,0.9538,0,34400.02,25207.39,1.0,1
M02498,fuel,daily,1724,46.36,79929.75,0.00499,0.00787,37,0.2334,0.5994,0,12889.11,11203.49,0.6487,1
M02499,restaurants,daily,349,44.66,15587.28,0.0037,0.00347,76,0.1881,0.6732,0,1958.21,1646.53,0.1714,0
M02500,gaming,twice_weekly,229,150.56,34479.23,0.02992,0.04888,27,0.2858,0.6896,0,4165.15,3791.83,1.0,1
